1.000000000000000000e+00 0.000000000000000000e+00 8.874627010740146482e-02 6.341674685328279049e-01 2.753857219225348540e-01 1.700539437235748736e-03 0.000000000000000000e+00 0.000000000000000000e+00 0.000000000000000000e+00 0.000000000000000000e+00
1.000000000000000000e+00 0.000000000000000000e+00 3.599999999999999728e-02 5.386666666666666270e-01 4.093333333333333268e-01 1.600000000000000033e-02 0.000000000000000000e+00 0.000000000000000000e+00 0.000000000000000000e+00 0.000000000000000000e+00
1.000000000000000000e+00 4.160000000000000364e-01 4.906666666666666954e-01 8.533333333333333048e-02 0.000000000000000000e+00 0.000000000000000000e+00 0.000000000000000000e+00 0.000000000000000000e+00 0.000000000000000000e+00 1.000000000000000000e+00
1.000000000000000000e+00 1.000145793847499465e-01 5.731885114448169727e-01 3.237595373475238847e-01 3.037371822909073430e-03 0.000000000000000000e+00 0.000000000000000000e+00 0.000000000000000000e+00 1.000000000000000000e+00 0.000000000000000000e+00
1.000000000000000000e+00 1.700539437235748736e-03 2.753857219225348540e-01 6.341674685328279049e-01 8.874627010740146482e-02 0.000000000000000000e+00 0.000000000000000000e+00 1.000000000000000000e+00 0.000000000000000000e+00 1.000000000000000000e+00
1.000000000000000000e+00 0.000000000000000000e+00 9.846527676532049883e-03 4.077088010885940861e-01 5.255524128881761126e-01 5.689225834669777576e-02 0.000000000000000000e+00 0.000000000000000000e+00 0.000000000000000000e+00 0.000000000000000000e+00
1.000000000000000000e+00 8.001166350779997591e-04 2.493426641395733168e-01 6.465494484132769948e-01 1.033077708120717364e-01 0.000000000000000000e+00 0.000000000000000000e+00 1.000000000000000000e+00 0.000000000000000000e+00 0.000000000000000000e+00
1.000000000000000000e+00 6.298294211984254928e-05 2.000931136706031177e-01 6.628037128833162983e-01 1.370401905039607127e-01 0.000000000000000000e+00 0.000000000000000000e+00 1.000000000000000000e+00 0.000000000000000000e+00 0.000000000000000000e+00
1.000000000000000000e+00 0.000000000000000000e+00 1.193808621276182119e-01 6.561695096466928501e-01 2.241580405306896340e-01 2.915876949992710228e-04 0.000000000000000000e+00 0.000000000000000000e+00 0.000000000000000000e+00 0.000000000000000000e+00
1.000000000000000000e+00 0.000000000000000000e+00 5.338484715944986220e-02 5.826894105068765040e-01 3.560528745686931673e-01 7.872867764980317346e-03 0.000000000000000000e+00 1.000000000000000000e+00 0.000000000000000000e+00 0.000000000000000000e+00
1.000000000000000000e+00 0.000000000000000000e+00 1.943917966661806786e-07 1.719846430480633515e-01 5.858270884968654890e-01 2.421880740632745554e-01 0.000000000000000000e+00 1.000000000000000000e+00 0.000000000000000000e+00 0.000000000000000000e+00
1.000000000000000000e+00 2.125674296544685649e-01 5.931136706031004957e-01 1.942946007678476028e-01 2.429897458327258072e-05 0.000000000000000000e+00 0.000000000000000000e+00 1.000000000000000000e+00 1.000000000000000000e+00 0.000000000000000000e+00
1.000000000000000000e+00 0.000000000000000000e+00 3.599999999999999728e-02 5.386666666666666270e-01 4.093333333333333268e-01 1.600000000000000033e-02 0.000000000000000000e+00 1.000000000000000000e+00 0.000000000000000000e+00 0.000000000000000000e+00
1.000000000000000000e+00 0.000000000000000000e+00 1.771395247120571489e-02 4.625552801671769521e-01 4.832823054867084744e-01 3.644846187490887596e-02 0.000000000000000000e+00 0.000000000000000000e+00 0.000000000000000000e+00 0.000000000000000000e+00
1.000000000000000000e+00 1.146056276425134850e-02 3.829170433007727525e-01 5.614991495358896412e-01 4.412324439908635321e-02 0.000000000000000000e+00 0.000000000000000000e+00 1.000000000000000000e+00 0.000000000000000000e+00 0.000000000000000000e+00
1.000000000000000000e+00 0.000000000000000000e+00 2.429897458327258072e-05 1.942946007678476028e-01 5.931136706031004957e-01 2.125674296544685649e-01 0.000000000000000000e+00 0.000000000000000000e+00 0.000000000000000000e+00 0.000000000000000000e+00
1.000000000000000000e+00 0.000000000000000000e+00 9.846527676532049883e-03 4.077088010885940861e-01 5.255524128881761126e-01 5.689225834669777576e-02 0.000000000000000000e+00 0.000000000000000000e+00 0.000000000000000000e+00 0.000000000000000000e+00
1.000000000000000000e+00 0.000000000000000000e+00 2.894046751227098008e-02 5.144159012489673000e-01 4.350404820916556892e-01 2.160314914710598916e-02 0.000000000000000000e+00 1.000000000000000000e+00 0.000000000000000000e+00 0.000000000000000000e+00
1.000000000000000000e+00 0.000000000000000000e+00 1.033077708120717364e-01 6.465494484132769948e-01 2.493426641395733168e-01 8.001166350779997591e-04 0.000000000000000000e+00 1.000000000000000000e+00 0.000000000000000000e+00 0.000000000000000000e+00
1.000000000000000000e+00 0.000000000000000000e+00 1.771395247120571489e-02 4.625552801671769521e-01 4.832823054867084744e-01 3.644846187490887596e-02 0.000000000000000000e+00 1.000000000000000000e+00 0.000000000000000000e+00 0.000000000000000000e+00
1.000000000000000000e+00 3.104825776352238432e-03 3.020259513048549338e-01 6.192475093551051968e-01 7.562171356368760367e-02 0.000000000000000000e+00 0.000000000000000000e+00 0.000000000000000000e+00 0.000000000000000000e+00 0.000000000000000000e+00
1.000000000000000000e+00 2.915876949992710228e-04 2.241580405306896340e-01 6.561695096466928501e-01 1.193808621276182119e-01 0.000000000000000000e+00 0.000000000000000000e+00 0.000000000000000000e+00 0.000000000000000000e+00 0.000000000000000000e+00
1.000000000000000000e+00 0.000000000000000000e+00 3.037371822909073430e-03 3.237595373475238847e-01 5.731885114448169727e-01 1.000145793847499465e-01 0.000000000000000000e+00 1.000000000000000000e+00 0.000000000000000000e+00 0.000000000000000000e+00
1.000000000000000000e+00 2.160314914710598916e-02 4.350404820916556892e-01 5.144159012489673000e-01 2.894046751227098008e-02 0.000000000000000000e+00 0.000000000000000000e+00 1.000000000000000000e+00 0.000000000000000000e+00 1.000000000000000000e+00
1.000000000000000000e+00 0.000000000000000000e+00 4.741021528891480735e-03 3.516679788112941907e-01 5.597607036983038853e-01 8.383029596151041207e-02 0.000000000000000000e+00 0.000000000000000000e+00 0.000000000000000000e+00 0.000000000000000000e+00
1.000000000000000000e+00 0.000000000000000000e+00 5.338484715944986220e-02 5.826894105068765040e-01 3.560528745686931673e-01 7.872867764980317346e-03 0.000000000000000000e+00 1.000000000000000000e+00 0.000000000000000000e+00 0.000000000000000000e+00
1.000000000000000000e+00 6.298294211984254928e-05 2.000931136706031177e-01 6.628037128833162983e-01 1.370401905039607127e-01 0.000000000000000000e+00 0.000000000000000000e+00 1.000000000000000000e+00 0.000000000000000000e+00 0.000000000000000000e+00
1.000000000000000000e+00 0.000000000000000000e+00 1.339767701802983824e-02 4.353933032026047756e-01 5.052944549740000513e-01 4.591456480536521001e-02 0.000000000000000000e+00 0.000000000000000000e+00 0.000000000000000000e+00 0.000000000000000000e+00
1.000000000000000000e+00 6.298294211984254928e-05 2.000931136706031177e-01 6.628037128833162983e-01 1.370401905039607127e-01 0.000000000000000000e+00 0.000000000000000000e+00 1.000000000000000000e+00 0.000000000000000000e+00 0.000000000000000000e+00
1.000000000000000000e+00 0.000000000000000000e+00 1.771395247120571489e-02 4.625552801671769521e-01 4.832823054867084744e-01 3.644846187490887596e-02 0.000000000000000000e+00 1.000000000000000000e+00 0.000000000000000000e+00 1.000000000000000000e+00
1.000000000000000000e+00 0.000000000000000000e+00 1.771395247120571489e-02 4.625552801671769521e-01 4.832823054867084744e-01 3.644846187490887596e-02 0.000000000000000000e+00 1.000000000000000000e+00 0.000000000000000000e+00 0.000000000000000000e+00
1.000000000000000000e+00 0.000000000000000000e+00 1.771395247120571489e-02 4.625552801671769521e-01 4.832823054867084744e-01 3.644846187490887596e-02 0.000000000000000000e+00 0.000000000000000000e+00 0.000000000000000000e+00 0.000000000000000000e+00
1.000000000000000000e+00 0.000000000000000000e+00 1.370401905039607127e-01 6.628037128833162983e-01 2.000931136706031177e-01 6.298294211984254928e-05 0.000000000000000000e+00 0.000000000000000000e+00 0.000000000000000000e+00 0.000000000000000000e+00
1.000000000000000000e+00 0.000000000000000000e+00 2.287000048597948379e-02 4.889707926325508325e-01 4.597772270010205276e-01 2.838197988044904516e-02 0.000000000000000000e+00 0.000000000000000000e+00 0.000000000000000000e+00 0.000000000000000000e+00
1.000000000000000000e+00 0.000000000000000000e+00 5.338484715944986220e-02 5.826894105068765040e-01 3.560528745686931673e-01 7.872867764980317346e-03 0.000000000000000000e+00 0.000000000000000000e+00 0.000000000000000000e+00 0.000000000000000000e+00
1.000000000000000000e+00 0.000000000000000000e+00 1.370401905039607127e-01 6.628037128833162983e-01 2.000931136706031177e-01 6.298294211984254928e-05 0.000000000000000000e+00 0.000000000000000000e+00 0.000000000000000000e+00 0.000000000000000000e+00
1.000000000000000000e+00 0.000000000000000000e+00 1.771395247120571489e-02 4.625552801671769521e-01 4.832823054867084744e-01 3.644846187490887596e-02 0.000000000000000000e+00 1.000000000000000000e+00 0.000000000000000000e+00 0.000000000000000000e+00
1.000000000000000000e+00 0.000000000000000000e+00 6.385945473101035941e-02 6.020135102298682650e-01 3.290020897118141607e-01 5.124945327307188839e-03 0.000000000000000000e+00 0.000000000000000000e+00 1.000000000000000000e+00 0.000000000000000000e+00
1.000000000000000000e+00 4.989088788453127643e-01 8.095407493803762067e-02 2.687272197113281958e-03 0.000000000000000000e+00 0.000000000000000000e+00 0.000000000000000000e+00 1.000000000000000000e+00 0.000000000000000000e+00 1.000000000000000000e+00
1.000000000000000000e+00 8.001166350779997591e-04 2.493426641395733168e-01 6.465494484132769948e-01 1.033077708120717364e-01 0.000000000000000000e+00 0.000000000000000000e+00 0.000000000000000000e+00 0.000000000000000000e+00 0.000000000000000000e+00
1.000000000000000000e+00 3.104825776352238432e-03 3.020259513048549338e-01 6.192475093551051968e-01 7.562171356368760367e-02 0.000000000000000000e+00 0.000000000000000000e+00 1.000000000000000000e+00 0.000000000000000000e+00 1.000000000000000000e+00
1.000000000000000000e+00 8.001166350779997591e-04 2.493426641395733168e-01 6.465494484132769948e-01 1.033077708120717364e-01 0.000000000000000000e+00 0.000000000000000000e+00 0.000000000000000000e+00 0.000000000000000000e+00 0.000000000000000000e+00
1.000000000000000000e+00 0.000000000000000000e+00 4.412324439908635321e-02 5.614991495358896412e-01 3.829170433007727525e-01 1.146056276425134850e-02 0.000000000000000000e+00 1.000000000000000000e+00 0.000000000000000000e+00 0.000000000000000000e+00
1.000000000000000000e+00 2.160314914710598916e-02 4.350404820916556892e-01 5.144159012489673000e-01 2.894046751227098008e-02 0.000000000000000000e+00 0.000000000000000000e+00 1.000000000000000000e+00 1.000000000000000000e+00 0.000000000000000000e+00
1.000000000000000000e+00 0.000000000000000000e+00 6.385945473101035941e-02 6.020135102298682650e-01 3.290020897118141607e-01 5.124945327307188839e-03 0.000000000000000000e+00 1.000000000000000000e+00 0.000000000000000000e+00 0.000000000000000000e+00
1.000000000000000000e+00 0.000000000000000000e+00 6.385945473101035941e-02 6.020135102298682650e-01 3.290020897118141607e-01 5.124945327307188839e-03 0.000000000000000000e+00 0.000000000000000000e+00 0.000000000000000000e+00 0.000000000000000000e+00
1.000000000000000000e+00 0.000000000000000000e+00 8.874627010740146482e-02 6.341674685328279049e-01 2.753857219225348540e-01 1.700539437235748736e-03 0.000000000000000000e+00 0.000000000000000000e+00 0.000000000000000000e+00 0.000000000000000000e+00
1.000000000000000000e+00 0.000000000000000000e+00 1.800262428925499241e-03 2.962243281333528100e-01 5.838170773193371854e-01 1.181583321183845986e-01 0.000000000000000000e+00 1.000000000000000000e+00 0.000000000000000000e+00 0.000000000000000000e+00
1.000000000000000000e+00 0.000000000000000000e+00 1.033077708120717364e-01 6.465494484132769948e-01 2.493426641395733168e-01 8.001166350779997591e-04 0.000000000000000000e+00 0.000000000000000000e+00 0.000000000000000000e+00 0.000000000000000000e+00
1.000000000000000000e+00 0.000000000000000000e+00 8.874627010740146482e-02 6.341674685328279049e-01 2.753857219225348540e-01 1.700539437235748736e-03 0.000000000000000000e+00 1.000000000000000000e+00 0.000000000000000000e+00 0.000000000000000000e+00
1.000000000000000000e+00 0.000000000000000000e+00 7.562171356368760367e-02 6.192475093551051968e-01 3.020259513048549338e-01 3.104825776352238432e-03 0.000000000000000000e+00 1.000000000000000000e+00 0.000000000000000000e+00 0.000000000000000000e+00
1.000000000000000000e+00 0.000000000000000000e+00 5.338484715944986220e-02 5.826894105068765040e-01 3.560528745686931673e-01 7.872867764980317346e-03 0.000000000000000000e+00 0.000000000000000000e+00 0.000000000000000000e+00 0.000000000000000000e+00
1.000000000000000000e+00 0.000000000000000000e+00 9.846527676532049883e-03 4.077088010885940861e-01 5.255524128881761126e-01 5.689225834669777576e-02 0.000000000000000000e+00 0.000000000000000000e+00 0.000000000000000000e+00 0.000000000000000000e+00
1.000000000000000000e+00 0.000000000000000000e+00 1.193808621276182119e-01 6.561695096466928501e-01 2.241580405306896340e-01 2.915876949992710228e-04 0.000000000000000000e+00 0.000000000000000000e+00 0.000000000000000000e+00 0.000000000000000000e+00
1.000000000000000000e+00 2.332701559994168037e-06 1.774091461340331632e-01 6.662281187733877230e-01 1.563604023910190877e-01 0.000000000000000000e+00 0.000000000000000000e+00 1.000000000000000000e+00 0.000000000000000000e+00 1.000000000000000000e+00
1.000000000000000000e+00 2.915876949992710228e-04 2.241580405306896340e-01 6.561695096466928501e-01 1.193808621276182119e-01 0.000000000000000000e+00 0.000000000000000000e+00 0.000000000000000000e+00 0.000000000000000000e+00 0.000000000000000000e+00
1.000000000000000000e+00 1.607721242163580588e-01 5.956314331535209616e-01 2.431693638528454326e-01 4.270787772755990338e-04 0.000000000000000000e+00 0.000000000000000000e+00 1.000000000000000000e+00 1.000000000000000000e+00 0.000000000000000000e+00
1.000000000000000000e+00 0.000000000000000000e+00 1.339767701802983824e-02 4.353933032026047756e-01 5.052944549740000513e-01 4.591456480536521001e-02 0.000000000000000000e+00 0.000000000000000000e+00 0.000000000000000000e+00 0.000000000000000000e+00
1.000000000000000000e+00 5.689225834669777576e-02 5.255524128881761126e-01 4.077088010885940861e-01 9.846527676532049883e-03 0.000000000000000000e+00 0.000000000000000000e+00 1.000000000000000000e+00 1.000000000000000000e+00 0.000000000000000000e+00
1.000000000000000000e+00 0.000000000000000000e+00 7.562171356368760367e-02 6.192475093551051968e-01 3.020259513048549338e-01 3.104825776352238432e-03 0.000000000000000000e+00 0.000000000000000000e+00 0.000000000000000000e+00 0.000000000000000000e+00
1.000000000000000000e+00 0.000000000000000000e+00 9.846527676532049883e-03 4.077088010885940861e-01 5.255524128881761126e-01 5.689225834669777576e-02 0.000000000000000000e+00 0.000000000000000000e+00 0.000000000000000000e+00 0.000000000000000000e+00
1.000000000000000000e+00 0.000000000000000000e+00 8.874627010740146482e-02 6.341674685328279049e-01 2.753857219225348540e-01 1.700539437235748736e-03 0.000000000000000000e+00 0.000000000000000000e+00 0.000000000000000000e+00 0.000000000000000000e+00
1.000000000000000000e+00 0.000000000000000000e+00 1.193808621276182119e-01 6.561695096466928501e-01 2.241580405306896340e-01 2.915876949992710228e-04 0.000000000000000000e+00 1.000000000000000000e+00 0.000000000000000000e+00 0.000000000000000000e+00
1.000000000000000000e+00 0.000000000000000000e+00 8.874627010740146482e-02 6.341674685328279049e-01 2.753857219225348540e-01 1.700539437235748736e-03 0.000000000000000000e+00 0.000000000000000000e+00 0.000000000000000000e+00 0.000000000000000000e+00
1.000000000000000000e+00 0.000000000000000000e+00 2.894046751227098008e-02 5.144159012489673000e-01 4.350404820916556892e-01 2.160314914710598916e-02 0.000000000000000000e+00 0.000000000000000000e+00 0.000000000000000000e+00 0.000000000000000000e+00
1.000000000000000000e+00 0.000000000000000000e+00 3.599999999999999728e-02 5.386666666666666270e-01 4.093333333333333268e-01 1.600000000000000033e-02 0.000000000000000000e+00 0.000000000000000000e+00 0.000000000000000000e+00 0.000000000000000000e+00
1.000000000000000000e+00 4.591456480536521001e-02 5.052944549740000513e-01 4.353933032026047756e-01 1.339767701802983824e-02 0.000000000000000000e+00 0.000000000000000000e+00 1.000000000000000000e+00 1.000000000000000000e+00 0.000000000000000000e+00
1.000000000000000000e+00 0.000000000000000000e+00 3.037371822909073430e-03 3.237595373475238847e-01 5.731885114448169727e-01 1.000145793847499465e-01 0.000000000000000000e+00 0.000000000000000000e+00 0.000000000000000000e+00 0.000000000000000000e+00
1.000000000000000000e+00 0.000000000000000000e+00 6.985857996792534629e-03 3.797257131749040004e-01 5.437949166545170687e-01 6.949351217378625656e-02 0.000000000000000000e+00 0.000000000000000000e+00 0.000000000000000000e+00 0.000000000000000000e+00
1.000000000000000000e+00 0.000000000000000000e+00 1.800262428925499241e-03 2.962243281333528100e-01 5.838170773193371854e-01 1.181583321183845986e-01 0.000000000000000000e+00 0.000000000000000000e+00 0.000000000000000000e+00 0.000000000000000000e+00
1.000000000000000000e+00 0.000000000000000000e+00 6.385945473101035941e-02 6.020135102298682650e-01 3.290020897118141607e-01 5.124945327307188839e-03 0.000000000000000000e+00 1.000000000000000000e+00 0.000000000000000000e+00 0.000000000000000000e+00
1.000000000000000000e+00 0.000000000000000000e+00 3.599999999999999728e-02 5.386666666666666270e-01 4.093333333333333268e-01 1.600000000000000033e-02 0.000000000000000000e+00 1.000000000000000000e+00 0.000000000000000000e+00 0.000000000000000000e+00
1.000000000000000000e+00 8.001166350779997591e-04 2.493426641395733168e-01 6.465494484132769948e-01 1.033077708120717364e-01 0.000000000000000000e+00 0.000000000000000000e+00 1.000000000000000000e+00 0.000000000000000000e+00 0.000000000000000000e+00
1.000000000000000000e+00 1.700539437235748736e-03 2.753857219225348540e-01 6.341674685328279049e-01 8.874627010740146482e-02 0.000000000000000000e+00 0.000000000000000000e+00 1.000000000000000000e+00 1.000000000000000000e+00 0.000000000000000000e+00
1.000000000000000000e+00 0.000000000000000000e+00 1.193808621276182119e-01 6.561695096466928501e-01 2.241580405306896340e-01 2.915876949992710228e-04 0.000000000000000000e+00 0.000000000000000000e+00 0.000000000000000000e+00 0.000000000000000000e+00
1.000000000000000000e+00 5.406035865286484832e-01 3.674004956990815085e-01 4.198862807989502816e-02 0.000000000000000000e+00 0.000000000000000000e+00 0.000000000000000000e+00 1.000000000000000000e+00 0.000000000000000000e+00 1.000000000000000000e+00
1.000000000000000000e+00 0.000000000000000000e+00 1.193808621276182119e-01 6.561695096466928501e-01 2.241580405306896340e-01 2.915876949992710228e-04 0.000000000000000000e+00 0.000000000000000000e+00 0.000000000000000000e+00 0.000000000000000000e+00
1.000000000000000000e+00 3.644846187490887596e-02 4.832823054867084744e-01 4.625552801671769521e-01 1.771395247120571489e-02 0.000000000000000000e+00 0.000000000000000000e+00 1.000000000000000000e+00 1.000000000000000000e+00 0.000000000000000000e+00
1.000000000000000000e+00 0.000000000000000000e+00 1.339767701802983824e-02 4.353933032026047756e-01 5.052944549740000513e-01 4.591456480536521001e-02 0.000000000000000000e+00 0.000000000000000000e+00 0.000000000000000000e+00 0.000000000000000000e+00
1.000000000000000000e+00 5.124945327307188839e-03 3.290020897118141607e-01 6.020135102298682650e-01 6.385945473101035941e-02 0.000000000000000000e+00 0.000000000000000000e+00 1.000000000000000000e+00 0.000000000000000000e+00 0.000000000000000000e+00
1.000000000000000000e+00 0.000000000000000000e+00 7.562171356368760367e-02 6.192475093551051968e-01 3.020259513048549338e-01 3.104825776352238432e-03 0.000000000000000000e+00 0.000000000000000000e+00 0.000000000000000000e+00 0.000000000000000000e+00
1.000000000000000000e+00 0.000000000000000000e+00 7.562171356368760367e-02 6.192475093551051968e-01 3.020259513048549338e-01 3.104825776352238432e-03 0.000000000000000000e+00 1.000000000000000000e+00 0.000000000000000000e+00 0.000000000000000000e+00
1.000000000000000000e+00 0.000000000000000000e+00 4.412324439908635321e-02 5.614991495358896412e-01 3.829170433007727525e-01 1.146056276425134850e-02 0.000000000000000000e+00 0.000000000000000000e+00 0.000000000000000000e+00 0.000000000000000000e+00
1.000000000000000000e+00 0.000000000000000000e+00 7.562171356368760367e-02 6.192475093551051968e-01 3.020259513048549338e-01 3.104825776352238432e-03 0.000000000000000000e+00 0.000000000000000000e+00 0.000000000000000000e+00 0.000000000000000000e+00
1.000000000000000000e+00 0.000000000000000000e+00 4.412324439908635321e-02 5.614991495358896412e-01 3.829170433007727525e-01 1.146056276425134850e-02 0.000000000000000000e+00 1.000000000000000000e+00 1.000000000000000000e+00 0.000000000000000000e+00
1.000000000000000000e+00 6.298294211984254928e-05 2.000931136706031177e-01 6.628037128833162983e-01 1.370401905039607127e-01 0.000000000000000000e+00 0.000000000000000000e+00 1.000000000000000000e+00 0.000000000000000000e+00 0.000000000000000000e+00
1.000000000000000000e+00 0.000000000000000000e+00 1.771395247120571489e-02 4.625552801671769521e-01 4.832823054867084744e-01 3.644846187490887596e-02 0.000000000000000000e+00 0.000000000000000000e+00 0.000000000000000000e+00 0.000000000000000000e+00
1.000000000000000000e+00 0.000000000000000000e+00 1.033077708120717364e-01 6.465494484132769948e-01 2.493426641395733168e-01 8.001166350779997591e-04 0.000000000000000000e+00 1.000000000000000000e+00 1.000000000000000000e+00 0.000000000000000000e+00
1.000000000000000000e+00 0.000000000000000000e+00 6.385945473101035941e-02 6.020135102298682650e-01 3.290020897118141607e-01 5.124945327307188839e-03 0.000000000000000000e+00 1.000000000000000000e+00 0.000000000000000000e+00 0.000000000000000000e+00
1.000000000000000000e+00 0.000000000000000000e+00 1.193808621276182119e-01 6.561695096466928501e-01 2.241580405306896340e-01 2.915876949992710228e-04 0.000000000000000000e+00 0.000000000000000000e+00 1.000000000000000000e+00 0.000000000000000000e+00
1.000000000000000000e+00 0.000000000000000000e+00 9.846527676532049883e-03 4.077088010885940861e-01 5.255524128881761126e-01 5.689225834669777576e-02 0.000000000000000000e+00 0.000000000000000000e+00 0.000000000000000000e+00 0.000000000000000000e+00
1.000000000000000000e+00 0.000000000000000000e+00 6.985857996792534629e-03 3.797257131749040004e-01 5.437949166545170687e-01 6.949351217378625656e-02 0.000000000000000000e+00 1.000000000000000000e+00 0.000000000000000000e+00 0.000000000000000000e+00
1.000000000000000000e+00 0.000000000000000000e+00 2.894046751227098008e-02 5.144159012489673000e-01 4.350404820916556892e-01 2.160314914710598916e-02 0.000000000000000000e+00 1.000000000000000000e+00 0.000000000000000000e+00 0.000000000000000000e+00
1.000000000000000000e+00 3.106738591631432733e-01 2.208601837002478752e-02 3.359090246391602448e-04 0.000000000000000000e+00 0.000000000000000000e+00 0.000000000000000000e+00 1.000000000000000000e+00 0.000000000000000000e+00 1.000000000000000000e+00
1.000000000000000000e+00 2.332701559994168037e-06 1.774091461340331632e-01 6.662281187733877230e-01 1.563604023910190877e-01 0.000000000000000000e+00 0.000000000000000000e+00 0.000000000000000000e+00 0.000000000000000000e+00 0.000000000000000000e+00
1.000000000000000000e+00 0.000000000000000000e+00 2.894046751227098008e-02 5.144159012489673000e-01 4.350404820916556892e-01 2.160314914710598916e-02 0.000000000000000000e+00 0.000000000000000000e+00 0.000000000000000000e+00 0.000000000000000000e+00
1.000000000000000000e+00 0.000000000000000000e+00 1.417116197696457460e-04 2.180974874860280854e-01 5.962946979637459011e-01 1.854661029304563169e-01 0.000000000000000000e+00 1.000000000000000000e+00 0.000000000000000000e+00 0.000000000000000000e+00
1.000000000000000000e+00 0.000000000000000000e+00 1.033077708120717364e-01 6.465494484132769948e-01 2.493426641395733168e-01 8.001166350779997591e-04 0.000000000000000000e+00 1.000000000000000000e+00 0.000000000000000000e+00 0.000000000000000000e+00
1.000000000000000000e+00 0.000000000000000000e+00 1.193808621276182119e-01 6.561695096466928501e-01 2.241580405306896340e-01 2.915876949992710228e-04 0.000000000000000000e+00 0.000000000000000000e+00 0.000000000000000000e+00 0.000000000000000000e+00
1.000000000000000000e+00 0.000000000000000000e+00 1.033077708120717364e-01 6.465494484132769948e-01 2.493426641395733168e-01 8.001166350779997591e-04 0.000000000000000000e+00 0.000000000000000000e+00 0.000000000000000000e+00 0.000000000000000000e+00
1.000000000000000000e+00 0.000000000000000000e+00 2.894046751227098008e-02 5.144159012489673000e-01 4.350404820916556892e-01 2.160314914710598916e-02 0.000000000000000000e+00 1.000000000000000000e+00 0.000000000000000000e+00 0.000000000000000000e+00
1.000000000000000000e+00 0.000000000000000000e+00 2.894046751227098008e-02 5.144159012489673000e-01 4.350404820916556892e-01 2.160314914710598916e-02 0.000000000000000000e+00 0.000000000000000000e+00 0.000000000000000000e+00 0.000000000000000000e+00
1.000000000000000000e+00 1.607721242163580588e-01 5.956314331535209616e-01 2.431693638528454326e-01 4.270787772755990338e-04 0.000000000000000000e+00 0.000000000000000000e+00 1.000000000000000000e+00 1.000000000000000000e+00 0.000000000000000000e+00
1.000000000000000000e+00 0.000000000000000000e+00 1.193808621276182119e-01 6.561695096466928501e-01 2.241580405306896340e-01 2.915876949992710228e-04 0.000000000000000000e+00 0.000000000000000000e+00 0.000000000000000000e+00 0.000000000000000000e+00
1.000000000000000000e+00 0.000000000000000000e+00 1.800262428925499241e-03 2.962243281333528100e-01 5.838170773193371854e-01 1.181583321183845986e-01 0.000000000000000000e+00 1.000000000000000000e+00 0.000000000000000000e+00 0.000000000000000000e+00
1.000000000000000000e+00 0.000000000000000000e+00 2.894046751227098008e-02 5.144159012489673000e-01 4.350404820916556892e-01 2.160314914710598916e-02 0.000000000000000000e+00 0.000000000000000000e+00 0.000000000000000000e+00 0.000000000000000000e+00
1.000000000000000000e+00 5.858673275987752449e-01 1.655191718909461984e-01 9.069543665257327747e-03 0.000000000000000000e+00 0.000000000000000000e+00 0.000000000000000000e+00 0.000000000000000000e+00 0.000000000000000000e+00 1.000000000000000000e+00
1.000000000000000000e+00 0.000000000000000000e+00 6.385945473101035941e-02 6.020135102298682650e-01 3.290020897118141607e-01 5.124945327307188839e-03 0.000000000000000000e+00 0.000000000000000000e+00 0.000000000000000000e+00 0.000000000000000000e+00
1.000000000000000000e+00 0.000000000000000000e+00 1.563604023910190877e-01 6.662281187733877230e-01 1.774091461340331632e-01 2.332701559994168037e-06 0.000000000000000000e+00 0.000000000000000000e+00 0.000000000000000000e+00 1.000000000000000000e+00
1.000000000000000000e+00 0.000000000000000000e+00 1.771395247120571489e-02 4.625552801671769521e-01 4.832823054867084744e-01 3.644846187490887596e-02 0.000000000000000000e+00 0.000000000000000000e+00 0.000000000000000000e+00 0.000000000000000000e+00
1.000000000000000000e+00 5.980253681294649404e-01 2.306979637459299348e-01 1.655907080721193483e-02 0.000000000000000000e+00 0.000000000000000000e+00 0.000000000000000000e+00 0.000000000000000000e+00 0.000000000000000000e+00 0.000000000000000000e+00
1.000000000000000000e+00 0.000000000000000000e+00 1.033077708120717364e-01 6.465494484132769948e-01 2.493426641395733168e-01 8.001166350779997591e-04 0.000000000000000000e+00 1.000000000000000000e+00 0.000000000000000000e+00 1.000000000000000000e+00
1.000000000000000000e+00 0.000000000000000000e+00 1.193808621276182119e-01 6.561695096466928501e-01 2.241580405306896340e-01 2.915876949992710228e-04 0.000000000000000000e+00 0.000000000000000000e+00 0.000000000000000000e+00 0.000000000000000000e+00
1.000000000000000000e+00 0.000000000000000000e+00 6.385945473101035941e-02 6.020135102298682650e-01 3.290020897118141607e-01 5.124945327307188839e-03 0.000000000000000000e+00 0.000000000000000000e+00 0.000000000000000000e+00 0.000000000000000000e+00
1.000000000000000000e+00 5.689225834669777576e-02 5.255524128881761126e-01 4.077088010885940861e-01 9.846527676532049883e-03 0.000000000000000000e+00 0.000000000000000000e+00 1.000000000000000000e+00 1.000000000000000000e+00 0.000000000000000000e+00
1.000000000000000000e+00 0.000000000000000000e+00 1.033077708120717364e-01 6.465494484132769948e-01 2.493426641395733168e-01 8.001166350779997591e-04 0.000000000000000000e+00 1.000000000000000000e+00 0.000000000000000000e+00 0.000000000000000000e+00
1.000000000000000000e+00 8.001166350779997591e-04 2.493426641395733168e-01 6.465494484132769948e-01 1.033077708120717364e-01 0.000000000000000000e+00 0.000000000000000000e+00 0.000000000000000000e+00 0.000000000000000000e+00 0.000000000000000000e+00
1.000000000000000000e+00 3.104825776352238432e-03 3.020259513048549338e-01 6.192475093551051968e-01 7.562171356368760367e-02 0.000000000000000000e+00 0.000000000000000000e+00 1.000000000000000000e+00 0.000000000000000000e+00 0.000000000000000000e+00
1.000000000000000000e+00 0.000000000000000000e+00 1.771395247120571489e-02 4.625552801671769521e-01 4.832823054867084744e-01 3.644846187490887596e-02 0.000000000000000000e+00 1.000000000000000000e+00 0.000000000000000000e+00 0.000000000000000000e+00
1.000000000000000000e+00 0.000000000000000000e+00 2.894046751227098008e-02 5.144159012489673000e-01 4.350404820916556892e-01 2.160314914710598916e-02 0.000000000000000000e+00 0.000000000000000000e+00 0.000000000000000000e+00 0.000000000000000000e+00
1.000000000000000000e+00 0.000000000000000000e+00 1.033077708120717364e-01 6.465494484132769948e-01 2.493426641395733168e-01 8.001166350779997591e-04 0.000000000000000000e+00 1.000000000000000000e+00 0.000000000000000000e+00 0.000000000000000000e+00
1.000000000000000000e+00 0.000000000000000000e+00 1.370401905039607127e-01 6.628037128833162983e-01 2.000931136706031177e-01 6.298294211984254928e-05 0.000000000000000000e+00 0.000000000000000000e+00 0.000000000000000000e+00 0.000000000000000000e+00
1.000000000000000000e+00 0.000000000000000000e+00 0.000000000000000000e+00 3.359090246391602448e-04 2.208601837002478752e-02 3.106738591631432733e-01 6.669042134421926393e-01 1.000000000000000000e+00 0.000000000000000000e+00 0.000000000000000000e+00
1.000000000000000000e+00 0.000000000000000000e+00 2.287000048597948379e-02 4.889707926325508325e-01 4.597772270010205276e-01 2.838197988044904516e-02 0.000000000000000000e+00 0.000000000000000000e+00 0.000000000000000000e+00 0.000000000000000000e+00
1.000000000000000000e+00 0.000000000000000000e+00 1.563604023910190877e-01 6.662281187733877230e-01 1.774091461340331632e-01 2.332701559994168037e-06 0.000000000000000000e+00 0.000000000000000000e+00 0.000000000000000000e+00 0.000000000000000000e+00
1.000000000000000000e+00 8.001166350779997591e-04 2.493426641395733168e-01 6.465494484132769948e-01 1.033077708120717364e-01 0.000000000000000000e+00 0.000000000000000000e+00 0.000000000000000000e+00 0.000000000000000000e+00 0.000000000000000000e+00
1.000000000000000000e+00 0.000000000000000000e+00 8.874627010740146482e-02 6.341674685328279049e-01 2.753857219225348540e-01 1.700539437235748736e-03 0.000000000000000000e+00 1.000000000000000000e+00 1.000000000000000000e+00 0.000000000000000000e+00
1.000000000000000000e+00 0.000000000000000000e+00 1.800262428925499241e-03 2.962243281333528100e-01 5.838170773193371854e-01 1.181583321183845986e-01 0.000000000000000000e+00 0.000000000000000000e+00 0.000000000000000000e+00 0.000000000000000000e+00
1.000000000000000000e+00 0.000000000000000000e+00 8.874627010740146482e-02 6.341674685328279049e-01 2.753857219225348540e-01 1.700539437235748736e-03 0.000000000000000000e+00 1.000000000000000000e+00 0.000000000000000000e+00 0.000000000000000000e+00
1.000000000000000000e+00 2.332701559994168037e-06 1.774091461340331632e-01 6.662281187733877230e-01 1.563604023910190877e-01 0.000000000000000000e+00 0.000000000000000000e+00 0.000000000000000000e+00 0.000000000000000000e+00 0.000000000000000000e+00
1.000000000000000000e+00 0.000000000000000000e+00 4.412324439908635321e-02 5.614991495358896412e-01 3.829170433007727525e-01 1.146056276425134850e-02 0.000000000000000000e+00 1.000000000000000000e+00 0.000000000000000000e+00 0.000000000000000000e+00
1.000000000000000000e+00 0.000000000000000000e+00 8.874627010740146482e-02 6.341674685328279049e-01 2.753857219225348540e-01 1.700539437235748736e-03 0.000000000000000000e+00 0.000000000000000000e+00 0.000000000000000000e+00 0.000000000000000000e+00
1.000000000000000000e+00 0.000000000000000000e+00 3.599999999999999728e-02 5.386666666666666270e-01 4.093333333333333268e-01 1.600000000000000033e-02 0.000000000000000000e+00 0.000000000000000000e+00 0.000000000000000000e+00 0.000000000000000000e+00
1.000000000000000000e+00 0.000000000000000000e+00 2.287000048597948379e-02 4.889707926325508325e-01 4.597772270010205276e-01 2.838197988044904516e-02 0.000000000000000000e+00 1.000000000000000000e+00 0.000000000000000000e+00 0.000000000000000000e+00
1.000000000000000000e+00 0.000000000000000000e+00 1.563604023910190877e-01 6.662281187733877230e-01 1.774091461340331632e-01 2.332701559994168037e-06 0.000000000000000000e+00 0.000000000000000000e+00 0.000000000000000000e+00 0.000000000000000000e+00
1.000000000000000000e+00 0.000000000000000000e+00 6.385945473101035941e-02 6.020135102298682650e-01 3.290020897118141607e-01 5.124945327307188839e-03 0.000000000000000000e+00 0.000000000000000000e+00 0.000000000000000000e+00 0.000000000000000000e+00
1.000000000000000000e+00 0.000000000000000000e+00 7.562171356368760367e-02 6.192475093551051968e-01 3.020259513048549338e-01 3.104825776352238432e-03 0.000000000000000000e+00 0.000000000000000000e+00 0.000000000000000000e+00 0.000000000000000000e+00
1.000000000000000000e+00 0.000000000000000000e+00 5.338484715944986220e-02 5.826894105068765040e-01 3.560528745686931673e-01 7.872867764980317346e-03 0.000000000000000000e+00 1.000000000000000000e+00 0.000000000000000000e+00 0.000000000000000000e+00
1.000000000000000000e+00 0.000000000000000000e+00 6.985857996792534629e-03 3.797257131749040004e-01 5.437949166545170687e-01 6.949351217378625656e-02 0.000000000000000000e+00 0.000000000000000000e+00 0.000000000000000000e+00 0.000000000000000000e+00
1.000000000000000000e+00 0.000000000000000000e+00 3.599999999999999728e-02 5.386666666666666270e-01 4.093333333333333268e-01 1.600000000000000033e-02 0.000000000000000000e+00 0.000000000000000000e+00 0.000000000000000000e+00 0.000000000000000000e+00
1.000000000000000000e+00 0.000000000000000000e+00 1.771395247120571489e-02 4.625552801671769521e-01 4.832823054867084744e-01 3.644846187490887596e-02 0.000000000000000000e+00 0.000000000000000000e+00 0.000000000000000000e+00 0.000000000000000000e+00
1.000000000000000000e+00 0.000000000000000000e+00 1.339767701802983824e-02 4.353933032026047756e-01 5.052944549740000513e-01 4.591456480536521001e-02 0.000000000000000000e+00 0.000000000000000000e+00 0.000000000000000000e+00 0.000000000000000000e+00
1.000000000000000000e+00 8.001166350779997591e-04 2.493426641395733168e-01 6.465494484132769948e-01 1.033077708120717364e-01 0.000000000000000000e+00 0.000000000000000000e+00 0.000000000000000000e+00 0.000000000000000000e+00 0.000000000000000000e+00
1.000000000000000000e+00 7.872867764980317346e-03 3.560528745686931673e-01 5.826894105068765040e-01 5.338484715944986220e-02 0.000000000000000000e+00 0.000000000000000000e+00 0.000000000000000000e+00 0.000000000000000000e+00 1.000000000000000000e+00
1.000000000000000000e+00 0.000000000000000000e+00 8.874627010740146482e-02 6.341674685328279049e-01 2.753857219225348540e-01 1.700539437235748736e-03 0.000000000000000000e+00 0.000000000000000000e+00 0.000000000000000000e+00 0.000000000000000000e+00
1.000000000000000000e+00 0.000000000000000000e+00 3.599999999999999728e-02 5.386666666666666270e-01 4.093333333333333268e-01 1.600000000000000033e-02 0.000000000000000000e+00 0.000000000000000000e+00 1.000000000000000000e+00 0.000000000000000000e+00
1.000000000000000000e+00 0.000000000000000000e+00 3.599999999999999728e-02 5.386666666666666270e-01 4.093333333333333268e-01 1.600000000000000033e-02 0.000000000000000000e+00 1.000000000000000000e+00 0.000000000000000000e+00 0.000000000000000000e+00
1.000000000000000000e+00 0.000000000000000000e+00 3.599999999999999728e-02 5.386666666666666270e-01 4.093333333333333268e-01 1.600000000000000033e-02 0.000000000000000000e+00 1.000000000000000000e+00 0.000000000000000000e+00 0.000000000000000000e+00
1.000000000000000000e+00 2.332701559994168037e-06 1.774091461340331632e-01 6.662281187733877230e-01 1.563604023910190877e-01 0.000000000000000000e+00 0.000000000000000000e+00 0.000000000000000000e+00 0.000000000000000000e+00 0.000000000000000000e+00
1.000000000000000000e+00 0.000000000000000000e+00 1.339767701802983824e-02 4.353933032026047756e-01 5.052944549740000513e-01 4.591456480536521001e-02 0.000000000000000000e+00 1.000000000000000000e+00 0.000000000000000000e+00 0.000000000000000000e+00
1.000000000000000000e+00 5.808473538416678572e-01 2.990865529474656670e-01 2.733304174563833816e-02 0.000000000000000000e+00 0.000000000000000000e+00 0.000000000000000000e+00 1.000000000000000000e+00 0.000000000000000000e+00 1.000000000000000000e+00
1.000000000000000000e+00 2.125674296544685649e-01 5.931136706031004957e-01 1.942946007678476028e-01 2.429897458327258072e-05 0.000000000000000000e+00 0.000000000000000000e+00 0.000000000000000000e+00 0.000000000000000000e+00 1.000000000000000000e+00
1.000000000000000000e+00 0.000000000000000000e+00 7.562171356368760367e-02 6.192475093551051968e-01 3.020259513048549338e-01 3.104825776352238432e-03 0.000000000000000000e+00 1.000000000000000000e+00 0.000000000000000000e+00 0.000000000000000000e+00
1.000000000000000000e+00 1.184685814258638337e-01 2.590853865966856115e-03 1.244107498663556343e-05 0.000000000000000000e+00 0.000000000000000000e+00 0.000000000000000000e+00 0.000000000000000000e+00 0.000000000000000000e+00 1.000000000000000000e+00
1.000000000000000000e+00 0.000000000000000000e+00 1.563604023910190877e-01 6.662281187733877230e-01 1.774091461340331632e-01 2.332701559994168037e-06 0.000000000000000000e+00 1.000000000000000000e+00 0.000000000000000000e+00 0.000000000000000000e+00
1.000000000000000000e+00 1.700539437235748736e-03 2.753857219225348540e-01 6.341674685328279049e-01 8.874627010740146482e-02 0.000000000000000000e+00 0.000000000000000000e+00 0.000000000000000000e+00 1.000000000000000000e+00 0.000000000000000000e+00
1.000000000000000000e+00 0.000000000000000000e+00 1.033077708120717364e-01 6.465494484132769948e-01 2.493426641395733168e-01 8.001166350779997591e-04 0.000000000000000000e+00 0.000000000000000000e+00 0.000000000000000000e+00 0.000000000000000000e+00
1.000000000000000000e+00 0.000000000000000000e+00 0.000000000000000000e+00 9.069543665257327747e-03 1.655191718909461984e-01 5.858673275987752449e-01 2.395439568450211110e-01 1.000000000000000000e+00 0.000000000000000000e+00 0.000000000000000000e+00
1.000000000000000000e+00 0.000000000000000000e+00 1.339767701802983824e-02 4.353933032026047756e-01 5.052944549740000513e-01 4.591456480536521001e-02 0.000000000000000000e+00 0.000000000000000000e+00 0.000000000000000000e+00 0.000000000000000000e+00
1.000000000000000000e+00 0.000000000000000000e+00 1.771395247120571489e-02 4.625552801671769521e-01 4.832823054867084744e-01 3.644846187490887596e-02 0.000000000000000000e+00 1.000000000000000000e+00 0.000000000000000000e+00 0.000000000000000000e+00
1.000000000000000000e+00 0.000000000000000000e+00 3.037371822909073430e-03 3.237595373475238847e-01 5.731885114448169727e-01 1.000145793847499465e-01 0.000000000000000000e+00 0.000000000000000000e+00 0.000000000000000000e+00 0.000000000000000000e+00
1.000000000000000000e+00 0.000000000000000000e+00 4.412324439908635321e-02 5.614991495358896412e-01 3.829170433007727525e-01 1.146056276425134850e-02 0.000000000000000000e+00 1.000000000000000000e+00 0.000000000000000000e+00 0.000000000000000000e+00
1.000000000000000000e+00 0.000000000000000000e+00 3.599999999999999728e-02 5.386666666666666270e-01 4.093333333333333268e-01 1.600000000000000033e-02 0.000000000000000000e+00 1.000000000000000000e+00 0.000000000000000000e+00 0.000000000000000000e+00
1.000000000000000000e+00 0.000000000000000000e+00 1.563604023910190877e-01 6.662281187733877230e-01 1.774091461340331632e-01 2.332701559994168037e-06 0.000000000000000000e+00 1.000000000000000000e+00 1.000000000000000000e+00 0.000000000000000000e+00
1.000000000000000000e+00 8.001166350779997591e-04 2.493426641395733168e-01 6.465494484132769948e-01 1.033077708120717364e-01 0.000000000000000000e+00 0.000000000000000000e+00 0.000000000000000000e+00 0.000000000000000000e+00 0.000000000000000000e+00
1.000000000000000000e+00 0.000000000000000000e+00 9.846527676532049883e-03 4.077088010885940861e-01 5.255524128881761126e-01 5.689225834669777576e-02 0.000000000000000000e+00 1.000000000000000000e+00 0.000000000000000000e+00 0.000000000000000000e+00
1.000000000000000000e+00 0.000000000000000000e+00 4.412324439908635321e-02 5.614991495358896412e-01 3.829170433007727525e-01 1.146056276425134850e-02 0.000000000000000000e+00 0.000000000000000000e+00 0.000000000000000000e+00 0.000000000000000000e+00
1.000000000000000000e+00 0.000000000000000000e+00 2.894046751227098008e-02 5.144159012489673000e-01 4.350404820916556892e-01 2.160314914710598916e-02 0.000000000000000000e+00 1.000000000000000000e+00 0.000000000000000000e+00 0.000000000000000000e+00
1.000000000000000000e+00 0.000000000000000000e+00 1.193808621276182119e-01 6.561695096466928501e-01 2.241580405306896340e-01 2.915876949992710228e-04 0.000000000000000000e+00 1.000000000000000000e+00 1.000000000000000000e+00 0.000000000000000000e+00
1.000000000000000000e+00 5.689225834669777576e-02 5.255524128881761126e-01 4.077088010885940861e-01 9.846527676532049883e-03 0.000000000000000000e+00 0.000000000000000000e+00 1.000000000000000000e+00 1.000000000000000000e+00 0.000000000000000000e+00
1.000000000000000000e+00 6.298294211984254928e-05 2.000931136706031177e-01 6.628037128833162983e-01 1.370401905039607127e-01 0.000000000000000000e+00 0.000000000000000000e+00 0.000000000000000000e+00 1.000000000000000000e+00 0.000000000000000000e+00
1.000000000000000000e+00 0.000000000000000000e+00 6.985857996792534629e-03 3.797257131749040004e-01 5.437949166545170687e-01 6.949351217378625656e-02 0.000000000000000000e+00 1.000000000000000000e+00 0.000000000000000000e+00 0.000000000000000000e+00
1.000000000000000000e+00 0.000000000000000000e+00 2.894046751227098008e-02 5.144159012489673000e-01 4.350404820916556892e-01 2.160314914710598916e-02 0.000000000000000000e+00 0.000000000000000000e+00 0.000000000000000000e+00 0.000000000000000000e+00
1.000000000000000000e+00 0.000000000000000000e+00 1.033077708120717364e-01 6.465494484132769948e-01 2.493426641395733168e-01 8.001166350779997591e-04 0.000000000000000000e+00 0.000000000000000000e+00 1.000000000000000000e+00 0.000000000000000000e+00
1.000000000000000000e+00 2.421880740632745554e-01 5.858270884968654890e-01 1.719846430480633515e-01 1.943917966661806786e-07 0.000000000000000000e+00 0.000000000000000000e+00 0.000000000000000000e+00 0.000000000000000000e+00 1.000000000000000000e+00
1.000000000000000000e+00 0.000000000000000000e+00 1.563604023910190877e-01 6.662281187733877230e-01 1.774091461340331632e-01 2.332701559994168037e-06 0.000000000000000000e+00 1.000000000000000000e+00 0.000000000000000000e+00 0.000000000000000000e+00
1.000000000000000000e+00 0.000000000000000000e+00 4.741021528891480735e-03 3.516679788112941907e-01 5.597607036983038853e-01 8.383029596151041207e-02 0.000000000000000000e+00 1.000000000000000000e+00 0.000000000000000000e+00 0.000000000000000000e+00
1.000000000000000000e+00 0.000000000000000000e+00 4.412324439908635321e-02 5.614991495358896412e-01 3.829170433007727525e-01 1.146056276425134850e-02 0.000000000000000000e+00 1.000000000000000000e+00 0.000000000000000000e+00 0.000000000000000000e+00
1.000000000000000000e+00 0.000000000000000000e+00 1.339767701802983824e-02 4.353933032026047756e-01 5.052944549740000513e-01 4.591456480536521001e-02 0.000000000000000000e+00 1.000000000000000000e+00 0.000000000000000000e+00 0.000000000000000000e+00
1.000000000000000000e+00 0.000000000000000000e+00 4.741021528891480735e-03 3.516679788112941907e-01 5.597607036983038853e-01 8.383029596151041207e-02 0.000000000000000000e+00 0.000000000000000000e+00 0.000000000000000000e+00 0.000000000000000000e+00
1.000000000000000000e+00 2.915876949992710228e-04 2.241580405306896340e-01 6.561695096466928501e-01 1.193808621276182119e-01 0.000000000000000000e+00 0.000000000000000000e+00 0.000000000000000000e+00 0.000000000000000000e+00 0.000000000000000000e+00
1.000000000000000000e+00 0.000000000000000000e+00 1.339767701802983824e-02 4.353933032026047756e-01 5.052944549740000513e-01 4.591456480536521001e-02 0.000000000000000000e+00 0.000000000000000000e+00 0.000000000000000000e+00 0.000000000000000000e+00
1.000000000000000000e+00 0.000000000000000000e+00 2.894046751227098008e-02 5.144159012489673000e-01 4.350404820916556892e-01 2.160314914710598916e-02 0.000000000000000000e+00 1.000000000000000000e+00 0.000000000000000000e+00 0.000000000000000000e+00
1.000000000000000000e+00 0.000000000000000000e+00 1.193808621276182119e-01 6.561695096466928501e-01 2.241580405306896340e-01 2.915876949992710228e-04 0.000000000000000000e+00 0.000000000000000000e+00 0.000000000000000000e+00 0.000000000000000000e+00
1.000000000000000000e+00 0.000000000000000000e+00 1.033077708120717364e-01 6.465494484132769948e-01 2.493426641395733168e-01 8.001166350779997591e-04 0.000000000000000000e+00 0.000000000000000000e+00 0.000000000000000000e+00 0.000000000000000000e+00
1.000000000000000000e+00 0.000000000000000000e+00 1.033077708120717364e-01 6.465494484132769948e-01 2.493426641395733168e-01 8.001166350779997591e-04 0.000000000000000000e+00 1.000000000000000000e+00 0.000000000000000000e+00 0.000000000000000000e+00
1.000000000000000000e+00 0.000000000000000000e+00 4.412324439908635321e-02 5.614991495358896412e-01 3.829170433007727525e-01 1.146056276425134850e-02 0.000000000000000000e+00 0.000000000000000000e+00 0.000000000000000000e+00 0.000000000000000000e+00
1.000000000000000000e+00 0.000000000000000000e+00 6.985857996792534629e-03 3.797257131749040004e-01 5.437949166545170687e-01 6.949351217378625656e-02 0.000000000000000000e+00 0.000000000000000000e+00 0.000000000000000000e+00 0.000000000000000000e+00
1.000000000000000000e+00 0.000000000000000000e+00 3.599999999999999728e-02 5.386666666666666270e-01 4.093333333333333268e-01 1.600000000000000033e-02 0.000000000000000000e+00 0.000000000000000000e+00 0.000000000000000000e+00 0.000000000000000000e+00
1.000000000000000000e+00 0.000000000000000000e+00 3.599999999999999728e-02 5.386666666666666270e-01 4.093333333333333268e-01 1.600000000000000033e-02 0.000000000000000000e+00 0.000000000000000000e+00 0.000000000000000000e+00 0.000000000000000000e+00
1.000000000000000000e+00 0.000000000000000000e+00 1.193808621276182119e-01 6.561695096466928501e-01 2.241580405306896340e-01 2.915876949992710228e-04 0.000000000000000000e+00 1.000000000000000000e+00 0.000000000000000000e+00 0.000000000000000000e+00
1.000000000000000000e+00 0.000000000000000000e+00 7.562171356368760367e-02 6.192475093551051968e-01 3.020259513048549338e-01 3.104825776352238432e-03 0.000000000000000000e+00 1.000000000000000000e+00 0.000000000000000000e+00 0.000000000000000000e+00
1.000000000000000000e+00 4.591456480536521001e-02 5.052944549740000513e-01 4.353933032026047756e-01 1.339767701802983824e-02 0.000000000000000000e+00 0.000000000000000000e+00 1.000000000000000000e+00 0.000000000000000000e+00 1.000000000000000000e+00
1.000000000000000000e+00 1.000145793847499465e-01 5.731885114448169727e-01 3.237595373475238847e-01 3.037371822909073430e-03 0.000000000000000000e+00 0.000000000000000000e+00 0.000000000000000000e+00 1.000000000000000000e+00 0.000000000000000000e+00
1.000000000000000000e+00 0.000000000000000000e+00 1.563604023910190877e-01 6.662281187733877230e-01 1.774091461340331632e-01 2.332701559994168037e-06 0.000000000000000000e+00 1.000000000000000000e+00 0.000000000000000000e+00 0.000000000000000000e+00
1.000000000000000000e+00 8.383029596151041207e-02 5.597607036983038853e-01 3.516679788112941907e-01 4.741021528891480735e-03 0.000000000000000000e+00 0.000000000000000000e+00 0.000000000000000000e+00 0.000000000000000000e+00 0.000000000000000000e+00
1.000000000000000000e+00 2.915876949992710228e-04 2.241580405306896340e-01 6.561695096466928501e-01 1.193808621276182119e-01 0.000000000000000000e+00 0.000000000000000000e+00 1.000000000000000000e+00 0.000000000000000000e+00 0.000000000000000000e+00
1.000000000000000000e+00 0.000000000000000000e+00 1.370401905039607127e-01 6.628037128833162983e-01 2.000931136706031177e-01 6.298294211984254928e-05 0.000000000000000000e+00 0.000000000000000000e+00 0.000000000000000000e+00 0.000000000000000000e+00
1.000000000000000000e+00 0.000000000000000000e+00 4.741021528891480735e-03 3.516679788112941907e-01 5.597607036983038853e-01 8.383029596151041207e-02 0.000000000000000000e+00 0.000000000000000000e+00 0.000000000000000000e+00 0.000000000000000000e+00
1.000000000000000000e+00 0.000000000000000000e+00 6.985857996792534629e-03 3.797257131749040004e-01 5.437949166545170687e-01 6.949351217378625656e-02 0.000000000000000000e+00 1.000000000000000000e+00 0.000000000000000000e+00 0.000000000000000000e+00
1.000000000000000000e+00 0.000000000000000000e+00 7.562171356368760367e-02 6.192475093551051968e-01 3.020259513048549338e-01 3.104825776352238432e-03 0.000000000000000000e+00 0.000000000000000000e+00 0.000000000000000000e+00 0.000000000000000000e+00
1.000000000000000000e+00 0.000000000000000000e+00 1.193808621276182119e-01 6.561695096466928501e-01 2.241580405306896340e-01 2.915876949992710228e-04 0.000000000000000000e+00 1.000000000000000000e+00 0.000000000000000000e+00 0.000000000000000000e+00
1.000000000000000000e+00 0.000000000000000000e+00 6.385945473101035941e-02 6.020135102298682650e-01 3.290020897118141607e-01 5.124945327307188839e-03 0.000000000000000000e+00 0.000000000000000000e+00 0.000000000000000000e+00 0.000000000000000000e+00
1.000000000000000000e+00 0.000000000000000000e+00 4.412324439908635321e-02 5.614991495358896412e-01 3.829170433007727525e-01 1.146056276425134850e-02 0.000000000000000000e+00 1.000000000000000000e+00 0.000000000000000000e+00 0.000000000000000000e+00
1.000000000000000000e+00 0.000000000000000000e+00 7.562171356368760367e-02 6.192475093551051968e-01 3.020259513048549338e-01 3.104825776352238432e-03 0.000000000000000000e+00 1.000000000000000000e+00 0.000000000000000000e+00 0.000000000000000000e+00
1.000000000000000000e+00 5.689225834669777576e-02 5.255524128881761126e-01 4.077088010885940861e-01 9.846527676532049883e-03 0.000000000000000000e+00 0.000000000000000000e+00 1.000000000000000000e+00 0.000000000000000000e+00 1.000000000000000000e+00
1.000000000000000000e+00 6.298294211984254928e-05 2.000931136706031177e-01 6.628037128833162983e-01 1.370401905039607127e-01 0.000000000000000000e+00 0.000000000000000000e+00 1.000000000000000000e+00 0.000000000000000000e+00 0.000000000000000000e+00
1.000000000000000000e+00 0.000000000000000000e+00 1.193808621276182119e-01 6.561695096466928501e-01 2.241580405306896340e-01 2.915876949992710228e-04 0.000000000000000000e+00 0.000000000000000000e+00 0.000000000000000000e+00 0.000000000000000000e+00
1.000000000000000000e+00 0.000000000000000000e+00 6.985857996792534629e-03 3.797257131749040004e-01 5.437949166545170687e-01 6.949351217378625656e-02 0.000000000000000000e+00 0.000000000000000000e+00 0.000000000000000000e+00 0.000000000000000000e+00
1.000000000000000000e+00 0.000000000000000000e+00 9.846527676532049883e-03 4.077088010885940861e-01 5.255524128881761126e-01 5.689225834669777576e-02 0.000000000000000000e+00 0.000000000000000000e+00 0.000000000000000000e+00 0.000000000000000000e+00
1.000000000000000000e+00 0.000000000000000000e+00 1.193808621276182119e-01 6.561695096466928501e-01 2.241580405306896340e-01 2.915876949992710228e-04 0.000000000000000000e+00 0.000000000000000000e+00 0.000000000000000000e+00 0.000000000000000000e+00
1.000000000000000000e+00 0.000000000000000000e+00 6.385945473101035941e-02 6.020135102298682650e-01 3.290020897118141607e-01 5.124945327307188839e-03 0.000000000000000000e+00 0.000000000000000000e+00 0.000000000000000000e+00 0.000000000000000000e+00
1.000000000000000000e+00 0.000000000000000000e+00 5.338484715944986220e-02 5.826894105068765040e-01 3.560528745686931673e-01 7.872867764980317346e-03 0.000000000000000000e+00 1.000000000000000000e+00 0.000000000000000000e+00 0.000000000000000000e+00
1.000000000000000000e+00 0.000000000000000000e+00 5.338484715944986220e-02 5.826894105068765040e-01 3.560528745686931673e-01 7.872867764980317346e-03 0.000000000000000000e+00 0.000000000000000000e+00 0.000000000000000000e+00 0.000000000000000000e+00
1.000000000000000000e+00 2.915876949992710228e-04 2.241580405306896340e-01 6.561695096466928501e-01 1.193808621276182119e-01 0.000000000000000000e+00 0.000000000000000000e+00 1.000000000000000000e+00 1.000000000000000000e+00 0.000000000000000000e+00
1.000000000000000000e+00 0.000000000000000000e+00 3.599999999999999728e-02 5.386666666666666270e-01 4.093333333333333268e-01 1.600000000000000033e-02 0.000000000000000000e+00 1.000000000000000000e+00 0.000000000000000000e+00 0.000000000000000000e+00
1.000000000000000000e+00 4.484618749088788436e-01 5.792875540652184241e-02 1.555134373329445166e-03 0.000000000000000000e+00 0.000000000000000000e+00 0.000000000000000000e+00 0.000000000000000000e+00 0.000000000000000000e+00 1.000000000000000000e+00
1.000000000000000000e+00 2.421880740632745554e-01 5.858270884968654890e-01 1.719846430480633515e-01 1.943917966661806786e-07 0.000000000000000000e+00 0.000000000000000000e+00 0.000000000000000000e+00 0.000000000000000000e+00 1.000000000000000000e+00
1.000000000000000000e+00 0.000000000000000000e+00 8.874627010740146482e-02 6.341674685328279049e-01 2.753857219225348540e-01 1.700539437235748736e-03 0.000000000000000000e+00 1.000000000000000000e+00 0.000000000000000000e+00 1.000000000000000000e+00
1.000000000000000000e+00 0.000000000000000000e+00 2.287000048597948379e-02 4.889707926325508325e-01 4.597772270010205276e-01 2.838197988044904516e-02 0.000000000000000000e+00 1.000000000000000000e+00 0.000000000000000000e+00 0.000000000000000000e+00
1.000000000000000000e+00 0.000000000000000000e+00 9.550468970209456719e-04 2.692862905185401390e-01 5.913851387471449339e-01 1.383735238372940657e-01 0.000000000000000000e+00 1.000000000000000000e+00 0.000000000000000000e+00 0.000000000000000000e+00
1.000000000000000000e+00 0.000000000000000000e+00 8.874627010740146482e-02 6.341674685328279049e-01 2.753857219225348540e-01 1.700539437235748736e-03 0.000000000000000000e+00 0.000000000000000000e+00 0.000000000000000000e+00 0.000000000000000000e+00
1.000000000000000000e+00 0.000000000000000000e+00 7.562171356368760367e-02 6.192475093551051968e-01 3.020259513048549338e-01 3.104825776352238432e-03 0.000000000000000000e+00 1.000000000000000000e+00 0.000000000000000000e+00 0.000000000000000000e+00
1.000000000000000000e+00 0.000000000000000000e+00 8.874627010740146482e-02 6.341674685328279049e-01 2.753857219225348540e-01 1.700539437235748736e-03 0.000000000000000000e+00 1.000000000000000000e+00 0.000000000000000000e+00 0.000000000000000000e+00
1.000000000000000000e+00 0.000000000000000000e+00 4.412324439908635321e-02 5.614991495358896412e-01 3.829170433007727525e-01 1.146056276425134850e-02 0.000000000000000000e+00 0.000000000000000000e+00 0.000000000000000000e+00 0.000000000000000000e+00
1.000000000000000000e+00 0.000000000000000000e+00 7.562171356368760367e-02 6.192475093551051968e-01 3.020259513048549338e-01 3.104825776352238432e-03 0.000000000000000000e+00 0.000000000000000000e+00 0.000000000000000000e+00 0.000000000000000000e+00
1.000000000000000000e+00 0.000000000000000000e+00 6.385945473101035941e-02 6.020135102298682650e-01 3.290020897118141607e-01 5.124945327307188839e-03 0.000000000000000000e+00 1.000000000000000000e+00 0.000000000000000000e+00 0.000000000000000000e+00
1.000000000000000000e+00 1.600000000000000033e-02 4.093333333333333268e-01 5.386666666666666270e-01 3.599999999999999728e-02 0.000000000000000000e+00 0.000000000000000000e+00 1.000000000000000000e+00 0.000000000000000000e+00 1.000000000000000000e+00
1.000000000000000000e+00 0.000000000000000000e+00 4.412324439908635321e-02 5.614991495358896412e-01 3.829170433007727525e-01 1.146056276425134850e-02 0.000000000000000000e+00 1.000000000000000000e+00 0.000000000000000000e+00 0.000000000000000000e+00
1.000000000000000000e+00 0.000000000000000000e+00 0.000000000000000000e+00 0.000000000000000000e+00 0.000000000000000000e+00 0.000000000000000000e+00 0.000000000000000000e+00 1.000000000000000000e+00 0.000000000000000000e+00 1.000000000000000000e+00
1.000000000000000000e+00 3.104825776352238432e-03 3.020259513048549338e-01 6.192475093551051968e-01 7.562171356368760367e-02 0.000000000000000000e+00 0.000000000000000000e+00 1.000000000000000000e+00 0.000000000000000000e+00 0.000000000000000000e+00
1.000000000000000000e+00 2.915876949992710228e-04 2.241580405306896340e-01 6.561695096466928501e-01 1.193808621276182119e-01 0.000000000000000000e+00 0.000000000000000000e+00 0.000000000000000000e+00 0.000000000000000000e+00 0.000000000000000000e+00
1.000000000000000000e+00 0.000000000000000000e+00 1.370401905039607127e-01 6.628037128833162983e-01 2.000931136706031177e-01 6.298294211984254928e-05 0.000000000000000000e+00 0.000000000000000000e+00 0.000000000000000000e+00 0.000000000000000000e+00
1.000000000000000000e+00 1.383735238372940657e-01 5.913851387471449339e-01 2.692862905185401390e-01 9.550468970209456719e-04 0.000000000000000000e+00 0.000000000000000000e+00 0.000000000000000000e+00 1.000000000000000000e+00 0.000000000000000000e+00
1.000000000000000000e+00 0.000000000000000000e+00 2.894046751227098008e-02 5.144159012489673000e-01 4.350404820916556892e-01 2.160314914710598916e-02 0.000000000000000000e+00 0.000000000000000000e+00 0.000000000000000000e+00 0.000000000000000000e+00
1.000000000000000000e+00 0.000000000000000000e+00 9.846527676532049883e-03 4.077088010885940861e-01 5.255524128881761126e-01 5.689225834669777576e-02 0.000000000000000000e+00 0.000000000000000000e+00 0.000000000000000000e+00 0.000000000000000000e+00
1.000000000000000000e+00 5.124945327307188839e-03 3.290020897118141607e-01 6.020135102298682650e-01 6.385945473101035941e-02 0.000000000000000000e+00 0.000000000000000000e+00 1.000000000000000000e+00 0.000000000000000000e+00 0.000000000000000000e+00
1.000000000000000000e+00 0.000000000000000000e+00 1.370401905039607127e-01 6.628037128833162983e-01 2.000931136706031177e-01 6.298294211984254928e-05 0.000000000000000000e+00 0.000000000000000000e+00 0.000000000000000000e+00 0.000000000000000000e+00
1.000000000000000000e+00 0.000000000000000000e+00 8.874627010740146482e-02 6.341674685328279049e-01 2.753857219225348540e-01 1.700539437235748736e-03 0.000000000000000000e+00 0.000000000000000000e+00 1.000000000000000000e+00 0.000000000000000000e+00
1.000000000000000000e+00 5.124945327307188839e-03 3.290020897118141607e-01 6.020135102298682650e-01 6.385945473101035941e-02 0.000000000000000000e+00 0.000000000000000000e+00 0.000000000000000000e+00 0.000000000000000000e+00 0.000000000000000000e+00
1.000000000000000000e+00 2.743770228896340035e-01 5.742209262769111255e-01 1.513705593623949075e-01 0.000000000000000000e+00 0.000000000000000000e+00 0.000000000000000000e+00 0.000000000000000000e+00 0.000000000000000000e+00 1.000000000000000000e+00
1.000000000000000000e+00 0.000000000000000000e+00 1.193808621276182119e-01 6.561695096466928501e-01 2.241580405306896340e-01 2.915876949992710228e-04 0.000000000000000000e+00 1.000000000000000000e+00 0.000000000000000000e+00 0.000000000000000000e+00
1.000000000000000000e+00 0.000000000000000000e+00 9.846527676532049883e-03 4.077088010885940861e-01 5.255524128881761126e-01 5.689225834669777576e-02 0.000000000000000000e+00 0.000000000000000000e+00 0.000000000000000000e+00 0.000000000000000000e+00
1.000000000000000000e+00 2.743770228896340035e-01 5.742209262769111255e-01 1.513705593623949075e-01 0.000000000000000000e+00 0.000000000000000000e+00 0.000000000000000000e+00 1.000000000000000000e+00 1.000000000000000000e+00 0.000000000000000000e+00
1.000000000000000000e+00 0.000000000000000000e+00 1.370401905039607127e-01 6.628037128833162983e-01 2.000931136706031177e-01 6.298294211984254928e-05 0.000000000000000000e+00 1.000000000000000000e+00 0.000000000000000000e+00 0.000000000000000000e+00
1.000000000000000000e+00 6.298294211984254928e-05 2.000931136706031177e-01 6.628037128833162983e-01 1.370401905039607127e-01 0.000000000000000000e+00 0.000000000000000000e+00 1.000000000000000000e+00 0.000000000000000000e+00 0.000000000000000000e+00
1.000000000000000000e+00 0.000000000000000000e+00 8.874627010740146482e-02 6.341674685328279049e-01 2.753857219225348540e-01 1.700539437235748736e-03 0.000000000000000000e+00 0.000000000000000000e+00 0.000000000000000000e+00 0.000000000000000000e+00
1.000000000000000000e+00 0.000000000000000000e+00 6.985857996792534629e-03 3.797257131749040004e-01 5.437949166545170687e-01 6.949351217378625656e-02 0.000000000000000000e+00 0.000000000000000000e+00 0.000000000000000000e+00 0.000000000000000000e+00
1.000000000000000000e+00 0.000000000000000000e+00 6.385945473101035941e-02 6.020135102298682650e-01 3.290020897118141607e-01 5.124945327307188839e-03 0.000000000000000000e+00 1.000000000000000000e+00 0.000000000000000000e+00 0.000000000000000000e+00
1.000000000000000000e+00 0.000000000000000000e+00 5.338484715944986220e-02 5.826894105068765040e-01 3.560528745686931673e-01 7.872867764980317346e-03 0.000000000000000000e+00 0.000000000000000000e+00 0.000000000000000000e+00 0.000000000000000000e+00
1.000000000000000000e+00 0.000000000000000000e+00 2.894046751227098008e-02 5.144159012489673000e-01 4.350404820916556892e-01 2.160314914710598916e-02 0.000000000000000000e+00 0.000000000000000000e+00 0.000000000000000000e+00 0.000000000000000000e+00
1.000000000000000000e+00 0.000000000000000000e+00 1.339767701802983824e-02 4.353933032026047756e-01 5.052944549740000513e-01 4.591456480536521001e-02 0.000000000000000000e+00 1.000000000000000000e+00 0.000000000000000000e+00 0.000000000000000000e+00
1.000000000000000000e+00 8.001166350779997591e-04 2.493426641395733168e-01 6.465494484132769948e-01 1.033077708120717364e-01 0.000000000000000000e+00 0.000000000000000000e+00 0.000000000000000000e+00 1.000000000000000000e+00 0.000000000000000000e+00
1.000000000000000000e+00 2.332701559994168037e-06 1.774091461340331632e-01 6.662281187733877230e-01 1.563604023910190877e-01 0.000000000000000000e+00 0.000000000000000000e+00 0.000000000000000000e+00 0.000000000000000000e+00 0.000000000000000000e+00
1.000000000000000000e+00 0.000000000000000000e+00 1.193808621276182119e-01 6.561695096466928501e-01 2.241580405306896340e-01 2.915876949992710228e-04 0.000000000000000000e+00 0.000000000000000000e+00 0.000000000000000000e+00 0.000000000000000000e+00
1.000000000000000000e+00 0.000000000000000000e+00 1.193808621276182119e-01 6.561695096466928501e-01 2.241580405306896340e-01 2.915876949992710228e-04 0.000000000000000000e+00 1.000000000000000000e+00 0.000000000000000000e+00 0.000000000000000000e+00
1.000000000000000000e+00 0.000000000000000000e+00 8.874627010740146482e-02 6.341674685328279049e-01 2.753857219225348540e-01 1.700539437235748736e-03 0.000000000000000000e+00 1.000000000000000000e+00 0.000000000000000000e+00 0.000000000000000000e+00
1.000000000000000000e+00 0.000000000000000000e+00 1.193808621276182119e-01 6.561695096466928501e-01 2.241580405306896340e-01 2.915876949992710228e-04 0.000000000000000000e+00 1.000000000000000000e+00 0.000000000000000000e+00 0.000000000000000000e+00
1.000000000000000000e+00 0.000000000000000000e+00 1.193808621276182119e-01 6.561695096466928501e-01 2.241580405306896340e-01 2.915876949992710228e-04 0.000000000000000000e+00 1.000000000000000000e+00 0.000000000000000000e+00 0.000000000000000000e+00
1.000000000000000000e+00 0.000000000000000000e+00 1.339767701802983824e-02 4.353933032026047756e-01 5.052944549740000513e-01 4.591456480536521001e-02 0.000000000000000000e+00 0.000000000000000000e+00 0.000000000000000000e+00 0.000000000000000000e+00
1.000000000000000000e+00 1.700539437235748736e-03 2.753857219225348540e-01 6.341674685328279049e-01 8.874627010740146482e-02 0.000000000000000000e+00 0.000000000000000000e+00 0.000000000000000000e+00 1.000000000000000000e+00 0.000000000000000000e+00
1.000000000000000000e+00 0.000000000000000000e+00 8.874627010740146482e-02 6.341674685328279049e-01 2.753857219225348540e-01 1.700539437235748736e-03 0.000000000000000000e+00 1.000000000000000000e+00 0.000000000000000000e+00 0.000000000000000000e+00
1.000000000000000000e+00 0.000000000000000000e+00 6.385945473101035941e-02 6.020135102298682650e-01 3.290020897118141607e-01 5.124945327307188839e-03 0.000000000000000000e+00 1.000000000000000000e+00 0.000000000000000000e+00 0.000000000000000000e+00
1.000000000000000000e+00 1.000145793847499465e-01 5.731885114448169727e-01 3.237595373475238847e-01 3.037371822909073430e-03 0.000000000000000000e+00 0.000000000000000000e+00 0.000000000000000000e+00 1.000000000000000000e+00 0.000000000000000000e+00
1.000000000000000000e+00 0.000000000000000000e+00 5.338484715944986220e-02 5.826894105068765040e-01 3.560528745686931673e-01 7.872867764980317346e-03 0.000000000000000000e+00 1.000000000000000000e+00 0.000000000000000000e+00 0.000000000000000000e+00
1.000000000000000000e+00 5.960052485785100052e-01 1.975020654128395448e-01 1.244107498663556133e-02 0.000000000000000000e+00 0.000000000000000000e+00 0.000000000000000000e+00 0.000000000000000000e+00 0.000000000000000000e+00 1.000000000000000000e+00
1.000000000000000000e+00 0.000000000000000000e+00 9.846527676532049883e-03 4.077088010885940861e-01 5.255524128881761126e-01 5.689225834669777576e-02 0.000000000000000000e+00 0.000000000000000000e+00 0.000000000000000000e+00 0.000000000000000000e+00
1.000000000000000000e+00 0.000000000000000000e+00 1.370401905039607127e-01 6.628037128833162983e-01 2.000931136706031177e-01 6.298294211984254928e-05 0.000000000000000000e+00 1.000000000000000000e+00 1.000000000000000000e+00 0.000000000000000000e+00
1.000000000000000000e+00 0.000000000000000000e+00 8.874627010740146482e-02 6.341674685328279049e-01 2.753857219225348540e-01 1.700539437235748736e-03 0.000000000000000000e+00 1.000000000000000000e+00 0.000000000000000000e+00 0.000000000000000000e+00
1.000000000000000000e+00 0.000000000000000000e+00 4.412324439908635321e-02 5.614991495358896412e-01 3.829170433007727525e-01 1.146056276425134850e-02 0.000000000000000000e+00 1.000000000000000000e+00 0.000000000000000000e+00 0.000000000000000000e+00
1.000000000000000000e+00 0.000000000000000000e+00 6.385945473101035941e-02 6.020135102298682650e-01 3.290020897118141607e-01 5.124945327307188839e-03 0.000000000000000000e+00 0.000000000000000000e+00 1.000000000000000000e+00 0.000000000000000000e+00
1.000000000000000000e+00 5.668278174661028901e-01 1.351598386548087394e-01 6.369830393157408475e-03 0.000000000000000000e+00 0.000000000000000000e+00 0.000000000000000000e+00 1.000000000000000000e+00 0.000000000000000000e+00 1.000000000000000000e+00
1.000000000000000000e+00 0.000000000000000000e+00 2.287000048597948379e-02 4.889707926325508325e-01 4.597772270010205276e-01 2.838197988044904516e-02 0.000000000000000000e+00 1.000000000000000000e+00 0.000000000000000000e+00 0.000000000000000000e+00
1.000000000000000000e+00 0.000000000000000000e+00 2.429897458327258072e-05 1.942946007678476028e-01 5.931136706031004957e-01 2.125674296544685649e-01 0.000000000000000000e+00 0.000000000000000000e+00 0.000000000000000000e+00 0.000000000000000000e+00
1.000000000000000000e+00 2.915876949992710228e-04 2.241580405306896340e-01 6.561695096466928501e-01 1.193808621276182119e-01 0.000000000000000000e+00 0.000000000000000000e+00 0.000000000000000000e+00 0.000000000000000000e+00 0.000000000000000000e+00
1.000000000000000000e+00 0.000000000000000000e+00 5.338484715944986220e-02 5.826894105068765040e-01 3.560528745686931673e-01 7.872867764980317346e-03 0.000000000000000000e+00 0.000000000000000000e+00 0.000000000000000000e+00 0.000000000000000000e+00
1.000000000000000000e+00 0.000000000000000000e+00 2.894046751227098008e-02 5.144159012489673000e-01 4.350404820916556892e-01 2.160314914710598916e-02 0.000000000000000000e+00 1.000000000000000000e+00 0.000000000000000000e+00 0.000000000000000000e+00
1.000000000000000000e+00 1.700539437235748736e-03 2.753857219225348540e-01 6.341674685328279049e-01 8.874627010740146482e-02 0.000000000000000000e+00 0.000000000000000000e+00 1.000000000000000000e+00 1.000000000000000000e+00 0.000000000000000000e+00
1.000000000000000000e+00 0.000000000000000000e+00 2.894046751227098008e-02 5.144159012489673000e-01 4.350404820916556892e-01 2.160314914710598916e-02 0.000000000000000000e+00 0.000000000000000000e+00 0.000000000000000000e+00 0.000000000000000000e+00
1.000000000000000000e+00 3.644846187490887596e-02 4.832823054867084744e-01 4.625552801671769521e-01 1.771395247120571489e-02 0.000000000000000000e+00 0.000000000000000000e+00 1.000000000000000000e+00 0.000000000000000000e+00 1.000000000000000000e+00
1.000000000000000000e+00 0.000000000000000000e+00 8.874627010740146482e-02 6.341674685328279049e-01 2.753857219225348540e-01 1.700539437235748736e-03 0.000000000000000000e+00 1.000000000000000000e+00 0.000000000000000000e+00 0.000000000000000000e+00
1.000000000000000000e+00 1.700539437235748736e-03 2.753857219225348540e-01 6.341674685328279049e-01 8.874627010740146482e-02 0.000000000000000000e+00 0.000000000000000000e+00 1.000000000000000000e+00 1.000000000000000000e+00 0.000000000000000000e+00
1.000000000000000000e+00 0.000000000000000000e+00 1.033077708120717364e-01 6.465494484132769948e-01 2.493426641395733168e-01 8.001166350779997591e-04 0.000000000000000000e+00 0.000000000000000000e+00 0.000000000000000000e+00 0.000000000000000000e+00
1.000000000000000000e+00 2.421880740632745554e-01 5.858270884968654890e-01 1.719846430480633515e-01 1.943917966661806786e-07 0.000000000000000000e+00 0.000000000000000000e+00 0.000000000000000000e+00 0.000000000000000000e+00 1.000000000000000000e+00
1.000000000000000000e+00 7.872867764980317346e-03 3.560528745686931673e-01 5.826894105068765040e-01 5.338484715944986220e-02 0.000000000000000000e+00 0.000000000000000000e+00 0.000000000000000000e+00 1.000000000000000000e+00 0.000000000000000000e+00
1.000000000000000000e+00 0.000000000000000000e+00 1.417116197696457460e-04 2.180974874860280854e-01 5.962946979637459011e-01 1.854661029304563169e-01 0.000000000000000000e+00 0.000000000000000000e+00 0.000000000000000000e+00 0.000000000000000000e+00
1.000000000000000000e+00 0.000000000000000000e+00 1.417116197696457460e-04 2.180974874860280854e-01 5.962946979637459011e-01 1.854661029304563169e-01 0.000000000000000000e+00 1.000000000000000000e+00 0.000000000000000000e+00 0.000000000000000000e+00
1.000000000000000000e+00 5.808473538416678572e-01 2.990865529474656670e-01 2.733304174563833816e-02 0.000000000000000000e+00 0.000000000000000000e+00 0.000000000000000000e+00 1.000000000000000000e+00 0.000000000000000000e+00 1.000000000000000000e+00
1.000000000000000000e+00 0.000000000000000000e+00 5.338484715944986220e-02 5.826894105068765040e-01 3.560528745686931673e-01 7.872867764980317346e-03 0.000000000000000000e+00 1.000000000000000000e+00 0.000000000000000000e+00 0.000000000000000000e+00
1.000000000000000000e+00 0.000000000000000000e+00 0.000000000000000000e+00 9.952859989308449062e-02 5.163046119453758021e-01 3.802303542790493873e-01 3.936433882490158673e-03 0.000000000000000000e+00 0.000000000000000000e+00 0.000000000000000000e+00
1.000000000000000000e+00 0.000000000000000000e+00 2.894046751227098008e-02 5.144159012489673000e-01 4.350404820916556892e-01 2.160314914710598916e-02 0.000000000000000000e+00 0.000000000000000000e+00 0.000000000000000000e+00 0.000000000000000000e+00
1.000000000000000000e+00 0.000000000000000000e+00 5.338484715944986220e-02 5.826894105068765040e-01 3.560528745686931673e-01 7.872867764980317346e-03 0.000000000000000000e+00 1.000000000000000000e+00 0.000000000000000000e+00 1.000000000000000000e+00
1.000000000000000000e+00 3.441807843708994952e-01 5.390500072896924344e-01 1.152167954512319514e-01 0.000000000000000000e+00 0.000000000000000000e+00 0.000000000000000000e+00 1.000000000000000000e+00 0.000000000000000000e+00 1.000000000000000000e+00
1.000000000000000000e+00 0.000000000000000000e+00 5.338484715944986220e-02 5.826894105068765040e-01 3.560528745686931673e-01 7.872867764980317346e-03 0.000000000000000000e+00 0.000000000000000000e+00 0.000000000000000000e+00 0.000000000000000000e+00
1.000000000000000000e+00 0.000000000000000000e+00 1.033077708120717364e-01 6.465494484132769948e-01 2.493426641395733168e-01 8.001166350779997591e-04 0.000000000000000000e+00 1.000000000000000000e+00 0.000000000000000000e+00 0.000000000000000000e+00
1.000000000000000000e+00 6.298294211984254928e-05 2.000931136706031177e-01 6.628037128833162983e-01 1.370401905039607127e-01 0.000000000000000000e+00 0.000000000000000000e+00 0.000000000000000000e+00 0.000000000000000000e+00 0.000000000000000000e+00
1.000000000000000000e+00 0.000000000000000000e+00 6.985857996792534629e-03 3.797257131749040004e-01 5.437949166545170687e-01 6.949351217378625656e-02 0.000000000000000000e+00 0.000000000000000000e+00 0.000000000000000000e+00 0.000000000000000000e+00
1.000000000000000000e+00 3.104825776352238432e-03 3.020259513048549338e-01 6.192475093551051968e-01 7.562171356368760367e-02 0.000000000000000000e+00 0.000000000000000000e+00 1.000000000000000000e+00 0.000000000000000000e+00 1.000000000000000000e+00
1.000000000000000000e+00 6.298294211984254928e-05 2.000931136706031177e-01 6.628037128833162983e-01 1.370401905039607127e-01 0.000000000000000000e+00 0.000000000000000000e+00 1.000000000000000000e+00 0.000000000000000000e+00 0.000000000000000000e+00
1.000000000000000000e+00 0.000000000000000000e+00 4.412324439908635321e-02 5.614991495358896412e-01 3.829170433007727525e-01 1.146056276425134850e-02 0.000000000000000000e+00 0.000000000000000000e+00 0.000000000000000000e+00 0.000000000000000000e+00
1.000000000000000000e+00 0.000000000000000000e+00 1.033077708120717364e-01 6.465494484132769948e-01 2.493426641395733168e-01 8.001166350779997591e-04 0.000000000000000000e+00 0.000000000000000000e+00 0.000000000000000000e+00 0.000000000000000000e+00
1.000000000000000000e+00 0.000000000000000000e+00 3.037371822909073430e-03 3.237595373475238847e-01 5.731885114448169727e-01 1.000145793847499465e-01 0.000000000000000000e+00 0.000000000000000000e+00 0.000000000000000000e+00 0.000000000000000000e+00
1.000000000000000000e+00 0.000000000000000000e+00 1.033077708120717364e-01 6.465494484132769948e-01 2.493426641395733168e-01 8.001166350779997591e-04 0.000000000000000000e+00 1.000000000000000000e+00 0.000000000000000000e+00 0.000000000000000000e+00
1.000000000000000000e+00 0.000000000000000000e+00 1.370401905039607127e-01 6.628037128833162983e-01 2.000931136706031177e-01 6.298294211984254928e-05 0.000000000000000000e+00 1.000000000000000000e+00 0.000000000000000000e+00 0.000000000000000000e+00
1.000000000000000000e+00 0.000000000000000000e+00 5.338484715944986220e-02 5.826894105068765040e-01 3.560528745686931673e-01 7.872867764980317346e-03 0.000000000000000000e+00 0.000000000000000000e+00 0.000000000000000000e+00 0.000000000000000000e+00
1.000000000000000000e+00 0.000000000000000000e+00 2.894046751227098008e-02 5.144159012489673000e-01 4.350404820916556892e-01 2.160314914710598916e-02 0.000000000000000000e+00 0.000000000000000000e+00 0.000000000000000000e+00 0.000000000000000000e+00
1.000000000000000000e+00 0.000000000000000000e+00 1.193808621276182119e-01 6.561695096466928501e-01 2.241580405306896340e-01 2.915876949992710228e-04 0.000000000000000000e+00 0.000000000000000000e+00 0.000000000000000000e+00 0.000000000000000000e+00
1.000000000000000000e+00 5.858673275987752449e-01 1.655191718909461984e-01 9.069543665257327747e-03 0.000000000000000000e+00 0.000000000000000000e+00 0.000000000000000000e+00 0.000000000000000000e+00 0.000000000000000000e+00 1.000000000000000000e+00
1.000000000000000000e+00 1.000145793847499465e-01 5.731885114448169727e-01 3.237595373475238847e-01 3.037371822909073430e-03 0.000000000000000000e+00 0.000000000000000000e+00 1.000000000000000000e+00 1.000000000000000000e+00 0.000000000000000000e+00
1.000000000000000000e+00 0.000000000000000000e+00 5.338484715944986220e-02 5.826894105068765040e-01 3.560528745686931673e-01 7.872867764980317346e-03 0.000000000000000000e+00 0.000000000000000000e+00 0.000000000000000000e+00 0.000000000000000000e+00
1.000000000000000000e+00 0.000000000000000000e+00 6.385945473101035941e-02 6.020135102298682650e-01 3.290020897118141607e-01 5.124945327307188839e-03 0.000000000000000000e+00 1.000000000000000000e+00 0.000000000000000000e+00 0.000000000000000000e+00
1.000000000000000000e+00 0.000000000000000000e+00 3.599999999999999728e-02 5.386666666666666270e-01 4.093333333333333268e-01 1.600000000000000033e-02 0.000000000000000000e+00 0.000000000000000000e+00 0.000000000000000000e+00 0.000000000000000000e+00
1.000000000000000000e+00 0.000000000000000000e+00 0.000000000000000000e+00 9.952859989308450743e-05 1.008971181416144086e-02 2.217652719055255850e-01 7.680454876804199138e-01 1.000000000000000000e+00 0.000000000000000000e+00 0.000000000000000000e+00
1.000000000000000000e+00 8.383029596151041207e-02 5.597607036983038853e-01 3.516679788112941907e-01 4.741021528891480735e-03 0.000000000000000000e+00 0.000000000000000000e+00 1.000000000000000000e+00 1.000000000000000000e+00 0.000000000000000000e+00
1.000000000000000000e+00 2.332701559994168037e-06 1.774091461340331632e-01 6.662281187733877230e-01 1.563604023910190877e-01 0.000000000000000000e+00 0.000000000000000000e+00 0.000000000000000000e+00 0.000000000000000000e+00 0.000000000000000000e+00
1.000000000000000000e+00 0.000000000000000000e+00 4.412324439908635321e-02 5.614991495358896412e-01 3.829170433007727525e-01 1.146056276425134850e-02 0.000000000000000000e+00 1.000000000000000000e+00 0.000000000000000000e+00 0.000000000000000000e+00
1.000000000000000000e+00 0.000000000000000000e+00 2.894046751227098008e-02 5.144159012489673000e-01 4.350404820916556892e-01 2.160314914710598916e-02 0.000000000000000000e+00 1.000000000000000000e+00 0.000000000000000000e+00 0.000000000000000000e+00
1.000000000000000000e+00 0.000000000000000000e+00 6.985857996792534629e-03 3.797257131749040004e-01 5.437949166545170687e-01 6.949351217378625656e-02 0.000000000000000000e+00 1.000000000000000000e+00 0.000000000000000000e+00 0.000000000000000000e+00
1.000000000000000000e+00 0.000000000000000000e+00 5.338484715944986220e-02 5.826894105068765040e-01 3.560528745686931673e-01 7.872867764980317346e-03 0.000000000000000000e+00 0.000000000000000000e+00 0.000000000000000000e+00 0.000000000000000000e+00
1.000000000000000000e+00 0.000000000000000000e+00 1.339767701802983824e-02 4.353933032026047756e-01 5.052944549740000513e-01 4.591456480536521001e-02 0.000000000000000000e+00 0.000000000000000000e+00 0.000000000000000000e+00 0.000000000000000000e+00
1.000000000000000000e+00 2.160314914710598916e-02 4.350404820916556892e-01 5.144159012489673000e-01 2.894046751227098008e-02 0.000000000000000000e+00 0.000000000000000000e+00 1.000000000000000000e+00 0.000000000000000000e+00 1.000000000000000000e+00
1.000000000000000000e+00 0.000000000000000000e+00 3.037371822909073430e-03 3.237595373475238847e-01 5.731885114448169727e-01 1.000145793847499465e-01 0.000000000000000000e+00 1.000000000000000000e+00 0.000000000000000000e+00 0.000000000000000000e+00
1.000000000000000000e+00 0.000000000000000000e+00 7.562171356368760367e-02 6.192475093551051968e-01 3.020259513048549338e-01 3.104825776352238432e-03 0.000000000000000000e+00 1.000000000000000000e+00 0.000000000000000000e+00 0.000000000000000000e+00
1.000000000000000000e+00 0.000000000000000000e+00 6.385945473101035941e-02 6.020135102298682650e-01 3.290020897118141607e-01 5.124945327307188839e-03 0.000000000000000000e+00 1.000000000000000000e+00 0.000000000000000000e+00 0.000000000000000000e+00
1.000000000000000000e+00 0.000000000000000000e+00 1.193808621276182119e-01 6.561695096466928501e-01 2.241580405306896340e-01 2.915876949992710228e-04 0.000000000000000000e+00 1.000000000000000000e+00 0.000000000000000000e+00 1.000000000000000000e+00
1.000000000000000000e+00 0.000000000000000000e+00 4.412324439908635321e-02 5.614991495358896412e-01 3.829170433007727525e-01 1.146056276425134850e-02 0.000000000000000000e+00 1.000000000000000000e+00 0.000000000000000000e+00 0.000000000000000000e+00
1.000000000000000000e+00 8.383029596151041207e-02 5.597607036983038853e-01 3.516679788112941907e-01 4.741021528891480735e-03 0.000000000000000000e+00 0.000000000000000000e+00 0.000000000000000000e+00 1.000000000000000000e+00 0.000000000000000000e+00
1.000000000000000000e+00 0.000000000000000000e+00 2.287000048597948379e-02 4.889707926325508325e-01 4.597772270010205276e-01 2.838197988044904516e-02 0.000000000000000000e+00 1.000000000000000000e+00 0.000000000000000000e+00 0.000000000000000000e+00
1.000000000000000000e+00 0.000000000000000000e+00 9.846527676532049883e-03 4.077088010885940861e-01 5.255524128881761126e-01 5.689225834669777576e-02 0.000000000000000000e+00 1.000000000000000000e+00 0.000000000000000000e+00 0.000000000000000000e+00
1.000000000000000000e+00 0.000000000000000000e+00 3.599999999999999728e-02 5.386666666666666270e-01 4.093333333333333268e-01 1.600000000000000033e-02 0.000000000000000000e+00 0.000000000000000000e+00 0.000000000000000000e+00 0.000000000000000000e+00
1.000000000000000000e+00 0.000000000000000000e+00 4.412324439908635321e-02 5.614991495358896412e-01 3.829170433007727525e-01 1.146056276425134850e-02 0.000000000000000000e+00 1.000000000000000000e+00 1.000000000000000000e+00 0.000000000000000000e+00
1.000000000000000000e+00 0.000000000000000000e+00 3.599999999999999728e-02 5.386666666666666270e-01 4.093333333333333268e-01 1.600000000000000033e-02 0.000000000000000000e+00 0.000000000000000000e+00 0.000000000000000000e+00 0.000000000000000000e+00
1.000000000000000000e+00 0.000000000000000000e+00 9.846527676532049883e-03 4.077088010885940861e-01 5.255524128881761126e-01 5.689225834669777576e-02 0.000000000000000000e+00 1.000000000000000000e+00 0.000000000000000000e+00 0.000000000000000000e+00
1.000000000000000000e+00 0.000000000000000000e+00 0.000000000000000000e+00 0.000000000000000000e+00 0.000000000000000000e+00 0.000000000000000000e+00 0.000000000000000000e+00 1.000000000000000000e+00 0.000000000000000000e+00 1.000000000000000000e+00
1.000000000000000000e+00 0.000000000000000000e+00 9.846527676532049883e-03 4.077088010885940861e-01 5.255524128881761126e-01 5.689225834669777576e-02 0.000000000000000000e+00 1.000000000000000000e+00 0.000000000000000000e+00 0.000000000000000000e+00
1.000000000000000000e+00 0.000000000000000000e+00 8.874627010740146482e-02 6.341674685328279049e-01 2.753857219225348540e-01 1.700539437235748736e-03 0.000000000000000000e+00 1.000000000000000000e+00 0.000000000000000000e+00 0.000000000000000000e+00
1.000000000000000000e+00 3.086350779997084071e-01 5.584922972250571105e-01 1.324725664576954787e-01 0.000000000000000000e+00 0.000000000000000000e+00 0.000000000000000000e+00 0.000000000000000000e+00 0.000000000000000000e+00 1.000000000000000000e+00
1.000000000000000000e+00 0.000000000000000000e+00 4.741021528891480735e-03 3.516679788112941907e-01 5.597607036983038853e-01 8.383029596151041207e-02 0.000000000000000000e+00 1.000000000000000000e+00 0.000000000000000000e+00 0.000000000000000000e+00
1.000000000000000000e+00 2.915876949992710228e-04 2.241580405306896340e-01 6.561695096466928501e-01 1.193808621276182119e-01 0.000000000000000000e+00 0.000000000000000000e+00 1.000000000000000000e+00 0.000000000000000000e+00 0.000000000000000000e+00
1.000000000000000000e+00 0.000000000000000000e+00 0.000000000000000000e+00 1.244107498663556343e-05 2.590853865966856115e-03 1.184685814258638337e-01 8.789281236331826230e-01 1.000000000000000000e+00 0.000000000000000000e+00 0.000000000000000000e+00
1.000000000000000000e+00 0.000000000000000000e+00 0.000000000000000000e+00 2.687272197113281958e-03 8.095407493803762067e-02 4.989088788453127643e-01 4.174497740195363127e-01 1.000000000000000000e+00 0.000000000000000000e+00 0.000000000000000000e+00
1.000000000000000000e+00 0.000000000000000000e+00 6.985857996792534629e-03 3.797257131749040004e-01 5.437949166545170687e-01 6.949351217378625656e-02 0.000000000000000000e+00 1.000000000000000000e+00 0.000000000000000000e+00 0.000000000000000000e+00
1.000000000000000000e+00 6.298294211984254928e-05 2.000931136706031177e-01 6.628037128833162983e-01 1.370401905039607127e-01 0.000000000000000000e+00 0.000000000000000000e+00 0.000000000000000000e+00 0.000000000000000000e+00 0.000000000000000000e+00
1.000000000000000000e+00 0.000000000000000000e+00 1.771395247120571489e-02 4.625552801671769521e-01 4.832823054867084744e-01 3.644846187490887596e-02 0.000000000000000000e+00 0.000000000000000000e+00 0.000000000000000000e+00 0.000000000000000000e+00
1.000000000000000000e+00 0.000000000000000000e+00 3.599999999999999728e-02 5.386666666666666270e-01 4.093333333333333268e-01 1.600000000000000033e-02 0.000000000000000000e+00 0.000000000000000000e+00 0.000000000000000000e+00 0.000000000000000000e+00
1.000000000000000000e+00 0.000000000000000000e+00 6.385945473101035941e-02 6.020135102298682650e-01 3.290020897118141607e-01 5.124945327307188839e-03 0.000000000000000000e+00 1.000000000000000000e+00 0.000000000000000000e+00 0.000000000000000000e+00
1.000000000000000000e+00 2.743770228896340035e-01 5.742209262769111255e-01 1.513705593623949075e-01 0.000000000000000000e+00 0.000000000000000000e+00 0.000000000000000000e+00 0.000000000000000000e+00 0.000000000000000000e+00 1.000000000000000000e+00
1.000000000000000000e+00 0.000000000000000000e+00 2.894046751227098008e-02 5.144159012489673000e-01 4.350404820916556892e-01 2.160314914710598916e-02 0.000000000000000000e+00 0.000000000000000000e+00 0.000000000000000000e+00 0.000000000000000000e+00
1.000000000000000000e+00 2.838197988044904516e-02 4.597772270010205276e-01 4.889707926325508325e-01 2.287000048597948379e-02 0.000000000000000000e+00 0.000000000000000000e+00 1.000000000000000000e+00 0.000000000000000000e+00 1.000000000000000000e+00
1.000000000000000000e+00 0.000000000000000000e+00 1.771395247120571489e-02 4.625552801671769521e-01 4.832823054867084744e-01 3.644846187490887596e-02 0.000000000000000000e+00 1.000000000000000000e+00 0.000000000000000000e+00 0.000000000000000000e+00
1.000000000000000000e+00 0.000000000000000000e+00 4.741021528891480735e-03 3.516679788112941907e-01 5.597607036983038853e-01 8.383029596151041207e-02 0.000000000000000000e+00 1.000000000000000000e+00 0.000000000000000000e+00 0.000000000000000000e+00
1.000000000000000000e+00 0.000000000000000000e+00 9.550468970209456719e-04 2.692862905185401390e-01 5.913851387471449339e-01 1.383735238372940657e-01 0.000000000000000000e+00 0.000000000000000000e+00 0.000000000000000000e+00 0.000000000000000000e+00
1.000000000000000000e+00 8.001166350779997591e-04 2.493426641395733168e-01 6.465494484132769948e-01 1.033077708120717364e-01 0.000000000000000000e+00 0.000000000000000000e+00 0.000000000000000000e+00 0.000000000000000000e+00 0.000000000000000000e+00
1.000000000000000000e+00 0.000000000000000000e+00 3.599999999999999728e-02 5.386666666666666270e-01 4.093333333333333268e-01 1.600000000000000033e-02 0.000000000000000000e+00 0.000000000000000000e+00 0.000000000000000000e+00 0.000000000000000000e+00
1.000000000000000000e+00 0.000000000000000000e+00 5.338484715944986220e-02 5.826894105068765040e-01 3.560528745686931673e-01 7.872867764980317346e-03 0.000000000000000000e+00 0.000000000000000000e+00 0.000000000000000000e+00 0.000000000000000000e+00
1.000000000000000000e+00 0.000000000000000000e+00 1.370401905039607127e-01 6.628037128833162983e-01 2.000931136706031177e-01 6.298294211984254928e-05 0.000000000000000000e+00 0.000000000000000000e+00 0.000000000000000000e+00 0.000000000000000000e+00
1.000000000000000000e+00 0.000000000000000000e+00 9.846527676532049883e-03 4.077088010885940861e-01 5.255524128881761126e-01 5.689225834669777576e-02 0.000000000000000000e+00 1.000000000000000000e+00 0.000000000000000000e+00 0.000000000000000000e+00
1.000000000000000000e+00 7.872867764980317346e-03 3.560528745686931673e-01 5.826894105068765040e-01 5.338484715944986220e-02 0.000000000000000000e+00 0.000000000000000000e+00 1.000000000000000000e+00 0.000000000000000000e+00 1.000000000000000000e+00
1.000000000000000000e+00 0.000000000000000000e+00 1.370401905039607127e-01 6.628037128833162983e-01 2.000931136706031177e-01 6.298294211984254928e-05 0.000000000000000000e+00 1.000000000000000000e+00 0.000000000000000000e+00 0.000000000000000000e+00
1.000000000000000000e+00 0.000000000000000000e+00 1.193808621276182119e-01 6.561695096466928501e-01 2.241580405306896340e-01 2.915876949992710228e-04 0.000000000000000000e+00 0.000000000000000000e+00 0.000000000000000000e+00 0.000000000000000000e+00
1.000000000000000000e+00 0.000000000000000000e+00 1.339767701802983824e-02 4.353933032026047756e-01 5.052944549740000513e-01 4.591456480536521001e-02 0.000000000000000000e+00 1.000000000000000000e+00 0.000000000000000000e+00 0.000000000000000000e+00
1.000000000000000000e+00 0.000000000000000000e+00 3.599999999999999728e-02 5.386666666666666270e-01 4.093333333333333268e-01 1.600000000000000033e-02 0.000000000000000000e+00 0.000000000000000000e+00 0.000000000000000000e+00 0.000000000000000000e+00
1.000000000000000000e+00 0.000000000000000000e+00 1.370401905039607127e-01 6.628037128833162983e-01 2.000931136706031177e-01 6.298294211984254928e-05 0.000000000000000000e+00 0.000000000000000000e+00 0.000000000000000000e+00 0.000000000000000000e+00
1.000000000000000000e+00 0.000000000000000000e+00 5.338484715944986220e-02 5.826894105068765040e-01 3.560528745686931673e-01 7.872867764980317346e-03 0.000000000000000000e+00 0.000000000000000000e+00 0.000000000000000000e+00 0.000000000000000000e+00
1.000000000000000000e+00 0.000000000000000000e+00 5.338484715944986220e-02 5.826894105068765040e-01 3.560528745686931673e-01 7.872867764980317346e-03 0.000000000000000000e+00 1.000000000000000000e+00 0.000000000000000000e+00 0.000000000000000000e+00
1.000000000000000000e+00 0.000000000000000000e+00 3.599999999999999728e-02 5.386666666666666270e-01 4.093333333333333268e-01 1.600000000000000033e-02 0.000000000000000000e+00 1.000000000000000000e+00 0.000000000000000000e+00 0.000000000000000000e+00
1.000000000000000000e+00 2.332701559994168037e-06 1.774091461340331632e-01 6.662281187733877230e-01 1.563604023910190877e-01 0.000000000000000000e+00 0.000000000000000000e+00 0.000000000000000000e+00 0.000000000000000000e+00 0.000000000000000000e+00
1.000000000000000000e+00 0.000000000000000000e+00 7.562171356368760367e-02 6.192475093551051968e-01 3.020259513048549338e-01 3.104825776352238432e-03 0.000000000000000000e+00 1.000000000000000000e+00 0.000000000000000000e+00 0.000000000000000000e+00
1.000000000000000000e+00 0.000000000000000000e+00 2.287000048597948379e-02 4.889707926325508325e-01 4.597772270010205276e-01 2.838197988044904516e-02 0.000000000000000000e+00 1.000000000000000000e+00 0.000000000000000000e+00 0.000000000000000000e+00
1.000000000000000000e+00 6.298294211984254928e-05 2.000931136706031177e-01 6.628037128833162983e-01 1.370401905039607127e-01 0.000000000000000000e+00 0.000000000000000000e+00 1.000000000000000000e+00 0.000000000000000000e+00 0.000000000000000000e+00
1.000000000000000000e+00 1.607721242163580588e-01 5.956314331535209616e-01 2.431693638528454326e-01 4.270787772755990338e-04 0.000000000000000000e+00 0.000000000000000000e+00 1.000000000000000000e+00 0.000000000000000000e+00 1.000000000000000000e+00
1.000000000000000000e+00 0.000000000000000000e+00 3.599999999999999728e-02 5.386666666666666270e-01 4.093333333333333268e-01 1.600000000000000033e-02 0.000000000000000000e+00 0.000000000000000000e+00 0.000000000000000000e+00 0.000000000000000000e+00
1.000000000000000000e+00 0.000000000000000000e+00 7.562171356368760367e-02 6.192475093551051968e-01 3.020259513048549338e-01 3.104825776352238432e-03 0.000000000000000000e+00 0.000000000000000000e+00 0.000000000000000000e+00 0.000000000000000000e+00
1.000000000000000000e+00 0.000000000000000000e+00 7.562171356368760367e-02 6.192475093551051968e-01 3.020259513048549338e-01 3.104825776352238432e-03 0.000000000000000000e+00 1.000000000000000000e+00 0.000000000000000000e+00 0.000000000000000000e+00
1.000000000000000000e+00 0.000000000000000000e+00 1.370401905039607127e-01 6.628037128833162983e-01 2.000931136706031177e-01 6.298294211984254928e-05 0.000000000000000000e+00 0.000000000000000000e+00 0.000000000000000000e+00 0.000000000000000000e+00
1.000000000000000000e+00 0.000000000000000000e+00 7.562171356368760367e-02 6.192475093551051968e-01 3.020259513048549338e-01 3.104825776352238432e-03 0.000000000000000000e+00 0.000000000000000000e+00 0.000000000000000000e+00 0.000000000000000000e+00
1.000000000000000000e+00 6.298294211984254928e-05 2.000931136706031177e-01 6.628037128833162983e-01 1.370401905039607127e-01 0.000000000000000000e+00 0.000000000000000000e+00 1.000000000000000000e+00 0.000000000000000000e+00 0.000000000000000000e+00
1.000000000000000000e+00 0.000000000000000000e+00 8.874627010740146482e-02 6.341674685328279049e-01 2.753857219225348540e-01 1.700539437235748736e-03 0.000000000000000000e+00 1.000000000000000000e+00 1.000000000000000000e+00 0.000000000000000000e+00
1.000000000000000000e+00 0.000000000000000000e+00 2.287000048597948379e-02 4.889707926325508325e-01 4.597772270010205276e-01 2.838197988044904516e-02 0.000000000000000000e+00 0.000000000000000000e+00 0.000000000000000000e+00 0.000000000000000000e+00
1.000000000000000000e+00 0.000000000000000000e+00 4.741021528891480735e-03 3.516679788112941907e-01 5.597607036983038853e-01 8.383029596151041207e-02 0.000000000000000000e+00 0.000000000000000000e+00 0.000000000000000000e+00 0.000000000000000000e+00
1.000000000000000000e+00 0.000000000000000000e+00 4.412324439908635321e-02 5.614991495358896412e-01 3.829170433007727525e-01 1.146056276425134850e-02 0.000000000000000000e+00 0.000000000000000000e+00 0.000000000000000000e+00 0.000000000000000000e+00
1.000000000000000000e+00 0.000000000000000000e+00 1.193808621276182119e-01 6.561695096466928501e-01 2.241580405306896340e-01 2.915876949992710228e-04 0.000000000000000000e+00 0.000000000000000000e+00 0.000000000000000000e+00 0.000000000000000000e+00
1.000000000000000000e+00 4.591456480536521001e-02 5.052944549740000513e-01 4.353933032026047756e-01 1.339767701802983824e-02 0.000000000000000000e+00 0.000000000000000000e+00 1.000000000000000000e+00 1.000000000000000000e+00 0.000000000000000000e+00
1.000000000000000000e+00 1.700539437235748736e-03 2.753857219225348540e-01 6.341674685328279049e-01 8.874627010740146482e-02 0.000000000000000000e+00 0.000000000000000000e+00 0.000000000000000000e+00 0.000000000000000000e+00 0.000000000000000000e+00
1.000000000000000000e+00 0.000000000000000000e+00 8.874627010740146482e-02 6.341674685328279049e-01 2.753857219225348540e-01 1.700539437235748736e-03 0.000000000000000000e+00 0.000000000000000000e+00 0.000000000000000000e+00 0.000000000000000000e+00
1.000000000000000000e+00 0.000000000000000000e+00 8.874627010740146482e-02 6.341674685328279049e-01 2.753857219225348540e-01 1.700539437235748736e-03 0.000000000000000000e+00 1.000000000000000000e+00 1.000000000000000000e+00 0.000000000000000000e+00
1.000000000000000000e+00 0.000000000000000000e+00 1.339767701802983824e-02 4.353933032026047756e-01 5.052944549740000513e-01 4.591456480536521001e-02 0.000000000000000000e+00 1.000000000000000000e+00 0.000000000000000000e+00 0.000000000000000000e+00
1.000000000000000000e+00 2.332701559994168037e-06 1.774091461340331632e-01 6.662281187733877230e-01 1.563604023910190877e-01 0.000000000000000000e+00 0.000000000000000000e+00 1.000000000000000000e+00 1.000000000000000000e+00 0.000000000000000000e+00
1.000000000000000000e+00 0.000000000000000000e+00 1.339767701802983824e-02 4.353933032026047756e-01 5.052944549740000513e-01 4.591456480536521001e-02 0.000000000000000000e+00 1.000000000000000000e+00 0.000000000000000000e+00 0.000000000000000000e+00
1.000000000000000000e+00 0.000000000000000000e+00 6.385945473101035941e-02 6.020135102298682650e-01 3.290020897118141607e-01 5.124945327307188839e-03 0.000000000000000000e+00 0.000000000000000000e+00 0.000000000000000000e+00 0.000000000000000000e+00
1.000000000000000000e+00 0.000000000000000000e+00 9.846527676532049883e-03 4.077088010885940861e-01 5.255524128881761126e-01 5.689225834669777576e-02 0.000000000000000000e+00 1.000000000000000000e+00 0.000000000000000000e+00 0.000000000000000000e+00
1.000000000000000000e+00 0.000000000000000000e+00 9.846527676532049883e-03 4.077088010885940861e-01 5.255524128881761126e-01 5.689225834669777576e-02 0.000000000000000000e+00 1.000000000000000000e+00 0.000000000000000000e+00 0.000000000000000000e+00
1.000000000000000000e+00 6.298294211984254928e-05 2.000931136706031177e-01 6.628037128833162983e-01 1.370401905039607127e-01 0.000000000000000000e+00 0.000000000000000000e+00 0.000000000000000000e+00 1.000000000000000000e+00 0.000000000000000000e+00
1.000000000000000000e+00 1.700539437235748736e-03 2.753857219225348540e-01 6.341674685328279049e-01 8.874627010740146482e-02 0.000000000000000000e+00 0.000000000000000000e+00 1.000000000000000000e+00 0.000000000000000000e+00 0.000000000000000000e+00
1.000000000000000000e+00 8.001166350779997591e-04 2.493426641395733168e-01 6.465494484132769948e-01 1.033077708120717364e-01 0.000000000000000000e+00 0.000000000000000000e+00 1.000000000000000000e+00 0.000000000000000000e+00 0.000000000000000000e+00
1.000000000000000000e+00 0.000000000000000000e+00 1.033077708120717364e-01 6.465494484132769948e-01 2.493426641395733168e-01 8.001166350779997591e-04 0.000000000000000000e+00 0.000000000000000000e+00 0.000000000000000000e+00 0.000000000000000000e+00
1.000000000000000000e+00 0.000000000000000000e+00 1.563604023910190877e-01 6.662281187733877230e-01 1.774091461340331632e-01 2.332701559994168037e-06 0.000000000000000000e+00 0.000000000000000000e+00 0.000000000000000000e+00 0.000000000000000000e+00
1.000000000000000000e+00 5.689225834669777576e-02 5.255524128881761126e-01 4.077088010885940861e-01 9.846527676532049883e-03 0.000000000000000000e+00 0.000000000000000000e+00 0.000000000000000000e+00 1.000000000000000000e+00 0.000000000000000000e+00
1.000000000000000000e+00 0.000000000000000000e+00 8.874627010740146482e-02 6.341674685328279049e-01 2.753857219225348540e-01 1.700539437235748736e-03 0.000000000000000000e+00 0.000000000000000000e+00 0.000000000000000000e+00 0.000000000000000000e+00
1.000000000000000000e+00 0.000000000000000000e+00 8.874627010740146482e-02 6.341674685328279049e-01 2.753857219225348540e-01 1.700539437235748736e-03 0.000000000000000000e+00 0.000000000000000000e+00 0.000000000000000000e+00 0.000000000000000000e+00
1.000000000000000000e+00 0.000000000000000000e+00 1.033077708120717364e-01 6.465494484132769948e-01 2.493426641395733168e-01 8.001166350779997591e-04 0.000000000000000000e+00 0.000000000000000000e+00 0.000000000000000000e+00 0.000000000000000000e+00
1.000000000000000000e+00 0.000000000000000000e+00 7.562171356368760367e-02 6.192475093551051968e-01 3.020259513048549338e-01 3.104825776352238432e-03 0.000000000000000000e+00 1.000000000000000000e+00 0.000000000000000000e+00 0.000000000000000000e+00
1.000000000000000000e+00 0.000000000000000000e+00 4.270787772755990338e-04 2.431693638528454326e-01 5.956314331535209616e-01 1.607721242163580588e-01 0.000000000000000000e+00 0.000000000000000000e+00 0.000000000000000000e+00 0.000000000000000000e+00
1.000000000000000000e+00 0.000000000000000000e+00 3.037371822909073430e-03 3.237595373475238847e-01 5.731885114448169727e-01 1.000145793847499465e-01 0.000000000000000000e+00 0.000000000000000000e+00 0.000000000000000000e+00 0.000000000000000000e+00
1.000000000000000000e+00 0.000000000000000000e+00 4.412324439908635321e-02 5.614991495358896412e-01 3.829170433007727525e-01 1.146056276425134850e-02 0.000000000000000000e+00 1.000000000000000000e+00 0.000000000000000000e+00 0.000000000000000000e+00
1.000000000000000000e+00 0.000000000000000000e+00 4.741021528891480735e-03 3.516679788112941907e-01 5.597607036983038853e-01 8.383029596151041207e-02 0.000000000000000000e+00 1.000000000000000000e+00 0.000000000000000000e+00 0.000000000000000000e+00
1.000000000000000000e+00 0.000000000000000000e+00 3.599999999999999728e-02 5.386666666666666270e-01 4.093333333333333268e-01 1.600000000000000033e-02 0.000000000000000000e+00 1.000000000000000000e+00 0.000000000000000000e+00 0.000000000000000000e+00
1.000000000000000000e+00 2.160314914710598916e-02 4.350404820916556892e-01 5.144159012489673000e-01 2.894046751227098008e-02 0.000000000000000000e+00 0.000000000000000000e+00 1.000000000000000000e+00 1.000000000000000000e+00 0.000000000000000000e+00
1.000000000000000000e+00 0.000000000000000000e+00 9.846527676532049883e-03 4.077088010885940861e-01 5.255524128881761126e-01 5.689225834669777576e-02 0.000000000000000000e+00 0.000000000000000000e+00 0.000000000000000000e+00 0.000000000000000000e+00
1.000000000000000000e+00 0.000000000000000000e+00 4.412324439908635321e-02 5.614991495358896412e-01 3.829170433007727525e-01 1.146056276425134850e-02 0.000000000000000000e+00 0.000000000000000000e+00 0.000000000000000000e+00 0.000000000000000000e+00
1.000000000000000000e+00 0.000000000000000000e+00 4.412324439908635321e-02 5.614991495358896412e-01 3.829170433007727525e-01 1.146056276425134850e-02 0.000000000000000000e+00 1.000000000000000000e+00 0.000000000000000000e+00 0.000000000000000000e+00
1.000000000000000000e+00 0.000000000000000000e+00 2.894046751227098008e-02 5.144159012489673000e-01 4.350404820916556892e-01 2.160314914710598916e-02 0.000000000000000000e+00 0.000000000000000000e+00 0.000000000000000000e+00 0.000000000000000000e+00
1.000000000000000000e+00 0.000000000000000000e+00 7.562171356368760367e-02 6.192475093551051968e-01 3.020259513048549338e-01 3.104825776352238432e-03 0.000000000000000000e+00 1.000000000000000000e+00 0.000000000000000000e+00 1.000000000000000000e+00
1.000000000000000000e+00 0.000000000000000000e+00 0.000000000000000000e+00 2.687272197113281958e-03 8.095407493803762067e-02 4.989088788453127643e-01 4.174497740195363127e-01 1.000000000000000000e+00 0.000000000000000000e+00 0.000000000000000000e+00
1.000000000000000000e+00 0.000000000000000000e+00 4.270787772755990338e-04 2.431693638528454326e-01 5.956314331535209616e-01 1.607721242163580588e-01 0.000000000000000000e+00 1.000000000000000000e+00 0.000000000000000000e+00 0.000000000000000000e+00
1.000000000000000000e+00 5.381029304563347271e-01 1.068346211789862332e-01 4.267288720415997848e-03 0.000000000000000000e+00 0.000000000000000000e+00 0.000000000000000000e+00 1.000000000000000000e+00 0.000000000000000000e+00 1.000000000000000000e+00
1.000000000000000000e+00 0.000000000000000000e+00 6.385945473101035941e-02 6.020135102298682650e-01 3.290020897118141607e-01 5.124945327307188839e-03 0.000000000000000000e+00 1.000000000000000000e+00 0.000000000000000000e+00 0.000000000000000000e+00
1.000000000000000000e+00 0.000000000000000000e+00 4.412324439908635321e-02 5.614991495358896412e-01 3.829170433007727525e-01 1.146056276425134850e-02 0.000000000000000000e+00 0.000000000000000000e+00 0.000000000000000000e+00 0.000000000000000000e+00
1.000000000000000000e+00 0.000000000000000000e+00 1.033077708120717364e-01 6.465494484132769948e-01 2.493426641395733168e-01 8.001166350779997591e-04 0.000000000000000000e+00 1.000000000000000000e+00 0.000000000000000000e+00 0.000000000000000000e+00
1.000000000000000000e+00 0.000000000000000000e+00 4.412324439908635321e-02 5.614991495358896412e-01 3.829170433007727525e-01 1.146056276425134850e-02 0.000000000000000000e+00 1.000000000000000000e+00 0.000000000000000000e+00 0.000000000000000000e+00
1.000000000000000000e+00 0.000000000000000000e+00 1.193808621276182119e-01 6.561695096466928501e-01 2.241580405306896340e-01 2.915876949992710228e-04 0.000000000000000000e+00 0.000000000000000000e+00 0.000000000000000000e+00 0.000000000000000000e+00
1.000000000000000000e+00 6.298294211984254928e-05 2.000931136706031177e-01 6.628037128833162983e-01 1.370401905039607127e-01 0.000000000000000000e+00 0.000000000000000000e+00 0.000000000000000000e+00 0.000000000000000000e+00 0.000000000000000000e+00
1.000000000000000000e+00 5.927114739757982642e-01 2.646963114156583030e-01 2.149817757690625566e-02 0.000000000000000000e+00 0.000000000000000000e+00 0.000000000000000000e+00 0.000000000000000000e+00 1.000000000000000000e+00 0.000000000000000000e+00
1.000000000000000000e+00 0.000000000000000000e+00 2.894046751227098008e-02 5.144159012489673000e-01 4.350404820916556892e-01 2.160314914710598916e-02 0.000000000000000000e+00 0.000000000000000000e+00 0.000000000000000000e+00 0.000000000000000000e+00
1.000000000000000000e+00 0.000000000000000000e+00 3.599999999999999728e-02 5.386666666666666270e-01 4.093333333333333268e-01 1.600000000000000033e-02 0.000000000000000000e+00 0.000000000000000000e+00 0.000000000000000000e+00 0.000000000000000000e+00
1.000000000000000000e+00 3.644846187490887596e-02 4.832823054867084744e-01 4.625552801671769521e-01 1.771395247120571489e-02 0.000000000000000000e+00 0.000000000000000000e+00 1.000000000000000000e+00 1.000000000000000000e+00 0.000000000000000000e+00
1.000000000000000000e+00 0.000000000000000000e+00 1.563604023910190877e-01 6.662281187733877230e-01 1.774091461340331632e-01 2.332701559994168037e-06 0.000000000000000000e+00 0.000000000000000000e+00 0.000000000000000000e+00 0.000000000000000000e+00
1.000000000000000000e+00 0.000000000000000000e+00 0.000000000000000000e+00 0.000000000000000000e+00 0.000000000000000000e+00 0.000000000000000000e+00 0.000000000000000000e+00 1.000000000000000000e+00 0.000000000000000000e+00 1.000000000000000000e+00
1.000000000000000000e+00 0.000000000000000000e+00 1.771395247120571489e-02 4.625552801671769521e-01 4.832823054867084744e-01 3.644846187490887596e-02 0.000000000000000000e+00 0.000000000000000000e+00 0.000000000000000000e+00 0.000000000000000000e+00
1.000000000000000000e+00 0.000000000000000000e+00 6.985857996792534629e-03 3.797257131749040004e-01 5.437949166545170687e-01 6.949351217378625656e-02 0.000000000000000000e+00 0.000000000000000000e+00 0.000000000000000000e+00 0.000000000000000000e+00
1.000000000000000000e+00 1.000145793847499465e-01 5.731885114448169727e-01 3.237595373475238847e-01 3.037371822909073430e-03 0.000000000000000000e+00 0.000000000000000000e+00 1.000000000000000000e+00 0.000000000000000000e+00 0.000000000000000000e+00
1.000000000000000000e+00 0.000000000000000000e+00 1.339767701802983824e-02 4.353933032026047756e-01 5.052944549740000513e-01 4.591456480536521001e-02 0.000000000000000000e+00 0.000000000000000000e+00 0.000000000000000000e+00 0.000000000000000000e+00
1.000000000000000000e+00 5.381029304563347271e-01 1.068346211789862332e-01 4.267288720415997848e-03 0.000000000000000000e+00 0.000000000000000000e+00 0.000000000000000000e+00 0.000000000000000000e+00 0.000000000000000000e+00 1.000000000000000000e+00
1.000000000000000000e+00 0.000000000000000000e+00 8.874627010740146482e-02 6.341674685328279049e-01 2.753857219225348540e-01 1.700539437235748736e-03 0.000000000000000000e+00 1.000000000000000000e+00 0.000000000000000000e+00 0.000000000000000000e+00
1.000000000000000000e+00 3.104825776352238432e-03 3.020259513048549338e-01 6.192475093551051968e-01 7.562171356368760367e-02 0.000000000000000000e+00 0.000000000000000000e+00 0.000000000000000000e+00 0.000000000000000000e+00 0.000000000000000000e+00
1.000000000000000000e+00 2.160314914710598916e-02 4.350404820916556892e-01 5.144159012489673000e-01 2.894046751227098008e-02 0.000000000000000000e+00 0.000000000000000000e+00 1.000000000000000000e+00 0.000000000000000000e+00 1.000000000000000000e+00
1.000000000000000000e+00 5.124945327307188839e-03 3.290020897118141607e-01 6.020135102298682650e-01 6.385945473101035941e-02 0.000000000000000000e+00 0.000000000000000000e+00 1.000000000000000000e+00 0.000000000000000000e+00 1.000000000000000000e+00
1.000000000000000000e+00 0.000000000000000000e+00 9.550468970209456719e-04 2.692862905185401390e-01 5.913851387471449339e-01 1.383735238372940657e-01 0.000000000000000000e+00 0.000000000000000000e+00 0.000000000000000000e+00 0.000000000000000000e+00
1.000000000000000000e+00 0.000000000000000000e+00 6.985857996792534629e-03 3.797257131749040004e-01 5.437949166545170687e-01 6.949351217378625656e-02 0.000000000000000000e+00 0.000000000000000000e+00 0.000000000000000000e+00 0.000000000000000000e+00
1.000000000000000000e+00 0.000000000000000000e+00 1.033077708120717364e-01 6.465494484132769948e-01 2.493426641395733168e-01 8.001166350779997591e-04 0.000000000000000000e+00 1.000000000000000000e+00 1.000000000000000000e+00 0.000000000000000000e+00
1.000000000000000000e+00 0.000000000000000000e+00 1.370401905039607127e-01 6.628037128833162983e-01 2.000931136706031177e-01 6.298294211984254928e-05 0.000000000000000000e+00 0.000000000000000000e+00 0.000000000000000000e+00 0.000000000000000000e+00
1.000000000000000000e+00 2.915876949992710228e-04 2.241580405306896340e-01 6.561695096466928501e-01 1.193808621276182119e-01 0.000000000000000000e+00 0.000000000000000000e+00 0.000000000000000000e+00 0.000000000000000000e+00 0.000000000000000000e+00
1.000000000000000000e+00 0.000000000000000000e+00 2.894046751227098008e-02 5.144159012489673000e-01 4.350404820916556892e-01 2.160314914710598916e-02 0.000000000000000000e+00 1.000000000000000000e+00 0.000000000000000000e+00 0.000000000000000000e+00
1.000000000000000000e+00 2.915876949992710228e-04 2.241580405306896340e-01 6.561695096466928501e-01 1.193808621276182119e-01 0.000000000000000000e+00 0.000000000000000000e+00 1.000000000000000000e+00 1.000000000000000000e+00 0.000000000000000000e+00
1.000000000000000000e+00 0.000000000000000000e+00 1.193808621276182119e-01 6.561695096466928501e-01 2.241580405306896340e-01 2.915876949992710228e-04 0.000000000000000000e+00 0.000000000000000000e+00 0.000000000000000000e+00 0.000000000000000000e+00
1.000000000000000000e+00 0.000000000000000000e+00 5.338484715944986220e-02 5.826894105068765040e-01 3.560528745686931673e-01 7.872867764980317346e-03 0.000000000000000000e+00 0.000000000000000000e+00 0.000000000000000000e+00 0.000000000000000000e+00
1.000000000000000000e+00 0.000000000000000000e+00 7.562171356368760367e-02 6.192475093551051968e-01 3.020259513048549338e-01 3.104825776352238432e-03 0.000000000000000000e+00 1.000000000000000000e+00 0.000000000000000000e+00 0.000000000000000000e+00
1.000000000000000000e+00 0.000000000000000000e+00 6.385945473101035941e-02 6.020135102298682650e-01 3.290020897118141607e-01 5.124945327307188839e-03 0.000000000000000000e+00 0.000000000000000000e+00 0.000000000000000000e+00 0.000000000000000000e+00
1.000000000000000000e+00 0.000000000000000000e+00 1.417116197696457460e-04 2.180974874860280854e-01 5.962946979637459011e-01 1.854661029304563169e-01 0.000000000000000000e+00 1.000000000000000000e+00 0.000000000000000000e+00 0.000000000000000000e+00
1.000000000000000000e+00 0.000000000000000000e+00 3.599999999999999728e-02 5.386666666666666270e-01 4.093333333333333268e-01 1.600000000000000033e-02 0.000000000000000000e+00 1.000000000000000000e+00 0.000000000000000000e+00 0.000000000000000000e+00
1.000000000000000000e+00 0.000000000000000000e+00 8.874627010740146482e-02 6.341674685328279049e-01 2.753857219225348540e-01 1.700539437235748736e-03 0.000000000000000000e+00 0.000000000000000000e+00 0.000000000000000000e+00 0.000000000000000000e+00
1.000000000000000000e+00 0.000000000000000000e+00 1.033077708120717364e-01 6.465494484132769948e-01 2.493426641395733168e-01 8.001166350779997591e-04 0.000000000000000000e+00 0.000000000000000000e+00 0.000000000000000000e+00 0.000000000000000000e+00
1.000000000000000000e+00 0.000000000000000000e+00 1.193808621276182119e-01 6.561695096466928501e-01 2.241580405306896340e-01 2.915876949992710228e-04 0.000000000000000000e+00 1.000000000000000000e+00 0.000000000000000000e+00 0.000000000000000000e+00
1.000000000000000000e+00 0.000000000000000000e+00 8.874627010740146482e-02 6.341674685328279049e-01 2.753857219225348540e-01 1.700539437235748736e-03 0.000000000000000000e+00 0.000000000000000000e+00 0.000000000000000000e+00 0.000000000000000000e+00
1.000000000000000000e+00 0.000000000000000000e+00 6.985857996792534629e-03 3.797257131749040004e-01 5.437949166545170687e-01 6.949351217378625656e-02 0.000000000000000000e+00 0.000000000000000000e+00 0.000000000000000000e+00 0.000000000000000000e+00
1.000000000000000000e+00 0.000000000000000000e+00 1.339767701802983824e-02 4.353933032026047756e-01 5.052944549740000513e-01 4.591456480536521001e-02 0.000000000000000000e+00 1.000000000000000000e+00 0.000000000000000000e+00 0.000000000000000000e+00
1.000000000000000000e+00 0.000000000000000000e+00 5.338484715944986220e-02 5.826894105068765040e-01 3.560528745686931673e-01 7.872867764980317346e-03 0.000000000000000000e+00 0.000000000000000000e+00 0.000000000000000000e+00 0.000000000000000000e+00
1.000000000000000000e+00 2.332701559994168037e-06 1.774091461340331632e-01 6.662281187733877230e-01 1.563604023910190877e-01 0.000000000000000000e+00 0.000000000000000000e+00 1.000000000000000000e+00 0.000000000000000000e+00 0.000000000000000000e+00
1.000000000000000000e+00 3.644846187490887596e-02 4.832823054867084744e-01 4.625552801671769521e-01 1.771395247120571489e-02 0.000000000000000000e+00 0.000000000000000000e+00 0.000000000000000000e+00 0.000000000000000000e+00 1.000000000000000000e+00
1.000000000000000000e+00 0.000000000000000000e+00 1.370401905039607127e-01 6.628037128833162983e-01 2.000931136706031177e-01 6.298294211984254928e-05 0.000000000000000000e+00 0.000000000000000000e+00 0.000000000000000000e+00 0.000000000000000000e+00
1.000000000000000000e+00 0.000000000000000000e+00 1.339767701802983824e-02 4.353933032026047756e-01 5.052944549740000513e-01 4.591456480536521001e-02 0.000000000000000000e+00 0.000000000000000000e+00 0.000000000000000000e+00 0.000000000000000000e+00
1.000000000000000000e+00 0.000000000000000000e+00 4.412324439908635321e-02 5.614991495358896412e-01 3.829170433007727525e-01 1.146056276425134850e-02 0.000000000000000000e+00 0.000000000000000000e+00 0.000000000000000000e+00 0.000000000000000000e+00
1.000000000000000000e+00 0.000000000000000000e+00 4.412324439908635321e-02 5.614991495358896412e-01 3.829170433007727525e-01 1.146056276425134850e-02 0.000000000000000000e+00 0.000000000000000000e+00 0.000000000000000000e+00 0.000000000000000000e+00
1.000000000000000000e+00 1.000145793847499465e-01 5.731885114448169727e-01 3.237595373475238847e-01 3.037371822909073430e-03 0.000000000000000000e+00 0.000000000000000000e+00 0.000000000000000000e+00 1.000000000000000000e+00 0.000000000000000000e+00
1.000000000000000000e+00 0.000000000000000000e+00 2.894046751227098008e-02 5.144159012489673000e-01 4.350404820916556892e-01 2.160314914710598916e-02 0.000000000000000000e+00 0.000000000000000000e+00 0.000000000000000000e+00 0.000000000000000000e+00
1.000000000000000000e+00 6.298294211984254928e-05 2.000931136706031177e-01 6.628037128833162983e-01 1.370401905039607127e-01 0.000000000000000000e+00 0.000000000000000000e+00 0.000000000000000000e+00 0.000000000000000000e+00 0.000000000000000000e+00
1.000000000000000000e+00 2.915876949992710228e-04 2.241580405306896340e-01 6.561695096466928501e-01 1.193808621276182119e-01 0.000000000000000000e+00 0.000000000000000000e+00 1.000000000000000000e+00 0.000000000000000000e+00 1.000000000000000000e+00
1.000000000000000000e+00 0.000000000000000000e+00 2.287000048597948379e-02 4.889707926325508325e-01 4.597772270010205276e-01 2.838197988044904516e-02 0.000000000000000000e+00 1.000000000000000000e+00 0.000000000000000000e+00 0.000000000000000000e+00
1.000000000000000000e+00 0.000000000000000000e+00 1.033077708120717364e-01 6.465494484132769948e-01 2.493426641395733168e-01 8.001166350779997591e-04 0.000000000000000000e+00 0.000000000000000000e+00 0.000000000000000000e+00 0.000000000000000000e+00
1.000000000000000000e+00 3.441807843708994952e-01 5.390500072896924344e-01 1.152167954512319514e-01 0.000000000000000000e+00 0.000000000000000000e+00 0.000000000000000000e+00 0.000000000000000000e+00 0.000000000000000000e+00 1.000000000000000000e+00
1.000000000000000000e+00 0.000000000000000000e+00 8.874627010740146482e-02 6.341674685328279049e-01 2.753857219225348540e-01 1.700539437235748736e-03 0.000000000000000000e+00 1.000000000000000000e+00 0.000000000000000000e+00 0.000000000000000000e+00
1.000000000000000000e+00 0.000000000000000000e+00 3.599999999999999728e-02 5.386666666666666270e-01 4.093333333333333268e-01 1.600000000000000033e-02 0.000000000000000000e+00 0.000000000000000000e+00 0.000000000000000000e+00 0.000000000000000000e+00
1.000000000000000000e+00 0.000000000000000000e+00 2.429897458327258072e-05 1.942946007678476028e-01 5.931136706031004957e-01 2.125674296544685649e-01 0.000000000000000000e+00 0.000000000000000000e+00 0.000000000000000000e+00 0.000000000000000000e+00
1.000000000000000000e+00 1.146056276425134850e-02 3.829170433007727525e-01 5.614991495358896412e-01 4.412324439908635321e-02 0.000000000000000000e+00 0.000000000000000000e+00 1.000000000000000000e+00 0.000000000000000000e+00 1.000000000000000000e+00
1.000000000000000000e+00 0.000000000000000000e+00 2.287000048597948379e-02 4.889707926325508325e-01 4.597772270010205276e-01 2.838197988044904516e-02 0.000000000000000000e+00 1.000000000000000000e+00 0.000000000000000000e+00 0.000000000000000000e+00
1.000000000000000000e+00 0.000000000000000000e+00 1.771395247120571489e-02 4.625552801671769521e-01 4.832823054867084744e-01 3.644846187490887596e-02 0.000000000000000000e+00 1.000000000000000000e+00 0.000000000000000000e+00 0.000000000000000000e+00
1.000000000000000000e+00 0.000000000000000000e+00 3.037371822909073430e-03 3.237595373475238847e-01 5.731885114448169727e-01 1.000145793847499465e-01 0.000000000000000000e+00 0.000000000000000000e+00 0.000000000000000000e+00 0.000000000000000000e+00
1.000000000000000000e+00 0.000000000000000000e+00 5.338484715944986220e-02 5.826894105068765040e-01 3.560528745686931673e-01 7.872867764980317346e-03 0.000000000000000000e+00 0.000000000000000000e+00 0.000000000000000000e+00 0.000000000000000000e+00
1.000000000000000000e+00 0.000000000000000000e+00 6.385945473101035941e-02 6.020135102298682650e-01 3.290020897118141607e-01 5.124945327307188839e-03 0.000000000000000000e+00 0.000000000000000000e+00 0.000000000000000000e+00 0.000000000000000000e+00
1.000000000000000000e+00 2.915876949992710228e-04 2.241580405306896340e-01 6.561695096466928501e-01 1.193808621276182119e-01 0.000000000000000000e+00 0.000000000000000000e+00 0.000000000000000000e+00 1.000000000000000000e+00 0.000000000000000000e+00
1.000000000000000000e+00 0.000000000000000000e+00 9.550468970209456719e-04 2.692862905185401390e-01 5.913851387471449339e-01 1.383735238372940657e-01 0.000000000000000000e+00 1.000000000000000000e+00 0.000000000000000000e+00 0.000000000000000000e+00
1.000000000000000000e+00 0.000000000000000000e+00 6.985857996792534629e-03 3.797257131749040004e-01 5.437949166545170687e-01 6.949351217378625656e-02 0.000000000000000000e+00 0.000000000000000000e+00 0.000000000000000000e+00 0.000000000000000000e+00
1.000000000000000000e+00 0.000000000000000000e+00 3.599999999999999728e-02 5.386666666666666270e-01 4.093333333333333268e-01 1.600000000000000033e-02 0.000000000000000000e+00 1.000000000000000000e+00 0.000000000000000000e+00 0.000000000000000000e+00
1.000000000000000000e+00 1.700539437235748736e-03 2.753857219225348540e-01 6.341674685328279049e-01 8.874627010740146482e-02 0.000000000000000000e+00 0.000000000000000000e+00 0.000000000000000000e+00 1.000000000000000000e+00 0.000000000000000000e+00
1.000000000000000000e+00 0.000000000000000000e+00 1.033077708120717364e-01 6.465494484132769948e-01 2.493426641395733168e-01 8.001166350779997591e-04 0.000000000000000000e+00 1.000000000000000000e+00 0.000000000000000000e+00 0.000000000000000000e+00
1.000000000000000000e+00 0.000000000000000000e+00 1.370401905039607127e-01 6.628037128833162983e-01 2.000931136706031177e-01 6.298294211984254928e-05 0.000000000000000000e+00 1.000000000000000000e+00 0.000000000000000000e+00 0.000000000000000000e+00
1.000000000000000000e+00 0.000000000000000000e+00 2.287000048597948379e-02 4.889707926325508325e-01 4.597772270010205276e-01 2.838197988044904516e-02 0.000000000000000000e+00 1.000000000000000000e+00 0.000000000000000000e+00 0.000000000000000000e+00
1.000000000000000000e+00 2.838197988044904516e-02 4.597772270010205276e-01 4.889707926325508325e-01 2.287000048597948379e-02 0.000000000000000000e+00 0.000000000000000000e+00 1.000000000000000000e+00 0.000000000000000000e+00 1.000000000000000000e+00
1.000000000000000000e+00 0.000000000000000000e+00 3.037371822909073430e-03 3.237595373475238847e-01 5.731885114448169727e-01 1.000145793847499465e-01 0.000000000000000000e+00 1.000000000000000000e+00 0.000000000000000000e+00 0.000000000000000000e+00
1.000000000000000000e+00 5.689225834669777576e-02 5.255524128881761126e-01 4.077088010885940861e-01 9.846527676532049883e-03 0.000000000000000000e+00 0.000000000000000000e+00 0.000000000000000000e+00 1.000000000000000000e+00 0.000000000000000000e+00
1.000000000000000000e+00 0.000000000000000000e+00 1.563604023910190877e-01 6.662281187733877230e-01 1.774091461340331632e-01 2.332701559994168037e-06 0.000000000000000000e+00 1.000000000000000000e+00 0.000000000000000000e+00 1.000000000000000000e+00
1.000000000000000000e+00 0.000000000000000000e+00 3.037371822909073430e-03 3.237595373475238847e-01 5.731885114448169727e-01 1.000145793847499465e-01 0.000000000000000000e+00 0.000000000000000000e+00 0.000000000000000000e+00 0.000000000000000000e+00
1.000000000000000000e+00 0.000000000000000000e+00 1.339767701802983824e-02 4.353933032026047756e-01 5.052944549740000513e-01 4.591456480536521001e-02 0.000000000000000000e+00 0.000000000000000000e+00 0.000000000000000000e+00 0.000000000000000000e+00
1.000000000000000000e+00 1.854661029304563169e-01 5.962946979637459011e-01 2.180974874860280854e-01 1.417116197696457460e-04 0.000000000000000000e+00 0.000000000000000000e+00 0.000000000000000000e+00 0.000000000000000000e+00 1.000000000000000000e+00
1.000000000000000000e+00 7.872867764980317346e-03 3.560528745686931673e-01 5.826894105068765040e-01 5.338484715944986220e-02 0.000000000000000000e+00 0.000000000000000000e+00 0.000000000000000000e+00 1.000000000000000000e+00 0.000000000000000000e+00
1.000000000000000000e+00 0.000000000000000000e+00 1.563604023910190877e-01 6.662281187733877230e-01 1.774091461340331632e-01 2.332701559994168037e-06 0.000000000000000000e+00 1.000000000000000000e+00 0.000000000000000000e+00 0.000000000000000000e+00
1.000000000000000000e+00 0.000000000000000000e+00 5.338484715944986220e-02 5.826894105068765040e-01 3.560528745686931673e-01 7.872867764980317346e-03 0.000000000000000000e+00 0.000000000000000000e+00 1.000000000000000000e+00 0.000000000000000000e+00
1.000000000000000000e+00 0.000000000000000000e+00 7.562171356368760367e-02 6.192475093551051968e-01 3.020259513048549338e-01 3.104825776352238432e-03 0.000000000000000000e+00 1.000000000000000000e+00 0.000000000000000000e+00 0.000000000000000000e+00
1.000000000000000000e+00 0.000000000000000000e+00 6.385945473101035941e-02 6.020135102298682650e-01 3.290020897118141607e-01 5.124945327307188839e-03 0.000000000000000000e+00 1.000000000000000000e+00 0.000000000000000000e+00 0.000000000000000000e+00
1.000000000000000000e+00 0.000000000000000000e+00 3.599999999999999728e-02 5.386666666666666270e-01 4.093333333333333268e-01 1.600000000000000033e-02 0.000000000000000000e+00 1.000000000000000000e+00 0.000000000000000000e+00 0.000000000000000000e+00
1.000000000000000000e+00 0.000000000000000000e+00 3.037371822909073430e-03 3.237595373475238847e-01 5.731885114448169727e-01 1.000145793847499465e-01 0.000000000000000000e+00 1.000000000000000000e+00 0.000000000000000000e+00 0.000000000000000000e+00
1.000000000000000000e+00 0.000000000000000000e+00 1.033077708120717364e-01 6.465494484132769948e-01 2.493426641395733168e-01 8.001166350779997591e-04 0.000000000000000000e+00 1.000000000000000000e+00 0.000000000000000000e+00 0.000000000000000000e+00
1.000000000000000000e+00 0.000000000000000000e+00 2.287000048597948379e-02 4.889707926325508325e-01 4.597772270010205276e-01 2.838197988044904516e-02 0.000000000000000000e+00 1.000000000000000000e+00 0.000000000000000000e+00 0.000000000000000000e+00
1.000000000000000000e+00 2.915876949992710228e-04 2.241580405306896340e-01 6.561695096466928501e-01 1.193808621276182119e-01 0.000000000000000000e+00 0.000000000000000000e+00 1.000000000000000000e+00 0.000000000000000000e+00 0.000000000000000000e+00
1.000000000000000000e+00 0.000000000000000000e+00 3.599999999999999728e-02 5.386666666666666270e-01 4.093333333333333268e-01 1.600000000000000033e-02 0.000000000000000000e+00 1.000000000000000000e+00 0.000000000000000000e+00 0.000000000000000000e+00
1.000000000000000000e+00 1.000145793847499465e-01 5.731885114448169727e-01 3.237595373475238847e-01 3.037371822909073430e-03 0.000000000000000000e+00 0.000000000000000000e+00 1.000000000000000000e+00 0.000000000000000000e+00 0.000000000000000000e+00
1.000000000000000000e+00 1.383735238372940657e-01 5.913851387471449339e-01 2.692862905185401390e-01 9.550468970209456719e-04 0.000000000000000000e+00 0.000000000000000000e+00 0.000000000000000000e+00 0.000000000000000000e+00 1.000000000000000000e+00
1.000000000000000000e+00 0.000000000000000000e+00 7.562171356368760367e-02 6.192475093551051968e-01 3.020259513048549338e-01 3.104825776352238432e-03 0.000000000000000000e+00 1.000000000000000000e+00 0.000000000000000000e+00 0.000000000000000000e+00
1.000000000000000000e+00 0.000000000000000000e+00 1.370401905039607127e-01 6.628037128833162983e-01 2.000931136706031177e-01 6.298294211984254928e-05 0.000000000000000000e+00 1.000000000000000000e+00 0.000000000000000000e+00 0.000000000000000000e+00
1.000000000000000000e+00 1.000145793847499465e-01 5.731885114448169727e-01 3.237595373475238847e-01 3.037371822909073430e-03 0.000000000000000000e+00 0.000000000000000000e+00 1.000000000000000000e+00 1.000000000000000000e+00 0.000000000000000000e+00
1.000000000000000000e+00 0.000000000000000000e+00 6.385945473101035941e-02 6.020135102298682650e-01 3.290020897118141607e-01 5.124945327307188839e-03 0.000000000000000000e+00 0.000000000000000000e+00 0.000000000000000000e+00 0.000000000000000000e+00
1.000000000000000000e+00 0.000000000000000000e+00 1.563604023910190877e-01 6.662281187733877230e-01 1.774091461340331632e-01 2.332701559994168037e-06 0.000000000000000000e+00 1.000000000000000000e+00 0.000000000000000000e+00 0.000000000000000000e+00
1.000000000000000000e+00 0.000000000000000000e+00 2.894046751227098008e-02 5.144159012489673000e-01 4.350404820916556892e-01 2.160314914710598916e-02 0.000000000000000000e+00 0.000000000000000000e+00 0.000000000000000000e+00 0.000000000000000000e+00
1.000000000000000000e+00 0.000000000000000000e+00 8.874627010740146482e-02 6.341674685328279049e-01 2.753857219225348540e-01 1.700539437235748736e-03 0.000000000000000000e+00 1.000000000000000000e+00 0.000000000000000000e+00 0.000000000000000000e+00
1.000000000000000000e+00 0.000000000000000000e+00 8.874627010740146482e-02 6.341674685328279049e-01 2.753857219225348540e-01 1.700539437235748736e-03 0.000000000000000000e+00 0.000000000000000000e+00 0.000000000000000000e+00 0.000000000000000000e+00
1.000000000000000000e+00 0.000000000000000000e+00 5.338484715944986220e-02 5.826894105068765040e-01 3.560528745686931673e-01 7.872867764980317346e-03 0.000000000000000000e+00 0.000000000000000000e+00 0.000000000000000000e+00 0.000000000000000000e+00
1.000000000000000000e+00 0.000000000000000000e+00 7.562171356368760367e-02 6.192475093551051968e-01 3.020259513048549338e-01 3.104825776352238432e-03 0.000000000000000000e+00 0.000000000000000000e+00 0.000000000000000000e+00 0.000000000000000000e+00
1.000000000000000000e+00 0.000000000000000000e+00 1.033077708120717364e-01 6.465494484132769948e-01 2.493426641395733168e-01 8.001166350779997591e-04 0.000000000000000000e+00 1.000000000000000000e+00 0.000000000000000000e+00 0.000000000000000000e+00
1.000000000000000000e+00 0.000000000000000000e+00 6.985857996792534629e-03 3.797257131749040004e-01 5.437949166545170687e-01 6.949351217378625656e-02 0.000000000000000000e+00 1.000000000000000000e+00 0.000000000000000000e+00 0.000000000000000000e+00
1.000000000000000000e+00 0.000000000000000000e+00 1.033077708120717364e-01 6.465494484132769948e-01 2.493426641395733168e-01 8.001166350779997591e-04 0.000000000000000000e+00 0.000000000000000000e+00 0.000000000000000000e+00 0.000000000000000000e+00
1.000000000000000000e+00 3.644846187490887596e-02 4.832823054867084744e-01 4.625552801671769521e-01 1.771395247120571489e-02 0.000000000000000000e+00 0.000000000000000000e+00 0.000000000000000000e+00 0.000000000000000000e+00 0.000000000000000000e+00
1.000000000000000000e+00 0.000000000000000000e+00 4.412324439908635321e-02 5.614991495358896412e-01 3.829170433007727525e-01 1.146056276425134850e-02 0.000000000000000000e+00 1.000000000000000000e+00 1.000000000000000000e+00 0.000000000000000000e+00
1.000000000000000000e+00 0.000000000000000000e+00 1.771395247120571489e-02 4.625552801671769521e-01 4.832823054867084744e-01 3.644846187490887596e-02 0.000000000000000000e+00 0.000000000000000000e+00 0.000000000000000000e+00 0.000000000000000000e+00
1.000000000000000000e+00 1.383735238372940657e-01 5.913851387471449339e-01 2.692862905185401390e-01 9.550468970209456719e-04 0.000000000000000000e+00 0.000000000000000000e+00 0.000000000000000000e+00 0.000000000000000000e+00 1.000000000000000000e+00
1.000000000000000000e+00 0.000000000000000000e+00 3.599999999999999728e-02 5.386666666666666270e-01 4.093333333333333268e-01 1.600000000000000033e-02 0.000000000000000000e+00 0.000000000000000000e+00 0.000000000000000000e+00 0.000000000000000000e+00
1.000000000000000000e+00 0.000000000000000000e+00 1.033077708120717364e-01 6.465494484132769948e-01 2.493426641395733168e-01 8.001166350779997591e-04 0.000000000000000000e+00 0.000000000000000000e+00 0.000000000000000000e+00 0.000000000000000000e+00
1.000000000000000000e+00 0.000000000000000000e+00 9.550468970209456719e-04 2.692862905185401390e-01 5.913851387471449339e-01 1.383735238372940657e-01 0.000000000000000000e+00 0.000000000000000000e+00 0.000000000000000000e+00 0.000000000000000000e+00
1.000000000000000000e+00 0.000000000000000000e+00 6.985857996792534629e-03 3.797257131749040004e-01 5.437949166545170687e-01 6.949351217378625656e-02 0.000000000000000000e+00 0.000000000000000000e+00 0.000000000000000000e+00 0.000000000000000000e+00
1.000000000000000000e+00 0.000000000000000000e+00 8.874627010740146482e-02 6.341674685328279049e-01 2.753857219225348540e-01 1.700539437235748736e-03 0.000000000000000000e+00 1.000000000000000000e+00 0.000000000000000000e+00 0.000000000000000000e+00
1.000000000000000000e+00 0.000000000000000000e+00 1.563604023910190877e-01 6.662281187733877230e-01 1.774091461340331632e-01 2.332701559994168037e-06 0.000000000000000000e+00 0.000000000000000000e+00 0.000000000000000000e+00 0.000000000000000000e+00
1.000000000000000000e+00 0.000000000000000000e+00 1.193808621276182119e-01 6.561695096466928501e-01 2.241580405306896340e-01 2.915876949992710228e-04 0.000000000000000000e+00 0.000000000000000000e+00 0.000000000000000000e+00 0.000000000000000000e+00
1.000000000000000000e+00 4.591456480536521001e-02 5.052944549740000513e-01 4.353933032026047756e-01 1.339767701802983824e-02 0.000000000000000000e+00 0.000000000000000000e+00 1.000000000000000000e+00 0.000000000000000000e+00 0.000000000000000000e+00
1.000000000000000000e+00 0.000000000000000000e+00 1.771395247120571489e-02 4.625552801671769521e-01 4.832823054867084744e-01 3.644846187490887596e-02 0.000000000000000000e+00 0.000000000000000000e+00 0.000000000000000000e+00 0.000000000000000000e+00
1.000000000000000000e+00 0.000000000000000000e+00 1.193808621276182119e-01 6.561695096466928501e-01 2.241580405306896340e-01 2.915876949992710228e-04 0.000000000000000000e+00 0.000000000000000000e+00 0.000000000000000000e+00 0.000000000000000000e+00
1.000000000000000000e+00 0.000000000000000000e+00 1.193808621276182119e-01 6.561695096466928501e-01 2.241580405306896340e-01 2.915876949992710228e-04 0.000000000000000000e+00 0.000000000000000000e+00 0.000000000000000000e+00 0.000000000000000000e+00
1.000000000000000000e+00 0.000000000000000000e+00 4.412324439908635321e-02 5.614991495358896412e-01 3.829170433007727525e-01 1.146056276425134850e-02 0.000000000000000000e+00 0.000000000000000000e+00 0.000000000000000000e+00 0.000000000000000000e+00
1.000000000000000000e+00 0.000000000000000000e+00 8.874627010740146482e-02 6.341674685328279049e-01 2.753857219225348540e-01 1.700539437235748736e-03 0.000000000000000000e+00 1.000000000000000000e+00 1.000000000000000000e+00 0.000000000000000000e+00
1.000000000000000000e+00 1.700539437235748736e-03 2.753857219225348540e-01 6.341674685328279049e-01 8.874627010740146482e-02 0.000000000000000000e+00 0.000000000000000000e+00 1.000000000000000000e+00 0.000000000000000000e+00 1.000000000000000000e+00
1.000000000000000000e+00 3.802303542790493873e-01 5.163046119453758021e-01 9.952859989308449062e-02 0.000000000000000000e+00 0.000000000000000000e+00 0.000000000000000000e+00 1.000000000000000000e+00 0.000000000000000000e+00 1.000000000000000000e+00
1.000000000000000000e+00 0.000000000000000000e+00 1.193808621276182119e-01 6.561695096466928501e-01 2.241580405306896340e-01 2.915876949992710228e-04 0.000000000000000000e+00 1.000000000000000000e+00 0.000000000000000000e+00 0.000000000000000000e+00
1.000000000000000000e+00 3.104825776352238432e-03 3.020259513048549338e-01 6.192475093551051968e-01 7.562171356368760367e-02 0.000000000000000000e+00 0.000000000000000000e+00 1.000000000000000000e+00 1.000000000000000000e+00 0.000000000000000000e+00
1.000000000000000000e+00 0.000000000000000000e+00 6.985857996792534629e-03 3.797257131749040004e-01 5.437949166545170687e-01 6.949351217378625656e-02 0.000000000000000000e+00 1.000000000000000000e+00 0.000000000000000000e+00 0.000000000000000000e+00
1.000000000000000000e+00 0.000000000000000000e+00 6.985857996792534629e-03 3.797257131749040004e-01 5.437949166545170687e-01 6.949351217378625656e-02 0.000000000000000000e+00 1.000000000000000000e+00 0.000000000000000000e+00 0.000000000000000000e+00
1.000000000000000000e+00 0.000000000000000000e+00 5.338484715944986220e-02 5.826894105068765040e-01 3.560528745686931673e-01 7.872867764980317346e-03 0.000000000000000000e+00 1.000000000000000000e+00 0.000000000000000000e+00 0.000000000000000000e+00
1.000000000000000000e+00 2.332701559994168037e-06 1.774091461340331632e-01 6.662281187733877230e-01 1.563604023910190877e-01 0.000000000000000000e+00 0.000000000000000000e+00 1.000000000000000000e+00 1.000000000000000000e+00 0.000000000000000000e+00
1.000000000000000000e+00 0.000000000000000000e+00 1.193808621276182119e-01 6.561695096466928501e-01 2.241580405306896340e-01 2.915876949992710228e-04 0.000000000000000000e+00 1.000000000000000000e+00 0.000000000000000000e+00 0.000000000000000000e+00
1.000000000000000000e+00 4.507059338095932288e-01 4.625467269281237082e-01 7.255634932205862198e-02 0.000000000000000000e+00 0.000000000000000000e+00 0.000000000000000000e+00 0.000000000000000000e+00 0.000000000000000000e+00 1.000000000000000000e+00
1.000000000000000000e+00 0.000000000000000000e+00 4.412324439908635321e-02 5.614991495358896412e-01 3.829170433007727525e-01 1.146056276425134850e-02 0.000000000000000000e+00 0.000000000000000000e+00 0.000000000000000000e+00 0.000000000000000000e+00
1.000000000000000000e+00 6.298294211984254928e-05 2.000931136706031177e-01 6.628037128833162983e-01 1.370401905039607127e-01 0.000000000000000000e+00 0.000000000000000000e+00 0.000000000000000000e+00 0.000000000000000000e+00 0.000000000000000000e+00
1.000000000000000000e+00 0.000000000000000000e+00 1.370401905039607127e-01 6.628037128833162983e-01 2.000931136706031177e-01 6.298294211984254928e-05 0.000000000000000000e+00 0.000000000000000000e+00 0.000000000000000000e+00 0.000000000000000000e+00
1.000000000000000000e+00 5.668278174661028901e-01 1.351598386548087394e-01 6.369830393157408475e-03 0.000000000000000000e+00 0.000000000000000000e+00 0.000000000000000000e+00 1.000000000000000000e+00 0.000000000000000000e+00 1.000000000000000000e+00
1.000000000000000000e+00 0.000000000000000000e+00 1.193808621276182119e-01 6.561695096466928501e-01 2.241580405306896340e-01 2.915876949992710228e-04 0.000000000000000000e+00 1.000000000000000000e+00 0.000000000000000000e+00 0.000000000000000000e+00
1.000000000000000000e+00 2.915876949992710228e-04 2.241580405306896340e-01 6.561695096466928501e-01 1.193808621276182119e-01 0.000000000000000000e+00 0.000000000000000000e+00 1.000000000000000000e+00 0.000000000000000000e+00 0.000000000000000000e+00
1.000000000000000000e+00 0.000000000000000000e+00 4.412324439908635321e-02 5.614991495358896412e-01 3.829170433007727525e-01 1.146056276425134850e-02 0.000000000000000000e+00 0.000000000000000000e+00 0.000000000000000000e+00 0.000000000000000000e+00
1.000000000000000000e+00 0.000000000000000000e+00 4.741021528891480735e-03 3.516679788112941907e-01 5.597607036983038853e-01 8.383029596151041207e-02 0.000000000000000000e+00 1.000000000000000000e+00 0.000000000000000000e+00 0.000000000000000000e+00
1.000000000000000000e+00 0.000000000000000000e+00 1.339767701802983824e-02 4.353933032026047756e-01 5.052944549740000513e-01 4.591456480536521001e-02 0.000000000000000000e+00 1.000000000000000000e+00 0.000000000000000000e+00 0.000000000000000000e+00
1.000000000000000000e+00 0.000000000000000000e+00 1.339767701802983824e-02 4.353933032026047756e-01 5.052944549740000513e-01 4.591456480536521001e-02 0.000000000000000000e+00 0.000000000000000000e+00 0.000000000000000000e+00 0.000000000000000000e+00
1.000000000000000000e+00 0.000000000000000000e+00 9.846527676532049883e-03 4.077088010885940861e-01 5.255524128881761126e-01 5.689225834669777576e-02 0.000000000000000000e+00 1.000000000000000000e+00 0.000000000000000000e+00 0.000000000000000000e+00
1.000000000000000000e+00 2.332701559994168037e-06 1.774091461340331632e-01 6.662281187733877230e-01 1.563604023910190877e-01 0.000000000000000000e+00 0.000000000000000000e+00 1.000000000000000000e+00 0.000000000000000000e+00 0.000000000000000000e+00
1.000000000000000000e+00 4.484618749088788436e-01 5.792875540652184241e-02 1.555134373329445166e-03 0.000000000000000000e+00 0.000000000000000000e+00 0.000000000000000000e+00 1.000000000000000000e+00 0.000000000000000000e+00 0.000000000000000000e+00
1.000000000000000000e+00 0.000000000000000000e+00 3.037371822909073430e-03 3.237595373475238847e-01 5.731885114448169727e-01 1.000145793847499465e-01 0.000000000000000000e+00 0.000000000000000000e+00 0.000000000000000000e+00 0.000000000000000000e+00
1.000000000000000000e+00 0.000000000000000000e+00 1.370401905039607127e-01 6.628037128833162983e-01 2.000931136706031177e-01 6.298294211984254928e-05 0.000000000000000000e+00 0.000000000000000000e+00 0.000000000000000000e+00 0.000000000000000000e+00
1.000000000000000000e+00 0.000000000000000000e+00 4.412324439908635321e-02 5.614991495358896412e-01 3.829170433007727525e-01 1.146056276425134850e-02 0.000000000000000000e+00 1.000000000000000000e+00 0.000000000000000000e+00 0.000000000000000000e+00
1.000000000000000000e+00 0.000000000000000000e+00 1.033077708120717364e-01 6.465494484132769948e-01 2.493426641395733168e-01 8.001166350779997591e-04 0.000000000000000000e+00 0.000000000000000000e+00 0.000000000000000000e+00 0.000000000000000000e+00
1.000000000000000000e+00 0.000000000000000000e+00 3.599999999999999728e-02 5.386666666666666270e-01 4.093333333333333268e-01 1.600000000000000033e-02 0.000000000000000000e+00 1.000000000000000000e+00 0.000000000000000000e+00 0.000000000000000000e+00
1.000000000000000000e+00 6.298294211984254928e-05 2.000931136706031177e-01 6.628037128833162983e-01 1.370401905039607127e-01 0.000000000000000000e+00 0.000000000000000000e+00 1.000000000000000000e+00 0.000000000000000000e+00 0.000000000000000000e+00
1.000000000000000000e+00 0.000000000000000000e+00 1.370401905039607127e-01 6.628037128833162983e-01 2.000931136706031177e-01 6.298294211984254928e-05 0.000000000000000000e+00 1.000000000000000000e+00 0.000000000000000000e+00 0.000000000000000000e+00
1.000000000000000000e+00 0.000000000000000000e+00 4.412324439908635321e-02 5.614991495358896412e-01 3.829170433007727525e-01 1.146056276425134850e-02 0.000000000000000000e+00 1.000000000000000000e+00 0.000000000000000000e+00 0.000000000000000000e+00
1.000000000000000000e+00 0.000000000000000000e+00 5.338484715944986220e-02 5.826894105068765040e-01 3.560528745686931673e-01 7.872867764980317346e-03 0.000000000000000000e+00 1.000000000000000000e+00 0.000000000000000000e+00 0.000000000000000000e+00
1.000000000000000000e+00 0.000000000000000000e+00 1.033077708120717364e-01 6.465494484132769948e-01 2.493426641395733168e-01 8.001166350779997591e-04 0.000000000000000000e+00 1.000000000000000000e+00 0.000000000000000000e+00 0.000000000000000000e+00
1.000000000000000000e+00 2.332701559994168037e-06 1.774091461340331632e-01 6.662281187733877230e-01 1.563604023910190877e-01 0.000000000000000000e+00 0.000000000000000000e+00 0.000000000000000000e+00 0.000000000000000000e+00 0.000000000000000000e+00
1.000000000000000000e+00 0.000000000000000000e+00 8.874627010740146482e-02 6.341674685328279049e-01 2.753857219225348540e-01 1.700539437235748736e-03 0.000000000000000000e+00 0.000000000000000000e+00 0.000000000000000000e+00 0.000000000000000000e+00
1.000000000000000000e+00 0.000000000000000000e+00 3.037371822909073430e-03 3.237595373475238847e-01 5.731885114448169727e-01 1.000145793847499465e-01 0.000000000000000000e+00 0.000000000000000000e+00 0.000000000000000000e+00 0.000000000000000000e+00
1.000000000000000000e+00 0.000000000000000000e+00 1.370401905039607127e-01 6.628037128833162983e-01 2.000931136706031177e-01 6.298294211984254928e-05 0.000000000000000000e+00 0.000000000000000000e+00 0.000000000000000000e+00 0.000000000000000000e+00
1.000000000000000000e+00 0.000000000000000000e+00 6.385945473101035941e-02 6.020135102298682650e-01 3.290020897118141607e-01 5.124945327307188839e-03 0.000000000000000000e+00 0.000000000000000000e+00 1.000000000000000000e+00 0.000000000000000000e+00
1.000000000000000000e+00 0.000000000000000000e+00 3.599999999999999728e-02 5.386666666666666270e-01 4.093333333333333268e-01 1.600000000000000033e-02 0.000000000000000000e+00 0.000000000000000000e+00 1.000000000000000000e+00 0.000000000000000000e+00
1.000000000000000000e+00 0.000000000000000000e+00 1.771395247120571489e-02 4.625552801671769521e-01 4.832823054867084744e-01 3.644846187490887596e-02 0.000000000000000000e+00 0.000000000000000000e+00 0.000000000000000000e+00 0.000000000000000000e+00
1.000000000000000000e+00 0.000000000000000000e+00 3.599999999999999728e-02 5.386666666666666270e-01 4.093333333333333268e-01 1.600000000000000033e-02 0.000000000000000000e+00 0.000000000000000000e+00 0.000000000000000000e+00 0.000000000000000000e+00
1.000000000000000000e+00 0.000000000000000000e+00 1.193808621276182119e-01 6.561695096466928501e-01 2.241580405306896340e-01 2.915876949992710228e-04 0.000000000000000000e+00 1.000000000000000000e+00 0.000000000000000000e+00 0.000000000000000000e+00
1.000000000000000000e+00 0.000000000000000000e+00 8.874627010740146482e-02 6.341674685328279049e-01 2.753857219225348540e-01 1.700539437235748736e-03 0.000000000000000000e+00 0.000000000000000000e+00 0.000000000000000000e+00 0.000000000000000000e+00
1.000000000000000000e+00 0.000000000000000000e+00 1.370401905039607127e-01 6.628037128833162983e-01 2.000931136706031177e-01 6.298294211984254928e-05 0.000000000000000000e+00 0.000000000000000000e+00 0.000000000000000000e+00 0.000000000000000000e+00
1.000000000000000000e+00 2.915876949992710228e-04 2.241580405306896340e-01 6.561695096466928501e-01 1.193808621276182119e-01 0.000000000000000000e+00 0.000000000000000000e+00 0.000000000000000000e+00 0.000000000000000000e+00 0.000000000000000000e+00
1.000000000000000000e+00 0.000000000000000000e+00 2.287000048597948379e-02 4.889707926325508325e-01 4.597772270010205276e-01 2.838197988044904516e-02 0.000000000000000000e+00 1.000000000000000000e+00 0.000000000000000000e+00 0.000000000000000000e+00
1.000000000000000000e+00 0.000000000000000000e+00 1.193808621276182119e-01 6.561695096466928501e-01 2.241580405306896340e-01 2.915876949992710228e-04 0.000000000000000000e+00 1.000000000000000000e+00 0.000000000000000000e+00 0.000000000000000000e+00
1.000000000000000000e+00 0.000000000000000000e+00 5.338484715944986220e-02 5.826894105068765040e-01 3.560528745686931673e-01 7.872867764980317346e-03 0.000000000000000000e+00 0.000000000000000000e+00 0.000000000000000000e+00 0.000000000000000000e+00
1.000000000000000000e+00 0.000000000000000000e+00 8.874627010740146482e-02 6.341674685328279049e-01 2.753857219225348540e-01 1.700539437235748736e-03 0.000000000000000000e+00 1.000000000000000000e+00 0.000000000000000000e+00 0.000000000000000000e+00
1.000000000000000000e+00 0.000000000000000000e+00 8.874627010740146482e-02 6.341674685328279049e-01 2.753857219225348540e-01 1.700539437235748736e-03 0.000000000000000000e+00 1.000000000000000000e+00 0.000000000000000000e+00 0.000000000000000000e+00
1.000000000000000000e+00 0.000000000000000000e+00 1.339767701802983824e-02 4.353933032026047756e-01 5.052944549740000513e-01 4.591456480536521001e-02 0.000000000000000000e+00 1.000000000000000000e+00 0.000000000000000000e+00 0.000000000000000000e+00
1.000000000000000000e+00 8.001166350779997591e-04 2.493426641395733168e-01 6.465494484132769948e-01 1.033077708120717364e-01 0.000000000000000000e+00 0.000000000000000000e+00 1.000000000000000000e+00 0.000000000000000000e+00 0.000000000000000000e+00
1.000000000000000000e+00 0.000000000000000000e+00 3.599999999999999728e-02 5.386666666666666270e-01 4.093333333333333268e-01 1.600000000000000033e-02 0.000000000000000000e+00 1.000000000000000000e+00 0.000000000000000000e+00 0.000000000000000000e+00
1.000000000000000000e+00 0.000000000000000000e+00 0.000000000000000000e+00 1.152167954512319514e-01 5.390500072896924344e-01 3.441807843708994952e-01 1.552412888176119216e-03 0.000000000000000000e+00 0.000000000000000000e+00 0.000000000000000000e+00
1.000000000000000000e+00 0.000000000000000000e+00 2.894046751227098008e-02 5.144159012489673000e-01 4.350404820916556892e-01 2.160314914710598916e-02 0.000000000000000000e+00 1.000000000000000000e+00 0.000000000000000000e+00 0.000000000000000000e+00
1.000000000000000000e+00 0.000000000000000000e+00 8.874627010740146482e-02 6.341674685328279049e-01 2.753857219225348540e-01 1.700539437235748736e-03 0.000000000000000000e+00 1.000000000000000000e+00 0.000000000000000000e+00 0.000000000000000000e+00
1.000000000000000000e+00 2.332701559994168037e-06 1.774091461340331632e-01 6.662281187733877230e-01 1.563604023910190877e-01 0.000000000000000000e+00 0.000000000000000000e+00 0.000000000000000000e+00 0.000000000000000000e+00 0.000000000000000000e+00
1.000000000000000000e+00 1.700539437235748736e-03 2.753857219225348540e-01 6.341674685328279049e-01 8.874627010740146482e-02 0.000000000000000000e+00 0.000000000000000000e+00 0.000000000000000000e+00 0.000000000000000000e+00 0.000000000000000000e+00
1.000000000000000000e+00 0.000000000000000000e+00 2.894046751227098008e-02 5.144159012489673000e-01 4.350404820916556892e-01 2.160314914710598916e-02 0.000000000000000000e+00 0.000000000000000000e+00 0.000000000000000000e+00 0.000000000000000000e+00
1.000000000000000000e+00 0.000000000000000000e+00 1.370401905039607127e-01 6.628037128833162983e-01 2.000931136706031177e-01 6.298294211984254928e-05 0.000000000000000000e+00 1.000000000000000000e+00 0.000000000000000000e+00 0.000000000000000000e+00
1.000000000000000000e+00 2.915876949992710228e-04 2.241580405306896340e-01 6.561695096466928501e-01 1.193808621276182119e-01 0.000000000000000000e+00 0.000000000000000000e+00 1.000000000000000000e+00 0.000000000000000000e+00 0.000000000000000000e+00
1.000000000000000000e+00 5.960052485785100052e-01 1.975020654128395448e-01 1.244107498663556133e-02 0.000000000000000000e+00 0.000000000000000000e+00 0.000000000000000000e+00 0.000000000000000000e+00 0.000000000000000000e+00 1.000000000000000000e+00
1.000000000000000000e+00 0.000000000000000000e+00 5.338484715944986220e-02 5.826894105068765040e-01 3.560528745686931673e-01 7.872867764980317346e-03 0.000000000000000000e+00 0.000000000000000000e+00 0.000000000000000000e+00 0.000000000000000000e+00
1.000000000000000000e+00 7.872867764980317346e-03 3.560528745686931673e-01 5.826894105068765040e-01 5.338484715944986220e-02 0.000000000000000000e+00 0.000000000000000000e+00 1.000000000000000000e+00 1.000000000000000000e+00 0.000000000000000000e+00
1.000000000000000000e+00 1.854661029304563169e-01 5.962946979637459011e-01 2.180974874860280854e-01 1.417116197696457460e-04 0.000000000000000000e+00 0.000000000000000000e+00 0.000000000000000000e+00 0.000000000000000000e+00 1.000000000000000000e+00
1.000000000000000000e+00 0.000000000000000000e+00 1.193808621276182119e-01 6.561695096466928501e-01 2.241580405306896340e-01 2.915876949992710228e-04 0.000000000000000000e+00 1.000000000000000000e+00 0.000000000000000000e+00 1.000000000000000000e+00
1.000000000000000000e+00 0.000000000000000000e+00 6.385945473101035941e-02 6.020135102298682650e-01 3.290020897118141607e-01 5.124945327307188839e-03 0.000000000000000000e+00 0.000000000000000000e+00 1.000000000000000000e+00 0.000000000000000000e+00
1.000000000000000000e+00 0.000000000000000000e+00 1.339767701802983824e-02 4.353933032026047756e-01 5.052944549740000513e-01 4.591456480536521001e-02 0.000000000000000000e+00 0.000000000000000000e+00 0.000000000000000000e+00 0.000000000000000000e+00
1.000000000000000000e+00 0.000000000000000000e+00 1.370401905039607127e-01 6.628037128833162983e-01 2.000931136706031177e-01 6.298294211984254928e-05 0.000000000000000000e+00 0.000000000000000000e+00 0.000000000000000000e+00 0.000000000000000000e+00
1.000000000000000000e+00 0.000000000000000000e+00 3.599999999999999728e-02 5.386666666666666270e-01 4.093333333333333268e-01 1.600000000000000033e-02 0.000000000000000000e+00 0.000000000000000000e+00 0.000000000000000000e+00 0.000000000000000000e+00
1.000000000000000000e+00 0.000000000000000000e+00 1.033077708120717364e-01 6.465494484132769948e-01 2.493426641395733168e-01 8.001166350779997591e-04 0.000000000000000000e+00 0.000000000000000000e+00 0.000000000000000000e+00 0.000000000000000000e+00
1.000000000000000000e+00 0.000000000000000000e+00 4.412324439908635321e-02 5.614991495358896412e-01 3.829170433007727525e-01 1.146056276425134850e-02 0.000000000000000000e+00 0.000000000000000000e+00 0.000000000000000000e+00 0.000000000000000000e+00
1.000000000000000000e+00 1.854661029304563169e-01 5.962946979637459011e-01 2.180974874860280854e-01 1.417116197696457460e-04 0.000000000000000000e+00 0.000000000000000000e+00 1.000000000000000000e+00 0.000000000000000000e+00 1.000000000000000000e+00
1.000000000000000000e+00 0.000000000000000000e+00 7.562171356368760367e-02 6.192475093551051968e-01 3.020259513048549338e-01 3.104825776352238432e-03 0.000000000000000000e+00 1.000000000000000000e+00 0.000000000000000000e+00 0.000000000000000000e+00
1.000000000000000000e+00 0.000000000000000000e+00 2.894046751227098008e-02 5.144159012489673000e-01 4.350404820916556892e-01 2.160314914710598916e-02 0.000000000000000000e+00 1.000000000000000000e+00 0.000000000000000000e+00 0.000000000000000000e+00
1.000000000000000000e+00 0.000000000000000000e+00 1.193808621276182119e-01 6.561695096466928501e-01 2.241580405306896340e-01 2.915876949992710228e-04 0.000000000000000000e+00 0.000000000000000000e+00 0.000000000000000000e+00 0.000000000000000000e+00
1.000000000000000000e+00 0.000000000000000000e+00 2.287000048597948379e-02 4.889707926325508325e-01 4.597772270010205276e-01 2.838197988044904516e-02 0.000000000000000000e+00 0.000000000000000000e+00 0.000000000000000000e+00 0.000000000000000000e+00
1.000000000000000000e+00 0.000000000000000000e+00 4.270787772755990338e-04 2.431693638528454326e-01 5.956314331535209616e-01 1.607721242163580588e-01 0.000000000000000000e+00 0.000000000000000000e+00 0.000000000000000000e+00 0.000000000000000000e+00
1.000000000000000000e+00 0.000000000000000000e+00 4.412324439908635321e-02 5.614991495358896412e-01 3.829170433007727525e-01 1.146056276425134850e-02 0.000000000000000000e+00 1.000000000000000000e+00 0.000000000000000000e+00 0.000000000000000000e+00
1.000000000000000000e+00 1.700539437235748736e-03 2.753857219225348540e-01 6.341674685328279049e-01 8.874627010740146482e-02 0.000000000000000000e+00 0.000000000000000000e+00 0.000000000000000000e+00 0.000000000000000000e+00 0.000000000000000000e+00
1.000000000000000000e+00 0.000000000000000000e+00 5.338484715944986220e-02 5.826894105068765040e-01 3.560528745686931673e-01 7.872867764980317346e-03 0.000000000000000000e+00 1.000000000000000000e+00 0.000000000000000000e+00 0.000000000000000000e+00
1.000000000000000000e+00 0.000000000000000000e+00 1.339767701802983824e-02 4.353933032026047756e-01 5.052944549740000513e-01 4.591456480536521001e-02 0.000000000000000000e+00 1.000000000000000000e+00 0.000000000000000000e+00 0.000000000000000000e+00
1.000000000000000000e+00 1.700539437235748736e-03 2.753857219225348540e-01 6.341674685328279049e-01 8.874627010740146482e-02 0.000000000000000000e+00 0.000000000000000000e+00 0.000000000000000000e+00 0.000000000000000000e+00 0.000000000000000000e+00
1.000000000000000000e+00 0.000000000000000000e+00 6.385945473101035941e-02 6.020135102298682650e-01 3.290020897118141607e-01 5.124945327307188839e-03 0.000000000000000000e+00 1.000000000000000000e+00 0.000000000000000000e+00 0.000000000000000000e+00
1.000000000000000000e+00 0.000000000000000000e+00 6.985857996792534629e-03 3.797257131749040004e-01 5.437949166545170687e-01 6.949351217378625656e-02 0.000000000000000000e+00 1.000000000000000000e+00 0.000000000000000000e+00 0.000000000000000000e+00
1.000000000000000000e+00 0.000000000000000000e+00 6.985857996792534629e-03 3.797257131749040004e-01 5.437949166545170687e-01 6.949351217378625656e-02 0.000000000000000000e+00 1.000000000000000000e+00 0.000000000000000000e+00 0.000000000000000000e+00
1.000000000000000000e+00 0.000000000000000000e+00 1.193808621276182119e-01 6.561695096466928501e-01 2.241580405306896340e-01 2.915876949992710228e-04 0.000000000000000000e+00 1.000000000000000000e+00 0.000000000000000000e+00 0.000000000000000000e+00
1.000000000000000000e+00 0.000000000000000000e+00 8.874627010740146482e-02 6.341674685328279049e-01 2.753857219225348540e-01 1.700539437235748736e-03 0.000000000000000000e+00 1.000000000000000000e+00 0.000000000000000000e+00 0.000000000000000000e+00
1.000000000000000000e+00 5.689225834669777576e-02 5.255524128881761126e-01 4.077088010885940861e-01 9.846527676532049883e-03 0.000000000000000000e+00 0.000000000000000000e+00 1.000000000000000000e+00 1.000000000000000000e+00 0.000000000000000000e+00
1.000000000000000000e+00 0.000000000000000000e+00 2.287000048597948379e-02 4.889707926325508325e-01 4.597772270010205276e-01 2.838197988044904516e-02 0.000000000000000000e+00 0.000000000000000000e+00 0.000000000000000000e+00 0.000000000000000000e+00
1.000000000000000000e+00 2.332701559994168037e-06 1.774091461340331632e-01 6.662281187733877230e-01 1.563604023910190877e-01 0.000000000000000000e+00 0.000000000000000000e+00 1.000000000000000000e+00 0.000000000000000000e+00 0.000000000000000000e+00
1.000000000000000000e+00 0.000000000000000000e+00 7.562171356368760367e-02 6.192475093551051968e-01 3.020259513048549338e-01 3.104825776352238432e-03 0.000000000000000000e+00 1.000000000000000000e+00 0.000000000000000000e+00 0.000000000000000000e+00
1.000000000000000000e+00 0.000000000000000000e+00 1.033077708120717364e-01 6.465494484132769948e-01 2.493426641395733168e-01 8.001166350779997591e-04 0.000000000000000000e+00 0.000000000000000000e+00 0.000000000000000000e+00 0.000000000000000000e+00
1.000000000000000000e+00 0.000000000000000000e+00 3.599999999999999728e-02 5.386666666666666270e-01 4.093333333333333268e-01 1.600000000000000033e-02 0.000000000000000000e+00 1.000000000000000000e+00 0.000000000000000000e+00 0.000000000000000000e+00
1.000000000000000000e+00 0.000000000000000000e+00 3.599999999999999728e-02 5.386666666666666270e-01 4.093333333333333268e-01 1.600000000000000033e-02 0.000000000000000000e+00 0.000000000000000000e+00 1.000000000000000000e+00 0.000000000000000000e+00
1.000000000000000000e+00 1.600000000000000033e-02 4.093333333333333268e-01 5.386666666666666270e-01 3.599999999999999728e-02 0.000000000000000000e+00 0.000000000000000000e+00 1.000000000000000000e+00 1.000000000000000000e+00 0.000000000000000000e+00
1.000000000000000000e+00 0.000000000000000000e+00 1.771395247120571489e-02 4.625552801671769521e-01 4.832823054867084744e-01 3.644846187490887596e-02 0.000000000000000000e+00 0.000000000000000000e+00 0.000000000000000000e+00 0.000000000000000000e+00
1.000000000000000000e+00 0.000000000000000000e+00 1.339767701802983824e-02 4.353933032026047756e-01 5.052944549740000513e-01 4.591456480536521001e-02 0.000000000000000000e+00 0.000000000000000000e+00 0.000000000000000000e+00 0.000000000000000000e+00
1.000000000000000000e+00 0.000000000000000000e+00 9.846527676532049883e-03 4.077088010885940861e-01 5.255524128881761126e-01 5.689225834669777576e-02 0.000000000000000000e+00 0.000000000000000000e+00 0.000000000000000000e+00 0.000000000000000000e+00
1.000000000000000000e+00 0.000000000000000000e+00 5.338484715944986220e-02 5.826894105068765040e-01 3.560528745686931673e-01 7.872867764980317346e-03 0.000000000000000000e+00 0.000000000000000000e+00 0.000000000000000000e+00 0.000000000000000000e+00
1.000000000000000000e+00 0.000000000000000000e+00 4.412324439908635321e-02 5.614991495358896412e-01 3.829170433007727525e-01 1.146056276425134850e-02 0.000000000000000000e+00 0.000000000000000000e+00 0.000000000000000000e+00 0.000000000000000000e+00
1.000000000000000000e+00 0.000000000000000000e+00 6.385945473101035941e-02 6.020135102298682650e-01 3.290020897118141607e-01 5.124945327307188839e-03 0.000000000000000000e+00 1.000000000000000000e+00 0.000000000000000000e+00 0.000000000000000000e+00
1.000000000000000000e+00 0.000000000000000000e+00 4.412324439908635321e-02 5.614991495358896412e-01 3.829170433007727525e-01 1.146056276425134850e-02 0.000000000000000000e+00 0.000000000000000000e+00 0.000000000000000000e+00 0.000000000000000000e+00
1.000000000000000000e+00 7.872867764980317346e-03 3.560528745686931673e-01 5.826894105068765040e-01 5.338484715944986220e-02 0.000000000000000000e+00 0.000000000000000000e+00 1.000000000000000000e+00 1.000000000000000000e+00 0.000000000000000000e+00
1.000000000000000000e+00 0.000000000000000000e+00 6.985857996792534629e-03 3.797257131749040004e-01 5.437949166545170687e-01 6.949351217378625656e-02 0.000000000000000000e+00 1.000000000000000000e+00 0.000000000000000000e+00 0.000000000000000000e+00
1.000000000000000000e+00 0.000000000000000000e+00 0.000000000000000000e+00 1.244107498663556343e-05 2.590853865966856115e-03 1.184685814258638337e-01 8.789281236331826230e-01 1.000000000000000000e+00 0.000000000000000000e+00 0.000000000000000000e+00
1.000000000000000000e+00 0.000000000000000000e+00 4.412324439908635321e-02 5.614991495358896412e-01 3.829170433007727525e-01 1.146056276425134850e-02 0.000000000000000000e+00 1.000000000000000000e+00 0.000000000000000000e+00 0.000000000000000000e+00
1.000000000000000000e+00 6.949351217378625656e-02 5.437949166545170687e-01 3.797257131749040004e-01 6.985857996792534629e-03 0.000000000000000000e+00 0.000000000000000000e+00 0.000000000000000000e+00 0.000000000000000000e+00 1.000000000000000000e+00
1.000000000000000000e+00 2.332701559994168037e-06 1.774091461340331632e-01 6.662281187733877230e-01 1.563604023910190877e-01 0.000000000000000000e+00 0.000000000000000000e+00 0.000000000000000000e+00 0.000000000000000000e+00 0.000000000000000000e+00
1.000000000000000000e+00 1.600000000000000033e-02 4.093333333333333268e-01 5.386666666666666270e-01 3.599999999999999728e-02 0.000000000000000000e+00 0.000000000000000000e+00 0.000000000000000000e+00 1.000000000000000000e+00 0.000000000000000000e+00
1.000000000000000000e+00 0.000000000000000000e+00 6.385945473101035941e-02 6.020135102298682650e-01 3.290020897118141607e-01 5.124945327307188839e-03 0.000000000000000000e+00 0.000000000000000000e+00 0.000000000000000000e+00 0.000000000000000000e+00
1.000000000000000000e+00 0.000000000000000000e+00 0.000000000000000000e+00 4.267288720415997848e-03 1.068346211789862332e-01 5.381029304563347271e-01 3.507951596442629993e-01 1.000000000000000000e+00 0.000000000000000000e+00 0.000000000000000000e+00
1.000000000000000000e+00 0.000000000000000000e+00 5.338484715944986220e-02 5.826894105068765040e-01 3.560528745686931673e-01 7.872867764980317346e-03 0.000000000000000000e+00 1.000000000000000000e+00 0.000000000000000000e+00 0.000000000000000000e+00
1.000000000000000000e+00 0.000000000000000000e+00 3.599999999999999728e-02 5.386666666666666270e-01 4.093333333333333268e-01 1.600000000000000033e-02 0.000000000000000000e+00 1.000000000000000000e+00 0.000000000000000000e+00 0.000000000000000000e+00
1.000000000000000000e+00 0.000000000000000000e+00 4.741021528891480735e-03 3.516679788112941907e-01 5.597607036983038853e-01 8.383029596151041207e-02 0.000000000000000000e+00 1.000000000000000000e+00 0.000000000000000000e+00 0.000000000000000000e+00
1.000000000000000000e+00 0.000000000000000000e+00 3.599999999999999728e-02 5.386666666666666270e-01 4.093333333333333268e-01 1.600000000000000033e-02 0.000000000000000000e+00 0.000000000000000000e+00 0.000000000000000000e+00 0.000000000000000000e+00
1.000000000000000000e+00 0.000000000000000000e+00 6.385945473101035941e-02 6.020135102298682650e-01 3.290020897118141607e-01 5.124945327307188839e-03 0.000000000000000000e+00 0.000000000000000000e+00 0.000000000000000000e+00 0.000000000000000000e+00
1.000000000000000000e+00 0.000000000000000000e+00 1.033077708120717364e-01 6.465494484132769948e-01 2.493426641395733168e-01 8.001166350779997591e-04 0.000000000000000000e+00 0.000000000000000000e+00 0.000000000000000000e+00 0.000000000000000000e+00
1.000000000000000000e+00 0.000000000000000000e+00 1.563604023910190877e-01 6.662281187733877230e-01 1.774091461340331632e-01 2.332701559994168037e-06 0.000000000000000000e+00 0.000000000000000000e+00 1.000000000000000000e+00 0.000000000000000000e+00
1.000000000000000000e+00 2.332701559994168037e-06 1.774091461340331632e-01 6.662281187733877230e-01 1.563604023910190877e-01 0.000000000000000000e+00 0.000000000000000000e+00 0.000000000000000000e+00 0.000000000000000000e+00 0.000000000000000000e+00
1.000000000000000000e+00 0.000000000000000000e+00 1.370401905039607127e-01 6.628037128833162983e-01 2.000931136706031177e-01 6.298294211984254928e-05 0.000000000000000000e+00 0.000000000000000000e+00 0.000000000000000000e+00 0.000000000000000000e+00
1.000000000000000000e+00 0.000000000000000000e+00 8.874627010740146482e-02 6.341674685328279049e-01 2.753857219225348540e-01 1.700539437235748736e-03 0.000000000000000000e+00 0.000000000000000000e+00 0.000000000000000000e+00 0.000000000000000000e+00
1.000000000000000000e+00 0.000000000000000000e+00 2.894046751227098008e-02 5.144159012489673000e-01 4.350404820916556892e-01 2.160314914710598916e-02 0.000000000000000000e+00 0.000000000000000000e+00 0.000000000000000000e+00 0.000000000000000000e+00
1.000000000000000000e+00 0.000000000000000000e+00 1.033077708120717364e-01 6.465494484132769948e-01 2.493426641395733168e-01 8.001166350779997591e-04 0.000000000000000000e+00 0.000000000000000000e+00 1.000000000000000000e+00 0.000000000000000000e+00
1.000000000000000000e+00 0.000000000000000000e+00 1.033077708120717364e-01 6.465494484132769948e-01 2.493426641395733168e-01 8.001166350779997591e-04 0.000000000000000000e+00 1.000000000000000000e+00 0.000000000000000000e+00 0.000000000000000000e+00
1.000000000000000000e+00 0.000000000000000000e+00 4.412324439908635321e-02 5.614991495358896412e-01 3.829170433007727525e-01 1.146056276425134850e-02 0.000000000000000000e+00 1.000000000000000000e+00 0.000000000000000000e+00 0.000000000000000000e+00
1.000000000000000000e+00 0.000000000000000000e+00 6.385945473101035941e-02 6.020135102298682650e-01 3.290020897118141607e-01 5.124945327307188839e-03 0.000000000000000000e+00 0.000000000000000000e+00 0.000000000000000000e+00 0.000000000000000000e+00
1.000000000000000000e+00 0.000000000000000000e+00 1.193808621276182119e-01 6.561695096466928501e-01 2.241580405306896340e-01 2.915876949992710228e-04 0.000000000000000000e+00 0.000000000000000000e+00 0.000000000000000000e+00 0.000000000000000000e+00
1.000000000000000000e+00 0.000000000000000000e+00 4.741021528891480735e-03 3.516679788112941907e-01 5.597607036983038853e-01 8.383029596151041207e-02 0.000000000000000000e+00 1.000000000000000000e+00 0.000000000000000000e+00 0.000000000000000000e+00
1.000000000000000000e+00 8.001166350779997591e-04 2.493426641395733168e-01 6.465494484132769948e-01 1.033077708120717364e-01 0.000000000000000000e+00 0.000000000000000000e+00 1.000000000000000000e+00 0.000000000000000000e+00 1.000000000000000000e+00
1.000000000000000000e+00 2.743770228896340035e-01 5.742209262769111255e-01 1.513705593623949075e-01 0.000000000000000000e+00 0.000000000000000000e+00 0.000000000000000000e+00 1.000000000000000000e+00 0.000000000000000000e+00 1.000000000000000000e+00
1.000000000000000000e+00 0.000000000000000000e+00 8.874627010740146482e-02 6.341674685328279049e-01 2.753857219225348540e-01 1.700539437235748736e-03 0.000000000000000000e+00 1.000000000000000000e+00 0.000000000000000000e+00 0.000000000000000000e+00
1.000000000000000000e+00 0.000000000000000000e+00 6.385945473101035941e-02 6.020135102298682650e-01 3.290020897118141607e-01 5.124945327307188839e-03 0.000000000000000000e+00 0.000000000000000000e+00 0.000000000000000000e+00 0.000000000000000000e+00
1.000000000000000000e+00 0.000000000000000000e+00 6.385945473101035941e-02 6.020135102298682650e-01 3.290020897118141607e-01 5.124945327307188839e-03 0.000000000000000000e+00 0.000000000000000000e+00 1.000000000000000000e+00 0.000000000000000000e+00
1.000000000000000000e+00 4.591456480536521001e-02 5.052944549740000513e-01 4.353933032026047756e-01 1.339767701802983824e-02 0.000000000000000000e+00 0.000000000000000000e+00 1.000000000000000000e+00 1.000000000000000000e+00 0.000000000000000000e+00
1.000000000000000000e+00 0.000000000000000000e+00 3.599999999999999728e-02 5.386666666666666270e-01 4.093333333333333268e-01 1.600000000000000033e-02 0.000000000000000000e+00 0.000000000000000000e+00 0.000000000000000000e+00 0.000000000000000000e+00
1.000000000000000000e+00 0.000000000000000000e+00 7.562171356368760367e-02 6.192475093551051968e-01 3.020259513048549338e-01 3.104825776352238432e-03 0.000000000000000000e+00 0.000000000000000000e+00 0.000000000000000000e+00 0.000000000000000000e+00
1.000000000000000000e+00 4.989088788453127643e-01 8.095407493803762067e-02 2.687272197113281958e-03 0.000000000000000000e+00 0.000000000000000000e+00 0.000000000000000000e+00 0.000000000000000000e+00 0.000000000000000000e+00 1.000000000000000000e+00
1.000000000000000000e+00 0.000000000000000000e+00 1.370401905039607127e-01 6.628037128833162983e-01 2.000931136706031177e-01 6.298294211984254928e-05 0.000000000000000000e+00 0.000000000000000000e+00 0.000000000000000000e+00 0.000000000000000000e+00
1.000000000000000000e+00 0.000000000000000000e+00 4.412324439908635321e-02 5.614991495358896412e-01 3.829170433007727525e-01 1.146056276425134850e-02 0.000000000000000000e+00 1.000000000000000000e+00 0.000000000000000000e+00 0.000000000000000000e+00
1.000000000000000000e+00 2.915876949992710228e-04 2.241580405306896340e-01 6.561695096466928501e-01 1.193808621276182119e-01 0.000000000000000000e+00 0.000000000000000000e+00 1.000000000000000000e+00 0.000000000000000000e+00 0.000000000000000000e+00
1.000000000000000000e+00 0.000000000000000000e+00 2.287000048597948379e-02 4.889707926325508325e-01 4.597772270010205276e-01 2.838197988044904516e-02 0.000000000000000000e+00 0.000000000000000000e+00 0.000000000000000000e+00 0.000000000000000000e+00
1.000000000000000000e+00 0.000000000000000000e+00 6.385945473101035941e-02 6.020135102298682650e-01 3.290020897118141607e-01 5.124945327307188839e-03 0.000000000000000000e+00 1.000000000000000000e+00 0.000000000000000000e+00 0.000000000000000000e+00
1.000000000000000000e+00 2.332701559994168037e-06 1.774091461340331632e-01 6.662281187733877230e-01 1.563604023910190877e-01 0.000000000000000000e+00 0.000000000000000000e+00 0.000000000000000000e+00 0.000000000000000000e+00 1.000000000000000000e+00
1.000000000000000000e+00 0.000000000000000000e+00 4.412324439908635321e-02 5.614991495358896412e-01 3.829170433007727525e-01 1.146056276425134850e-02 0.000000000000000000e+00 0.000000000000000000e+00 0.000000000000000000e+00 0.000000000000000000e+00
1.000000000000000000e+00 0.000000000000000000e+00 8.874627010740146482e-02 6.341674685328279049e-01 2.753857219225348540e-01 1.700539437235748736e-03 0.000000000000000000e+00 1.000000000000000000e+00 0.000000000000000000e+00 0.000000000000000000e+00
1.000000000000000000e+00 0.000000000000000000e+00 6.985857996792534629e-03 3.797257131749040004e-01 5.437949166545170687e-01 6.949351217378625656e-02 0.000000000000000000e+00 1.000000000000000000e+00 0.000000000000000000e+00 0.000000000000000000e+00
1.000000000000000000e+00 0.000000000000000000e+00 3.037371822909073430e-03 3.237595373475238847e-01 5.731885114448169727e-01 1.000145793847499465e-01 0.000000000000000000e+00 0.000000000000000000e+00 0.000000000000000000e+00 0.000000000000000000e+00
1.000000000000000000e+00 2.332701559994168037e-06 1.774091461340331632e-01 6.662281187733877230e-01 1.563604023910190877e-01 0.000000000000000000e+00 0.000000000000000000e+00 1.000000000000000000e+00 0.000000000000000000e+00 0.000000000000000000e+00
1.000000000000000000e+00 0.000000000000000000e+00 7.562171356368760367e-02 6.192475093551051968e-01 3.020259513048549338e-01 3.104825776352238432e-03 0.000000000000000000e+00 0.000000000000000000e+00 0.000000000000000000e+00 0.000000000000000000e+00
1.000000000000000000e+00 0.000000000000000000e+00 7.562171356368760367e-02 6.192475093551051968e-01 3.020259513048549338e-01 3.104825776352238432e-03 0.000000000000000000e+00 0.000000000000000000e+00 0.000000000000000000e+00 0.000000000000000000e+00
1.000000000000000000e+00 0.000000000000000000e+00 1.339767701802983824e-02 4.353933032026047756e-01 5.052944549740000513e-01 4.591456480536521001e-02 0.000000000000000000e+00 0.000000000000000000e+00 0.000000000000000000e+00 0.000000000000000000e+00
1.000000000000000000e+00 0.000000000000000000e+00 9.846527676532049883e-03 4.077088010885940861e-01 5.255524128881761126e-01 5.689225834669777576e-02 0.000000000000000000e+00 0.000000000000000000e+00 0.000000000000000000e+00 0.000000000000000000e+00
1.000000000000000000e+00 0.000000000000000000e+00 1.193808621276182119e-01 6.561695096466928501e-01 2.241580405306896340e-01 2.915876949992710228e-04 0.000000000000000000e+00 1.000000000000000000e+00 0.000000000000000000e+00 0.000000000000000000e+00
1.000000000000000000e+00 0.000000000000000000e+00 1.033077708120717364e-01 6.465494484132769948e-01 2.493426641395733168e-01 8.001166350779997591e-04 0.000000000000000000e+00 0.000000000000000000e+00 0.000000000000000000e+00 0.000000000000000000e+00
1.000000000000000000e+00 0.000000000000000000e+00 5.338484715944986220e-02 5.826894105068765040e-01 3.560528745686931673e-01 7.872867764980317346e-03 0.000000000000000000e+00 1.000000000000000000e+00 0.000000000000000000e+00 0.000000000000000000e+00
1.000000000000000000e+00 0.000000000000000000e+00 8.874627010740146482e-02 6.341674685328279049e-01 2.753857219225348540e-01 1.700539437235748736e-03 0.000000000000000000e+00 0.000000000000000000e+00 0.000000000000000000e+00 0.000000000000000000e+00
1.000000000000000000e+00 0.000000000000000000e+00 1.563604023910190877e-01 6.662281187733877230e-01 1.774091461340331632e-01 2.332701559994168037e-06 0.000000000000000000e+00 0.000000000000000000e+00 0.000000000000000000e+00 0.000000000000000000e+00
1.000000000000000000e+00 0.000000000000000000e+00 7.562171356368760367e-02 6.192475093551051968e-01 3.020259513048549338e-01 3.104825776352238432e-03 0.000000000000000000e+00 0.000000000000000000e+00 0.000000000000000000e+00 0.000000000000000000e+00
1.000000000000000000e+00 0.000000000000000000e+00 7.562171356368760367e-02 6.192475093551051968e-01 3.020259513048549338e-01 3.104825776352238432e-03 0.000000000000000000e+00 1.000000000000000000e+00 0.000000000000000000e+00 0.000000000000000000e+00
1.000000000000000000e+00 0.000000000000000000e+00 1.033077708120717364e-01 6.465494484132769948e-01 2.493426641395733168e-01 8.001166350779997591e-04 0.000000000000000000e+00 1.000000000000000000e+00 0.000000000000000000e+00 0.000000000000000000e+00
1.000000000000000000e+00 0.000000000000000000e+00 1.563604023910190877e-01 6.662281187733877230e-01 1.774091461340331632e-01 2.332701559994168037e-06 0.000000000000000000e+00 1.000000000000000000e+00 0.000000000000000000e+00 0.000000000000000000e+00
1.000000000000000000e+00 0.000000000000000000e+00 1.563604023910190877e-01 6.662281187733877230e-01 1.774091461340331632e-01 2.332701559994168037e-06 0.000000000000000000e+00 0.000000000000000000e+00 1.000000000000000000e+00 0.000000000000000000e+00
1.000000000000000000e+00 0.000000000000000000e+00 1.193808621276182119e-01 6.561695096466928501e-01 2.241580405306896340e-01 2.915876949992710228e-04 0.000000000000000000e+00 1.000000000000000000e+00 0.000000000000000000e+00 0.000000000000000000e+00
1.000000000000000000e+00 3.104825776352238432e-03 3.020259513048549338e-01 6.192475093551051968e-01 7.562171356368760367e-02 0.000000000000000000e+00 0.000000000000000000e+00 1.000000000000000000e+00 0.000000000000000000e+00 0.000000000000000000e+00
1.000000000000000000e+00 7.872867764980317346e-03 3.560528745686931673e-01 5.826894105068765040e-01 5.338484715944986220e-02 0.000000000000000000e+00 0.000000000000000000e+00 1.000000000000000000e+00 1.000000000000000000e+00 0.000000000000000000e+00
1.000000000000000000e+00 0.000000000000000000e+00 8.874627010740146482e-02 6.341674685328279049e-01 2.753857219225348540e-01 1.700539437235748736e-03 0.000000000000000000e+00 0.000000000000000000e+00 0.000000000000000000e+00 0.000000000000000000e+00
1.000000000000000000e+00 0.000000000000000000e+00 4.412324439908635321e-02 5.614991495358896412e-01 3.829170433007727525e-01 1.146056276425134850e-02 0.000000000000000000e+00 1.000000000000000000e+00 0.000000000000000000e+00 0.000000000000000000e+00
1.000000000000000000e+00 0.000000000000000000e+00 1.193808621276182119e-01 6.561695096466928501e-01 2.241580405306896340e-01 2.915876949992710228e-04 0.000000000000000000e+00 1.000000000000000000e+00 0.000000000000000000e+00 0.000000000000000000e+00
1.000000000000000000e+00 0.000000000000000000e+00 1.193808621276182119e-01 6.561695096466928501e-01 2.241580405306896340e-01 2.915876949992710228e-04 0.000000000000000000e+00 0.000000000000000000e+00 0.000000000000000000e+00 0.000000000000000000e+00
1.000000000000000000e+00 0.000000000000000000e+00 4.741021528891480735e-03 3.516679788112941907e-01 5.597607036983038853e-01 8.383029596151041207e-02 0.000000000000000000e+00 0.000000000000000000e+00 0.000000000000000000e+00 0.000000000000000000e+00
1.000000000000000000e+00 8.001166350779997591e-04 2.493426641395733168e-01 6.465494484132769948e-01 1.033077708120717364e-01 0.000000000000000000e+00 0.000000000000000000e+00 1.000000000000000000e+00 0.000000000000000000e+00 0.000000000000000000e+00
1.000000000000000000e+00 0.000000000000000000e+00 1.033077708120717364e-01 6.465494484132769948e-01 2.493426641395733168e-01 8.001166350779997591e-04 0.000000000000000000e+00 1.000000000000000000e+00 1.000000000000000000e+00 0.000000000000000000e+00
1.000000000000000000e+00 0.000000000000000000e+00 9.550468970209456719e-04 2.692862905185401390e-01 5.913851387471449339e-01 1.383735238372940657e-01 0.000000000000000000e+00 0.000000000000000000e+00 0.000000000000000000e+00 0.000000000000000000e+00
1.000000000000000000e+00 1.700539437235748736e-03 2.753857219225348540e-01 6.341674685328279049e-01 8.874627010740146482e-02 0.000000000000000000e+00 0.000000000000000000e+00 0.000000000000000000e+00 1.000000000000000000e+00 0.000000000000000000e+00
1.000000000000000000e+00 0.000000000000000000e+00 7.562171356368760367e-02 6.192475093551051968e-01 3.020259513048549338e-01 3.104825776352238432e-03 0.000000000000000000e+00 1.000000000000000000e+00 0.000000000000000000e+00 0.000000000000000000e+00
1.000000000000000000e+00 0.000000000000000000e+00 7.562171356368760367e-02 6.192475093551051968e-01 3.020259513048549338e-01 3.104825776352238432e-03 0.000000000000000000e+00 0.000000000000000000e+00 0.000000000000000000e+00 0.000000000000000000e+00
1.000000000000000000e+00 2.915876949992710228e-04 2.241580405306896340e-01 6.561695096466928501e-01 1.193808621276182119e-01 0.000000000000000000e+00 0.000000000000000000e+00 1.000000000000000000e+00 0.000000000000000000e+00 0.000000000000000000e+00
1.000000000000000000e+00 3.644846187490887596e-02 4.832823054867084744e-01 4.625552801671769521e-01 1.771395247120571489e-02 0.000000000000000000e+00 0.000000000000000000e+00 0.000000000000000000e+00 0.000000000000000000e+00 0.000000000000000000e+00
1.000000000000000000e+00 0.000000000000000000e+00 0.000000000000000000e+00 2.687272197113281958e-03 8.095407493803762067e-02 4.989088788453127643e-01 4.174497740195363127e-01 1.000000000000000000e+00 0.000000000000000000e+00 0.000000000000000000e+00
1.000000000000000000e+00 0.000000000000000000e+00 1.771395247120571489e-02 4.625552801671769521e-01 4.832823054867084744e-01 3.644846187490887596e-02 0.000000000000000000e+00 1.000000000000000000e+00 0.000000000000000000e+00 0.000000000000000000e+00
1.000000000000000000e+00 0.000000000000000000e+00 1.800262428925499241e-03 2.962243281333528100e-01 5.838170773193371854e-01 1.181583321183845986e-01 0.000000000000000000e+00 1.000000000000000000e+00 0.000000000000000000e+00 0.000000000000000000e+00
1.000000000000000000e+00 0.000000000000000000e+00 2.894046751227098008e-02 5.144159012489673000e-01 4.350404820916556892e-01 2.160314914710598916e-02 0.000000000000000000e+00 1.000000000000000000e+00 0.000000000000000000e+00 0.000000000000000000e+00
1.000000000000000000e+00 0.000000000000000000e+00 2.894046751227098008e-02 5.144159012489673000e-01 4.350404820916556892e-01 2.160314914710598916e-02 0.000000000000000000e+00 1.000000000000000000e+00 0.000000000000000000e+00 0.000000000000000000e+00
1.000000000000000000e+00 0.000000000000000000e+00 0.000000000000000000e+00 1.555134373329445166e-03 5.792875540652184241e-02 4.484618749088788436e-01 4.920542353112699052e-01 1.000000000000000000e+00 0.000000000000000000e+00 0.000000000000000000e+00
1.000000000000000000e+00 1.700539437235748736e-03 2.753857219225348540e-01 6.341674685328279049e-01 8.874627010740146482e-02 0.000000000000000000e+00 0.000000000000000000e+00 0.000000000000000000e+00 1.000000000000000000e+00 0.000000000000000000e+00
1.000000000000000000e+00 0.000000000000000000e+00 3.599999999999999728e-02 5.386666666666666270e-01 4.093333333333333268e-01 1.600000000000000033e-02 0.000000000000000000e+00 0.000000000000000000e+00 0.000000000000000000e+00 0.000000000000000000e+00
1.000000000000000000e+00 0.000000000000000000e+00 5.338484715944986220e-02 5.826894105068765040e-01 3.560528745686931673e-01 7.872867764980317346e-03 0.000000000000000000e+00 1.000000000000000000e+00 0.000000000000000000e+00 0.000000000000000000e+00
1.000000000000000000e+00 0.000000000000000000e+00 1.193808621276182119e-01 6.561695096466928501e-01 2.241580405306896340e-01 2.915876949992710228e-04 0.000000000000000000e+00 1.000000000000000000e+00 1.000000000000000000e+00 0.000000000000000000e+00
1.000000000000000000e+00 5.632167954512319330e-01 3.334581328667929889e-01 3.413830976332798278e-02 0.000000000000000000e+00 0.000000000000000000e+00 0.000000000000000000e+00 0.000000000000000000e+00 0.000000000000000000e+00 1.000000000000000000e+00
1.000000000000000000e+00 0.000000000000000000e+00 0.000000000000000000e+00 1.555134373329445166e-03 5.792875540652184241e-02 4.484618749088788436e-01 4.920542353112699052e-01 1.000000000000000000e+00 0.000000000000000000e+00 0.000000000000000000e+00
1.000000000000000000e+00 1.700539437235748736e-03 2.753857219225348540e-01 6.341674685328279049e-01 8.874627010740146482e-02 0.000000000000000000e+00 0.000000000000000000e+00 1.000000000000000000e+00 1.000000000000000000e+00 0.000000000000000000e+00
1.000000000000000000e+00 0.000000000000000000e+00 1.800262428925499241e-03 2.962243281333528100e-01 5.838170773193371854e-01 1.181583321183845986e-01 0.000000000000000000e+00 1.000000000000000000e+00 0.000000000000000000e+00 0.000000000000000000e+00
1.000000000000000000e+00 1.607721242163580588e-01 5.956314331535209616e-01 2.431693638528454326e-01 4.270787772755990338e-04 0.000000000000000000e+00 0.000000000000000000e+00 1.000000000000000000e+00 0.000000000000000000e+00 1.000000000000000000e+00
1.000000000000000000e+00 0.000000000000000000e+00 3.599999999999999728e-02 5.386666666666666270e-01 4.093333333333333268e-01 1.600000000000000033e-02 0.000000000000000000e+00 1.000000000000000000e+00 1.000000000000000000e+00 0.000000000000000000e+00
1.000000000000000000e+00 5.137915147980753883e-01 4.005030859697720214e-01 5.095864314525926780e-02 0.000000000000000000e+00 0.000000000000000000e+00 0.000000000000000000e+00 0.000000000000000000e+00 0.000000000000000000e+00 1.000000000000000000e+00
1.000000000000000000e+00 1.000145793847499465e-01 5.731885114448169727e-01 3.237595373475238847e-01 3.037371822909073430e-03 0.000000000000000000e+00 0.000000000000000000e+00 0.000000000000000000e+00 0.000000000000000000e+00 0.000000000000000000e+00
1.000000000000000000e+00 0.000000000000000000e+00 1.193808621276182119e-01 6.561695096466928501e-01 2.241580405306896340e-01 2.915876949992710228e-04 0.000000000000000000e+00 0.000000000000000000e+00 0.000000000000000000e+00 1.000000000000000000e+00
1.000000000000000000e+00 1.600000000000000033e-02 4.093333333333333268e-01 5.386666666666666270e-01 3.599999999999999728e-02 0.000000000000000000e+00 0.000000000000000000e+00 0.000000000000000000e+00 0.000000000000000000e+00 1.000000000000000000e+00
1.000000000000000000e+00 2.332701559994168037e-06 1.774091461340331632e-01 6.662281187733877230e-01 1.563604023910190877e-01 0.000000000000000000e+00 0.000000000000000000e+00 0.000000000000000000e+00 0.000000000000000000e+00 0.000000000000000000e+00
1.000000000000000000e+00 0.000000000000000000e+00 1.339767701802983824e-02 4.353933032026047756e-01 5.052944549740000513e-01 4.591456480536521001e-02 0.000000000000000000e+00 0.000000000000000000e+00 0.000000000000000000e+00 0.000000000000000000e+00
1.000000000000000000e+00 8.001166350779997591e-04 2.493426641395733168e-01 6.465494484132769948e-01 1.033077708120717364e-01 0.000000000000000000e+00 0.000000000000000000e+00 1.000000000000000000e+00 0.000000000000000000e+00 0.000000000000000000e+00
1.000000000000000000e+00 0.000000000000000000e+00 2.429897458327258072e-05 1.942946007678476028e-01 5.931136706031004957e-01 2.125674296544685649e-01 0.000000000000000000e+00 1.000000000000000000e+00 0.000000000000000000e+00 0.000000000000000000e+00
1.000000000000000000e+00 0.000000000000000000e+00 4.412324439908635321e-02 5.614991495358896412e-01 3.829170433007727525e-01 1.146056276425134850e-02 0.000000000000000000e+00 1.000000000000000000e+00 0.000000000000000000e+00 0.000000000000000000e+00
1.000000000000000000e+00 2.915876949992710228e-04 2.241580405306896340e-01 6.561695096466928501e-01 1.193808621276182119e-01 0.000000000000000000e+00 0.000000000000000000e+00 1.000000000000000000e+00 1.000000000000000000e+00 0.000000000000000000e+00
1.000000000000000000e+00 0.000000000000000000e+00 3.599999999999999728e-02 5.386666666666666270e-01 4.093333333333333268e-01 1.600000000000000033e-02 0.000000000000000000e+00 0.000000000000000000e+00 0.000000000000000000e+00 0.000000000000000000e+00
1.000000000000000000e+00 0.000000000000000000e+00 8.874627010740146482e-02 6.341674685328279049e-01 2.753857219225348540e-01 1.700539437235748736e-03 0.000000000000000000e+00 1.000000000000000000e+00 0.000000000000000000e+00 0.000000000000000000e+00
1.000000000000000000e+00 0.000000000000000000e+00 3.599999999999999728e-02 5.386666666666666270e-01 4.093333333333333268e-01 1.600000000000000033e-02 0.000000000000000000e+00 0.000000000000000000e+00 0.000000000000000000e+00 0.000000000000000000e+00
1.000000000000000000e+00 6.298294211984254928e-05 2.000931136706031177e-01 6.628037128833162983e-01 1.370401905039607127e-01 0.000000000000000000e+00 0.000000000000000000e+00 1.000000000000000000e+00 0.000000000000000000e+00 0.000000000000000000e+00
1.000000000000000000e+00 8.383029596151041207e-02 5.597607036983038853e-01 3.516679788112941907e-01 4.741021528891480735e-03 0.000000000000000000e+00 0.000000000000000000e+00 1.000000000000000000e+00 1.000000000000000000e+00 0.000000000000000000e+00
1.000000000000000000e+00 0.000000000000000000e+00 3.599999999999999728e-02 5.386666666666666270e-01 4.093333333333333268e-01 1.600000000000000033e-02 0.000000000000000000e+00 0.000000000000000000e+00 0.000000000000000000e+00 0.000000000000000000e+00
1.000000000000000000e+00 0.000000000000000000e+00 3.037371822909073430e-03 3.237595373475238847e-01 5.731885114448169727e-01 1.000145793847499465e-01 0.000000000000000000e+00 1.000000000000000000e+00 0.000000000000000000e+00 0.000000000000000000e+00
1.000000000000000000e+00 1.383735238372940657e-01 5.913851387471449339e-01 2.692862905185401390e-01 9.550468970209456719e-04 0.000000000000000000e+00 0.000000000000000000e+00 0.000000000000000000e+00 1.000000000000000000e+00 0.000000000000000000e+00
1.000000000000000000e+00 3.104825776352238432e-03 3.020259513048549338e-01 6.192475093551051968e-01 7.562171356368760367e-02 0.000000000000000000e+00 0.000000000000000000e+00 0.000000000000000000e+00 0.000000000000000000e+00 0.000000000000000000e+00
1.000000000000000000e+00 8.001166350779997591e-04 2.493426641395733168e-01 6.465494484132769948e-01 1.033077708120717364e-01 0.000000000000000000e+00 0.000000000000000000e+00 0.000000000000000000e+00 1.000000000000000000e+00 0.000000000000000000e+00
1.000000000000000000e+00 2.915876949992710228e-04 2.241580405306896340e-01 6.561695096466928501e-01 1.193808621276182119e-01 0.000000000000000000e+00 0.000000000000000000e+00 1.000000000000000000e+00 0.000000000000000000e+00 0.000000000000000000e+00
1.000000000000000000e+00 1.000145793847499465e-01 5.731885114448169727e-01 3.237595373475238847e-01 3.037371822909073430e-03 0.000000000000000000e+00 0.000000000000000000e+00 0.000000000000000000e+00 0.000000000000000000e+00 1.000000000000000000e+00
1.000000000000000000e+00 2.332701559994168037e-06 1.774091461340331632e-01 6.662281187733877230e-01 1.563604023910190877e-01 0.000000000000000000e+00 0.000000000000000000e+00 0.000000000000000000e+00 0.000000000000000000e+00 0.000000000000000000e+00
1.000000000000000000e+00 8.383029596151041207e-02 5.597607036983038853e-01 3.516679788112941907e-01 4.741021528891480735e-03 0.000000000000000000e+00 0.000000000000000000e+00 1.000000000000000000e+00 0.000000000000000000e+00 1.000000000000000000e+00
1.000000000000000000e+00 0.000000000000000000e+00 1.033077708120717364e-01 6.465494484132769948e-01 2.493426641395733168e-01 8.001166350779997591e-04 0.000000000000000000e+00 0.000000000000000000e+00 0.000000000000000000e+00 0.000000000000000000e+00
1.000000000000000000e+00 0.000000000000000000e+00 0.000000000000000000e+00 9.069543665257327747e-03 1.655191718909461984e-01 5.858673275987752449e-01 2.395439568450211110e-01 1.000000000000000000e+00 0.000000000000000000e+00 0.000000000000000000e+00
1.000000000000000000e+00 0.000000000000000000e+00 6.985857996792534629e-03 3.797257131749040004e-01 5.437949166545170687e-01 6.949351217378625656e-02 0.000000000000000000e+00 1.000000000000000000e+00 0.000000000000000000e+00 0.000000000000000000e+00
1.000000000000000000e+00 0.000000000000000000e+00 1.563604023910190877e-01 6.662281187733877230e-01 1.774091461340331632e-01 2.332701559994168037e-06 0.000000000000000000e+00 1.000000000000000000e+00 1.000000000000000000e+00 0.000000000000000000e+00
1.000000000000000000e+00 0.000000000000000000e+00 2.429897458327258072e-05 1.942946007678476028e-01 5.931136706031004957e-01 2.125674296544685649e-01 0.000000000000000000e+00 0.000000000000000000e+00 0.000000000000000000e+00 0.000000000000000000e+00
1.000000000000000000e+00 4.989088788453127643e-01 8.095407493803762067e-02 2.687272197113281958e-03 0.000000000000000000e+00 0.000000000000000000e+00 0.000000000000000000e+00 1.000000000000000000e+00 0.000000000000000000e+00 1.000000000000000000e+00
1.000000000000000000e+00 5.689225834669777576e-02 5.255524128881761126e-01 4.077088010885940861e-01 9.846527676532049883e-03 0.000000000000000000e+00 0.000000000000000000e+00 0.000000000000000000e+00 1.000000000000000000e+00 0.000000000000000000e+00
1.000000000000000000e+00 0.000000000000000000e+00 6.985857996792534629e-03 3.797257131749040004e-01 5.437949166545170687e-01 6.949351217378625656e-02 0.000000000000000000e+00 1.000000000000000000e+00 0.000000000000000000e+00 0.000000000000000000e+00
1.000000000000000000e+00 0.000000000000000000e+00 0.000000000000000000e+00 9.069543665257327747e-03 1.655191718909461984e-01 5.858673275987752449e-01 2.395439568450211110e-01 1.000000000000000000e+00 0.000000000000000000e+00 0.000000000000000000e+00
1.000000000000000000e+00 6.949351217378625656e-02 5.437949166545170687e-01 3.797257131749040004e-01 6.985857996792534629e-03 0.000000000000000000e+00 0.000000000000000000e+00 1.000000000000000000e+00 1.000000000000000000e+00 0.000000000000000000e+00
1.000000000000000000e+00 0.000000000000000000e+00 1.563604023910190877e-01 6.662281187733877230e-01 1.774091461340331632e-01 2.332701559994168037e-06 0.000000000000000000e+00 0.000000000000000000e+00 0.000000000000000000e+00 0.000000000000000000e+00
1.000000000000000000e+00 0.000000000000000000e+00 1.771395247120571489e-02 4.625552801671769521e-01 4.832823054867084744e-01 3.644846187490887596e-02 0.000000000000000000e+00 0.000000000000000000e+00 0.000000000000000000e+00 0.000000000000000000e+00
1.000000000000000000e+00 0.000000000000000000e+00 1.563604023910190877e-01 6.662281187733877230e-01 1.774091461340331632e-01 2.332701559994168037e-06 0.000000000000000000e+00 1.000000000000000000e+00 1.000000000000000000e+00 0.000000000000000000e+00
1.000000000000000000e+00 1.600000000000000033e-02 4.093333333333333268e-01 5.386666666666666270e-01 3.599999999999999728e-02 0.000000000000000000e+00 0.000000000000000000e+00 1.000000000000000000e+00 1.000000000000000000e+00 0.000000000000000000e+00
1.000000000000000000e+00 0.000000000000000000e+00 1.370401905039607127e-01 6.628037128833162983e-01 2.000931136706031177e-01 6.298294211984254928e-05 0.000000000000000000e+00 0.000000000000000000e+00 0.000000000000000000e+00 0.000000000000000000e+00
1.000000000000000000e+00 6.949351217378625656e-02 5.437949166545170687e-01 3.797257131749040004e-01 6.985857996792534629e-03 0.000000000000000000e+00 0.000000000000000000e+00 0.000000000000000000e+00 1.000000000000000000e+00 0.000000000000000000e+00
1.000000000000000000e+00 2.915876949992710228e-04 2.241580405306896340e-01 6.561695096466928501e-01 1.193808621276182119e-01 0.000000000000000000e+00 0.000000000000000000e+00 1.000000000000000000e+00 1.000000000000000000e+00 0.000000000000000000e+00
1.000000000000000000e+00 0.000000000000000000e+00 9.550468970209456719e-04 2.692862905185401390e-01 5.913851387471449339e-01 1.383735238372940657e-01 0.000000000000000000e+00 1.000000000000000000e+00 0.000000000000000000e+00 0.000000000000000000e+00
1.000000000000000000e+00 0.000000000000000000e+00 4.270787772755990338e-04 2.431693638528454326e-01 5.956314331535209616e-01 1.607721242163580588e-01 0.000000000000000000e+00 1.000000000000000000e+00 0.000000000000000000e+00 0.000000000000000000e+00
1.000000000000000000e+00 0.000000000000000000e+00 4.270787772755990338e-04 2.431693638528454326e-01 5.956314331535209616e-01 1.607721242163580588e-01 0.000000000000000000e+00 0.000000000000000000e+00 0.000000000000000000e+00 0.000000000000000000e+00
1.000000000000000000e+00 2.915876949992710228e-04 2.241580405306896340e-01 6.561695096466928501e-01 1.193808621276182119e-01 0.000000000000000000e+00 0.000000000000000000e+00 0.000000000000000000e+00 0.000000000000000000e+00 0.000000000000000000e+00
1.000000000000000000e+00 0.000000000000000000e+00 8.874627010740146482e-02 6.341674685328279049e-01 2.753857219225348540e-01 1.700539437235748736e-03 0.000000000000000000e+00 0.000000000000000000e+00 0.000000000000000000e+00 0.000000000000000000e+00
1.000000000000000000e+00 0.000000000000000000e+00 7.562171356368760367e-02 6.192475093551051968e-01 3.020259513048549338e-01 3.104825776352238432e-03 0.000000000000000000e+00 1.000000000000000000e+00 0.000000000000000000e+00 0.000000000000000000e+00
1.000000000000000000e+00 0.000000000000000000e+00 5.338484715944986220e-02 5.826894105068765040e-01 3.560528745686931673e-01 7.872867764980317346e-03 0.000000000000000000e+00 1.000000000000000000e+00 0.000000000000000000e+00 0.000000000000000000e+00
1.000000000000000000e+00 0.000000000000000000e+00 5.338484715944986220e-02 5.826894105068765040e-01 3.560528745686931673e-01 7.872867764980317346e-03 0.000000000000000000e+00 1.000000000000000000e+00 0.000000000000000000e+00 0.000000000000000000e+00
1.000000000000000000e+00 0.000000000000000000e+00 0.000000000000000000e+00 6.369830393157408475e-03 1.351598386548087394e-01 5.668278174661028901e-01 2.916425134859308987e-01 1.000000000000000000e+00 0.000000000000000000e+00 0.000000000000000000e+00
1.000000000000000000e+00 0.000000000000000000e+00 4.412324439908635321e-02 5.614991495358896412e-01 3.829170433007727525e-01 1.146056276425134850e-02 0.000000000000000000e+00 0.000000000000000000e+00 0.000000000000000000e+00 0.000000000000000000e+00
1.000000000000000000e+00 0.000000000000000000e+00 2.287000048597948379e-02 4.889707926325508325e-01 4.597772270010205276e-01 2.838197988044904516e-02 0.000000000000000000e+00 0.000000000000000000e+00 0.000000000000000000e+00 0.000000000000000000e+00
1.000000000000000000e+00 5.632167954512319330e-01 3.334581328667929889e-01 3.413830976332798278e-02 0.000000000000000000e+00 0.000000000000000000e+00 0.000000000000000000e+00 0.000000000000000000e+00 0.000000000000000000e+00 1.000000000000000000e+00
1.000000000000000000e+00 0.000000000000000000e+00 1.193808621276182119e-01 6.561695096466928501e-01 2.241580405306896340e-01 2.915876949992710228e-04 0.000000000000000000e+00 0.000000000000000000e+00 0.000000000000000000e+00 0.000000000000000000e+00
1.000000000000000000e+00 0.000000000000000000e+00 0.000000000000000000e+00 9.069543665257327747e-03 1.655191718909461984e-01 5.858673275987752449e-01 2.395439568450211110e-01 1.000000000000000000e+00 0.000000000000000000e+00 0.000000000000000000e+00
1.000000000000000000e+00 0.000000000000000000e+00 1.771395247120571489e-02 4.625552801671769521e-01 4.832823054867084744e-01 3.644846187490887596e-02 0.000000000000000000e+00 0.000000000000000000e+00 0.000000000000000000e+00 0.000000000000000000e+00
1.000000000000000000e+00 0.000000000000000000e+00 1.800262428925499241e-03 2.962243281333528100e-01 5.838170773193371854e-01 1.181583321183845986e-01 0.000000000000000000e+00 1.000000000000000000e+00 0.000000000000000000e+00 0.000000000000000000e+00
1.000000000000000000e+00 6.298294211984254928e-05 2.000931136706031177e-01 6.628037128833162983e-01 1.370401905039607127e-01 0.000000000000000000e+00 0.000000000000000000e+00 0.000000000000000000e+00 0.000000000000000000e+00 1.000000000000000000e+00
1.000000000000000000e+00 0.000000000000000000e+00 1.370401905039607127e-01 6.628037128833162983e-01 2.000931136706031177e-01 6.298294211984254928e-05 0.000000000000000000e+00 0.000000000000000000e+00 0.000000000000000000e+00 0.000000000000000000e+00
1.000000000000000000e+00 0.000000000000000000e+00 5.338484715944986220e-02 5.826894105068765040e-01 3.560528745686931673e-01 7.872867764980317346e-03 0.000000000000000000e+00 0.000000000000000000e+00 0.000000000000000000e+00 0.000000000000000000e+00
1.000000000000000000e+00 0.000000000000000000e+00 4.741021528891480735e-03 3.516679788112941907e-01 5.597607036983038853e-01 8.383029596151041207e-02 0.000000000000000000e+00 0.000000000000000000e+00 0.000000000000000000e+00 0.000000000000000000e+00
1.000000000000000000e+00 3.104825776352238432e-03 3.020259513048549338e-01 6.192475093551051968e-01 7.562171356368760367e-02 0.000000000000000000e+00 0.000000000000000000e+00 0.000000000000000000e+00 1.000000000000000000e+00 0.000000000000000000e+00
1.000000000000000000e+00 1.146056276425134850e-02 3.829170433007727525e-01 5.614991495358896412e-01 4.412324439908635321e-02 0.000000000000000000e+00 0.000000000000000000e+00 1.000000000000000000e+00 0.000000000000000000e+00 0.000000000000000000e+00
1.000000000000000000e+00 0.000000000000000000e+00 4.741021528891480735e-03 3.516679788112941907e-01 5.597607036983038853e-01 8.383029596151041207e-02 0.000000000000000000e+00 0.000000000000000000e+00 0.000000000000000000e+00 0.000000000000000000e+00
1.000000000000000000e+00 0.000000000000000000e+00 2.287000048597948379e-02 4.889707926325508325e-01 4.597772270010205276e-01 2.838197988044904516e-02 0.000000000000000000e+00 0.000000000000000000e+00 0.000000000000000000e+00 0.000000000000000000e+00
1.000000000000000000e+00 0.000000000000000000e+00 0.000000000000000000e+00 1.555134373329445166e-03 5.792875540652184241e-02 4.484618749088788436e-01 4.920542353112699052e-01 1.000000000000000000e+00 0.000000000000000000e+00 0.000000000000000000e+00
1.000000000000000000e+00 0.000000000000000000e+00 4.741021528891480735e-03 3.516679788112941907e-01 5.597607036983038853e-01 8.383029596151041207e-02 0.000000000000000000e+00 0.000000000000000000e+00 0.000000000000000000e+00 0.000000000000000000e+00
1.000000000000000000e+00 0.000000000000000000e+00 3.037371822909073430e-03 3.237595373475238847e-01 5.731885114448169727e-01 1.000145793847499465e-01 0.000000000000000000e+00 0.000000000000000000e+00 0.000000000000000000e+00 0.000000000000000000e+00
1.000000000000000000e+00 0.000000000000000000e+00 3.599999999999999728e-02 5.386666666666666270e-01 4.093333333333333268e-01 1.600000000000000033e-02 0.000000000000000000e+00 0.000000000000000000e+00 0.000000000000000000e+00 0.000000000000000000e+00
1.000000000000000000e+00 0.000000000000000000e+00 6.985857996792534629e-03 3.797257131749040004e-01 5.437949166545170687e-01 6.949351217378625656e-02 0.000000000000000000e+00 1.000000000000000000e+00 0.000000000000000000e+00 0.000000000000000000e+00
1.000000000000000000e+00 0.000000000000000000e+00 1.800262428925499241e-03 2.962243281333528100e-01 5.838170773193371854e-01 1.181583321183845986e-01 0.000000000000000000e+00 1.000000000000000000e+00 0.000000000000000000e+00 0.000000000000000000e+00
1.000000000000000000e+00 0.000000000000000000e+00 3.599999999999999728e-02 5.386666666666666270e-01 4.093333333333333268e-01 1.600000000000000033e-02 0.000000000000000000e+00 0.000000000000000000e+00 0.000000000000000000e+00 0.000000000000000000e+00
1.000000000000000000e+00 0.000000000000000000e+00 1.193808621276182119e-01 6.561695096466928501e-01 2.241580405306896340e-01 2.915876949992710228e-04 0.000000000000000000e+00 1.000000000000000000e+00 1.000000000000000000e+00 0.000000000000000000e+00
1.000000000000000000e+00 0.000000000000000000e+00 4.412324439908635321e-02 5.614991495358896412e-01 3.829170433007727525e-01 1.146056276425134850e-02 0.000000000000000000e+00 0.000000000000000000e+00 0.000000000000000000e+00 1.000000000000000000e+00
1.000000000000000000e+00 2.915876949992710228e-04 2.241580405306896340e-01 6.561695096466928501e-01 1.193808621276182119e-01 0.000000000000000000e+00 0.000000000000000000e+00 0.000000000000000000e+00 1.000000000000000000e+00 0.000000000000000000e+00
1.000000000000000000e+00 0.000000000000000000e+00 4.741021528891480735e-03 3.516679788112941907e-01 5.597607036983038853e-01 8.383029596151041207e-02 0.000000000000000000e+00 0.000000000000000000e+00 0.000000000000000000e+00 0.000000000000000000e+00
1.000000000000000000e+00 7.872867764980317346e-03 3.560528745686931673e-01 5.826894105068765040e-01 5.338484715944986220e-02 0.000000000000000000e+00 0.000000000000000000e+00 0.000000000000000000e+00 0.000000000000000000e+00 0.000000000000000000e+00
1.000000000000000000e+00 0.000000000000000000e+00 1.033077708120717364e-01 6.465494484132769948e-01 2.493426641395733168e-01 8.001166350779997591e-04 0.000000000000000000e+00 1.000000000000000000e+00 0.000000000000000000e+00 0.000000000000000000e+00
1.000000000000000000e+00 0.000000000000000000e+00 3.037371822909073430e-03 3.237595373475238847e-01 5.731885114448169727e-01 1.000145793847499465e-01 0.000000000000000000e+00 1.000000000000000000e+00 0.000000000000000000e+00 0.000000000000000000e+00
1.000000000000000000e+00 0.000000000000000000e+00 0.000000000000000000e+00 7.962287991446760594e-04 3.816921805899790854e-02 3.859781309228750290e-01 5.750564222189823438e-01 1.000000000000000000e+00 0.000000000000000000e+00 0.000000000000000000e+00
1.000000000000000000e+00 0.000000000000000000e+00 1.339767701802983824e-02 4.353933032026047756e-01 5.052944549740000513e-01 4.591456480536521001e-02 0.000000000000000000e+00 0.000000000000000000e+00 0.000000000000000000e+00 0.000000000000000000e+00
1.000000000000000000e+00 0.000000000000000000e+00 3.599999999999999728e-02 5.386666666666666270e-01 4.093333333333333268e-01 1.600000000000000033e-02 0.000000000000000000e+00 0.000000000000000000e+00 0.000000000000000000e+00 0.000000000000000000e+00
1.000000000000000000e+00 0.000000000000000000e+00 8.874627010740146482e-02 6.341674685328279049e-01 2.753857219225348540e-01 1.700539437235748736e-03 0.000000000000000000e+00 1.000000000000000000e+00 1.000000000000000000e+00 0.000000000000000000e+00
1.000000000000000000e+00 5.124945327307188839e-03 3.290020897118141607e-01 6.020135102298682650e-01 6.385945473101035941e-02 0.000000000000000000e+00 0.000000000000000000e+00 1.000000000000000000e+00 0.000000000000000000e+00 0.000000000000000000e+00
1.000000000000000000e+00 2.915876949992710228e-04 2.241580405306896340e-01 6.561695096466928501e-01 1.193808621276182119e-01 0.000000000000000000e+00 0.000000000000000000e+00 0.000000000000000000e+00 0.000000000000000000e+00 0.000000000000000000e+00
1.000000000000000000e+00 0.000000000000000000e+00 1.339767701802983824e-02 4.353933032026047756e-01 5.052944549740000513e-01 4.591456480536521001e-02 0.000000000000000000e+00 1.000000000000000000e+00 0.000000000000000000e+00 0.000000000000000000e+00
1.000000000000000000e+00 0.000000000000000000e+00 0.000000000000000000e+00 1.655907080721193483e-02 2.306979637459299348e-01 5.980253681294649404e-01 1.547175973173931796e-01 1.000000000000000000e+00 0.000000000000000000e+00 0.000000000000000000e+00
1.000000000000000000e+00 0.000000000000000000e+00 6.385945473101035941e-02 6.020135102298682650e-01 3.290020897118141607e-01 5.124945327307188839e-03 0.000000000000000000e+00 1.000000000000000000e+00 0.000000000000000000e+00 0.000000000000000000e+00
1.000000000000000000e+00 1.700539437235748736e-03 2.753857219225348540e-01 6.341674685328279049e-01 8.874627010740146482e-02 0.000000000000000000e+00 0.000000000000000000e+00 1.000000000000000000e+00 1.000000000000000000e+00 0.000000000000000000e+00
1.000000000000000000e+00 0.000000000000000000e+00 3.037371822909073430e-03 3.237595373475238847e-01 5.731885114448169727e-01 1.000145793847499465e-01 0.000000000000000000e+00 1.000000000000000000e+00 0.000000000000000000e+00 0.000000000000000000e+00
1.000000000000000000e+00 8.383029596151041207e-02 5.597607036983038853e-01 3.516679788112941907e-01 4.741021528891480735e-03 0.000000000000000000e+00 0.000000000000000000e+00 0.000000000000000000e+00 1.000000000000000000e+00 0.000000000000000000e+00
1.000000000000000000e+00 0.000000000000000000e+00 6.385945473101035941e-02 6.020135102298682650e-01 3.290020897118141607e-01 5.124945327307188839e-03 0.000000000000000000e+00 0.000000000000000000e+00 0.000000000000000000e+00 0.000000000000000000e+00
1.000000000000000000e+00 3.104825776352238432e-03 3.020259513048549338e-01 6.192475093551051968e-01 7.562171356368760367e-02 0.000000000000000000e+00 0.000000000000000000e+00 1.000000000000000000e+00 1.000000000000000000e+00 0.000000000000000000e+00
1.000000000000000000e+00 0.000000000000000000e+00 5.338484715944986220e-02 5.826894105068765040e-01 3.560528745686931673e-01 7.872867764980317346e-03 0.000000000000000000e+00 1.000000000000000000e+00 0.000000000000000000e+00 0.000000000000000000e+00
1.000000000000000000e+00 0.000000000000000000e+00 6.985857996792534629e-03 3.797257131749040004e-01 5.437949166545170687e-01 6.949351217378625656e-02 0.000000000000000000e+00 1.000000000000000000e+00 0.000000000000000000e+00 0.000000000000000000e+00
1.000000000000000000e+00 1.700539437235748736e-03 2.753857219225348540e-01 6.341674685328279049e-01 8.874627010740146482e-02 0.000000000000000000e+00 0.000000000000000000e+00 0.000000000000000000e+00 1.000000000000000000e+00 0.000000000000000000e+00
1.000000000000000000e+00 0.000000000000000000e+00 5.338484715944986220e-02 5.826894105068765040e-01 3.560528745686931673e-01 7.872867764980317346e-03 0.000000000000000000e+00 0.000000000000000000e+00 0.000000000000000000e+00 0.000000000000000000e+00
1.000000000000000000e+00 5.689225834669777576e-02 5.255524128881761126e-01 4.077088010885940861e-01 9.846527676532049883e-03 0.000000000000000000e+00 0.000000000000000000e+00 0.000000000000000000e+00 1.000000000000000000e+00 0.000000000000000000e+00
1.000000000000000000e+00 0.000000000000000000e+00 1.193808621276182119e-01 6.561695096466928501e-01 2.241580405306896340e-01 2.915876949992710228e-04 0.000000000000000000e+00 0.000000000000000000e+00 0.000000000000000000e+00 0.000000000000000000e+00
1.000000000000000000e+00 0.000000000000000000e+00 2.287000048597948379e-02 4.889707926325508325e-01 4.597772270010205276e-01 2.838197988044904516e-02 0.000000000000000000e+00 0.000000000000000000e+00 0.000000000000000000e+00 0.000000000000000000e+00
1.000000000000000000e+00 0.000000000000000000e+00 4.412324439908635321e-02 5.614991495358896412e-01 3.829170433007727525e-01 1.146056276425134850e-02 0.000000000000000000e+00 0.000000000000000000e+00 0.000000000000000000e+00 0.000000000000000000e+00
1.000000000000000000e+00 0.000000000000000000e+00 4.412324439908635321e-02 5.614991495358896412e-01 3.829170433007727525e-01 1.146056276425134850e-02 0.000000000000000000e+00 1.000000000000000000e+00 0.000000000000000000e+00 0.000000000000000000e+00
1.000000000000000000e+00 6.949351217378625656e-02 5.437949166545170687e-01 3.797257131749040004e-01 6.985857996792534629e-03 0.000000000000000000e+00 0.000000000000000000e+00 0.000000000000000000e+00 0.000000000000000000e+00 0.000000000000000000e+00
1.000000000000000000e+00 0.000000000000000000e+00 9.846527676532049883e-03 4.077088010885940861e-01 5.255524128881761126e-01 5.689225834669777576e-02 0.000000000000000000e+00 1.000000000000000000e+00 0.000000000000000000e+00 0.000000000000000000e+00
1.000000000000000000e+00 5.927114739757982642e-01 2.646963114156583030e-01 2.149817757690625566e-02 0.000000000000000000e+00 0.000000000000000000e+00 0.000000000000000000e+00 0.000000000000000000e+00 0.000000000000000000e+00 1.000000000000000000e+00
1.000000000000000000e+00 0.000000000000000000e+00 4.270787772755990338e-04 2.431693638528454326e-01 5.956314331535209616e-01 1.607721242163580588e-01 0.000000000000000000e+00 1.000000000000000000e+00 0.000000000000000000e+00 0.000000000000000000e+00
1.000000000000000000e+00 0.000000000000000000e+00 1.339767701802983824e-02 4.353933032026047756e-01 5.052944549740000513e-01 4.591456480536521001e-02 0.000000000000000000e+00 0.000000000000000000e+00 0.000000000000000000e+00 0.000000000000000000e+00
1.000000000000000000e+00 0.000000000000000000e+00 8.874627010740146482e-02 6.341674685328279049e-01 2.753857219225348540e-01 1.700539437235748736e-03 0.000000000000000000e+00 1.000000000000000000e+00 0.000000000000000000e+00 0.000000000000000000e+00
1.000000000000000000e+00 0.000000000000000000e+00 8.874627010740146482e-02 6.341674685328279049e-01 2.753857219225348540e-01 1.700539437235748736e-03 0.000000000000000000e+00 0.000000000000000000e+00 0.000000000000000000e+00 0.000000000000000000e+00
1.000000000000000000e+00 5.137915147980753883e-01 4.005030859697720214e-01 5.095864314525926780e-02 0.000000000000000000e+00 0.000000000000000000e+00 0.000000000000000000e+00 0.000000000000000000e+00 0.000000000000000000e+00 1.000000000000000000e+00
1.000000000000000000e+00 0.000000000000000000e+00 4.412324439908635321e-02 5.614991495358896412e-01 3.829170433007727525e-01 1.146056276425134850e-02 0.000000000000000000e+00 0.000000000000000000e+00 0.000000000000000000e+00 0.000000000000000000e+00
1.000000000000000000e+00 5.381029304563347271e-01 1.068346211789862332e-01 4.267288720415997848e-03 0.000000000000000000e+00 0.000000000000000000e+00 0.000000000000000000e+00 0.000000000000000000e+00 0.000000000000000000e+00 1.000000000000000000e+00
1.000000000000000000e+00 6.298294211984254928e-05 2.000931136706031177e-01 6.628037128833162983e-01 1.370401905039607127e-01 0.000000000000000000e+00 0.000000000000000000e+00 1.000000000000000000e+00 0.000000000000000000e+00 0.000000000000000000e+00
1.000000000000000000e+00 0.000000000000000000e+00 1.193808621276182119e-01 6.561695096466928501e-01 2.241580405306896340e-01 2.915876949992710228e-04 0.000000000000000000e+00 1.000000000000000000e+00 0.000000000000000000e+00 0.000000000000000000e+00
1.000000000000000000e+00 0.000000000000000000e+00 4.412324439908635321e-02 5.614991495358896412e-01 3.829170433007727525e-01 1.146056276425134850e-02 0.000000000000000000e+00 0.000000000000000000e+00 0.000000000000000000e+00 0.000000000000000000e+00
1.000000000000000000e+00 0.000000000000000000e+00 6.385945473101035941e-02 6.020135102298682650e-01 3.290020897118141607e-01 5.124945327307188839e-03 0.000000000000000000e+00 1.000000000000000000e+00 0.000000000000000000e+00 0.000000000000000000e+00
1.000000000000000000e+00 0.000000000000000000e+00 3.599999999999999728e-02 5.386666666666666270e-01 4.093333333333333268e-01 1.600000000000000033e-02 0.000000000000000000e+00 0.000000000000000000e+00 0.000000000000000000e+00 0.000000000000000000e+00
1.000000000000000000e+00 0.000000000000000000e+00 4.741021528891480735e-03 3.516679788112941907e-01 5.597607036983038853e-01 8.383029596151041207e-02 0.000000000000000000e+00 1.000000000000000000e+00 0.000000000000000000e+00 0.000000000000000000e+00
1.000000000000000000e+00 0.000000000000000000e+00 1.339767701802983824e-02 4.353933032026047756e-01 5.052944549740000513e-01 4.591456480536521001e-02 0.000000000000000000e+00 1.000000000000000000e+00 0.000000000000000000e+00 0.000000000000000000e+00
1.000000000000000000e+00 4.989088788453127643e-01 8.095407493803762067e-02 2.687272197113281958e-03 0.000000000000000000e+00 0.000000000000000000e+00 0.000000000000000000e+00 1.000000000000000000e+00 0.000000000000000000e+00 1.000000000000000000e+00
1.000000000000000000e+00 2.125674296544685649e-01 5.931136706031004957e-01 1.942946007678476028e-01 2.429897458327258072e-05 0.000000000000000000e+00 0.000000000000000000e+00 1.000000000000000000e+00 1.000000000000000000e+00 0.000000000000000000e+00
1.000000000000000000e+00 0.000000000000000000e+00 7.562171356368760367e-02 6.192475093551051968e-01 3.020259513048549338e-01 3.104825776352238432e-03 0.000000000000000000e+00 0.000000000000000000e+00 0.000000000000000000e+00 0.000000000000000000e+00
1.000000000000000000e+00 0.000000000000000000e+00 2.894046751227098008e-02 5.144159012489673000e-01 4.350404820916556892e-01 2.160314914710598916e-02 0.000000000000000000e+00 0.000000000000000000e+00 0.000000000000000000e+00 0.000000000000000000e+00
1.000000000000000000e+00 8.001166350779997591e-04 2.493426641395733168e-01 6.465494484132769948e-01 1.033077708120717364e-01 0.000000000000000000e+00 0.000000000000000000e+00 0.000000000000000000e+00 0.000000000000000000e+00 0.000000000000000000e+00
1.000000000000000000e+00 0.000000000000000000e+00 6.385945473101035941e-02 6.020135102298682650e-01 3.290020897118141607e-01 5.124945327307188839e-03 0.000000000000000000e+00 0.000000000000000000e+00 1.000000000000000000e+00 0.000000000000000000e+00
1.000000000000000000e+00 4.591456480536521001e-02 5.052944549740000513e-01 4.353933032026047756e-01 1.339767701802983824e-02 0.000000000000000000e+00 0.000000000000000000e+00 1.000000000000000000e+00 1.000000000000000000e+00 0.000000000000000000e+00
1.000000000000000000e+00 1.146056276425134850e-02 3.829170433007727525e-01 5.614991495358896412e-01 4.412324439908635321e-02 0.000000000000000000e+00 0.000000000000000000e+00 1.000000000000000000e+00 0.000000000000000000e+00 0.000000000000000000e+00
1.000000000000000000e+00 0.000000000000000000e+00 1.193808621276182119e-01 6.561695096466928501e-01 2.241580405306896340e-01 2.915876949992710228e-04 0.000000000000000000e+00 1.000000000000000000e+00 1.000000000000000000e+00 0.000000000000000000e+00
1.000000000000000000e+00 0.000000000000000000e+00 2.287000048597948379e-02 4.889707926325508325e-01 4.597772270010205276e-01 2.838197988044904516e-02 0.000000000000000000e+00 0.000000000000000000e+00 0.000000000000000000e+00 0.000000000000000000e+00
1.000000000000000000e+00 0.000000000000000000e+00 2.287000048597948379e-02 4.889707926325508325e-01 4.597772270010205276e-01 2.838197988044904516e-02 0.000000000000000000e+00 1.000000000000000000e+00 0.000000000000000000e+00 0.000000000000000000e+00
1.000000000000000000e+00 1.600000000000000033e-02 4.093333333333333268e-01 5.386666666666666270e-01 3.599999999999999728e-02 0.000000000000000000e+00 0.000000000000000000e+00 1.000000000000000000e+00 0.000000000000000000e+00 0.000000000000000000e+00
1.000000000000000000e+00 0.000000000000000000e+00 1.193808621276182119e-01 6.561695096466928501e-01 2.241580405306896340e-01 2.915876949992710228e-04 0.000000000000000000e+00 0.000000000000000000e+00 0.000000000000000000e+00 0.000000000000000000e+00
1.000000000000000000e+00 0.000000000000000000e+00 7.562171356368760367e-02 6.192475093551051968e-01 3.020259513048549338e-01 3.104825776352238432e-03 0.000000000000000000e+00 0.000000000000000000e+00 0.000000000000000000e+00 0.000000000000000000e+00
1.000000000000000000e+00 0.000000000000000000e+00 1.033077708120717364e-01 6.465494484132769948e-01 2.493426641395733168e-01 8.001166350779997591e-04 0.000000000000000000e+00 0.000000000000000000e+00 0.000000000000000000e+00 0.000000000000000000e+00
1.000000000000000000e+00 0.000000000000000000e+00 6.985857996792534629e-03 3.797257131749040004e-01 5.437949166545170687e-01 6.949351217378625656e-02 0.000000000000000000e+00 0.000000000000000000e+00 0.000000000000000000e+00 0.000000000000000000e+00
1.000000000000000000e+00 4.160000000000000364e-01 4.906666666666666954e-01 8.533333333333333048e-02 0.000000000000000000e+00 0.000000000000000000e+00 0.000000000000000000e+00 0.000000000000000000e+00 0.000000000000000000e+00 1.000000000000000000e+00
1.000000000000000000e+00 0.000000000000000000e+00 6.985857996792534629e-03 3.797257131749040004e-01 5.437949166545170687e-01 6.949351217378625656e-02 0.000000000000000000e+00 1.000000000000000000e+00 0.000000000000000000e+00 0.000000000000000000e+00
1.000000000000000000e+00 0.000000000000000000e+00 0.000000000000000000e+00 7.962287991446760594e-04 3.816921805899790854e-02 3.859781309228750290e-01 5.750564222189823438e-01 1.000000000000000000e+00 0.000000000000000000e+00 0.000000000000000000e+00
1.000000000000000000e+00 1.146056276425134850e-02 3.829170433007727525e-01 5.614991495358896412e-01 4.412324439908635321e-02 0.000000000000000000e+00 0.000000000000000000e+00 1.000000000000000000e+00 1.000000000000000000e+00 0.000000000000000000e+00
1.000000000000000000e+00 0.000000000000000000e+00 2.894046751227098008e-02 5.144159012489673000e-01 4.350404820916556892e-01 2.160314914710598916e-02 0.000000000000000000e+00 0.000000000000000000e+00 0.000000000000000000e+00 0.000000000000000000e+00
1.000000000000000000e+00 0.000000000000000000e+00 6.385945473101035941e-02 6.020135102298682650e-01 3.290020897118141607e-01 5.124945327307188839e-03 0.000000000000000000e+00 1.000000000000000000e+00 0.000000000000000000e+00 0.000000000000000000e+00
1.000000000000000000e+00 0.000000000000000000e+00 0.000000000000000000e+00 4.267288720415997848e-03 1.068346211789862332e-01 5.381029304563347271e-01 3.507951596442629993e-01 1.000000000000000000e+00 0.000000000000000000e+00 0.000000000000000000e+00
1.000000000000000000e+00 0.000000000000000000e+00 6.985857996792534629e-03 3.797257131749040004e-01 5.437949166545170687e-01 6.949351217378625656e-02 0.000000000000000000e+00 0.000000000000000000e+00 0.000000000000000000e+00 0.000000000000000000e+00
1.000000000000000000e+00 2.743770228896340035e-01 5.742209262769111255e-01 1.513705593623949075e-01 0.000000000000000000e+00 0.000000000000000000e+00 0.000000000000000000e+00 1.000000000000000000e+00 1.000000000000000000e+00 0.000000000000000000e+00
1.000000000000000000e+00 0.000000000000000000e+00 1.771395247120571489e-02 4.625552801671769521e-01 4.832823054867084744e-01 3.644846187490887596e-02 0.000000000000000000e+00 1.000000000000000000e+00 0.000000000000000000e+00 0.000000000000000000e+00
1.000000000000000000e+00 0.000000000000000000e+00 5.338484715944986220e-02 5.826894105068765040e-01 3.560528745686931673e-01 7.872867764980317346e-03 0.000000000000000000e+00 0.000000000000000000e+00 0.000000000000000000e+00 0.000000000000000000e+00
1.000000000000000000e+00 5.689225834669777576e-02 5.255524128881761126e-01 4.077088010885940861e-01 9.846527676532049883e-03 0.000000000000000000e+00 0.000000000000000000e+00 1.000000000000000000e+00 1.000000000000000000e+00 0.000000000000000000e+00
1.000000000000000000e+00 0.000000000000000000e+00 1.370401905039607127e-01 6.628037128833162983e-01 2.000931136706031177e-01 6.298294211984254928e-05 0.000000000000000000e+00 0.000000000000000000e+00 0.000000000000000000e+00 0.000000000000000000e+00
1.000000000000000000e+00 0.000000000000000000e+00 1.417116197696457460e-04 2.180974874860280854e-01 5.962946979637459011e-01 1.854661029304563169e-01 0.000000000000000000e+00 0.000000000000000000e+00 0.000000000000000000e+00 0.000000000000000000e+00
1.000000000000000000e+00 0.000000000000000000e+00 3.599999999999999728e-02 5.386666666666666270e-01 4.093333333333333268e-01 1.600000000000000033e-02 0.000000000000000000e+00 1.000000000000000000e+00 0.000000000000000000e+00 0.000000000000000000e+00
1.000000000000000000e+00 0.000000000000000000e+00 1.193808621276182119e-01 6.561695096466928501e-01 2.241580405306896340e-01 2.915876949992710228e-04 0.000000000000000000e+00 1.000000000000000000e+00 0.000000000000000000e+00 1.000000000000000000e+00
1.000000000000000000e+00 0.000000000000000000e+00 5.338484715944986220e-02 5.826894105068765040e-01 3.560528745686931673e-01 7.872867764980317346e-03 0.000000000000000000e+00 0.000000000000000000e+00 0.000000000000000000e+00 0.000000000000000000e+00
1.000000000000000000e+00 0.000000000000000000e+00 6.985857996792534629e-03 3.797257131749040004e-01 5.437949166545170687e-01 6.949351217378625656e-02 0.000000000000000000e+00 1.000000000000000000e+00 0.000000000000000000e+00 0.000000000000000000e+00
1.000000000000000000e+00 4.591456480536521001e-02 5.052944549740000513e-01 4.353933032026047756e-01 1.339767701802983824e-02 0.000000000000000000e+00 0.000000000000000000e+00 1.000000000000000000e+00 1.000000000000000000e+00 0.000000000000000000e+00
1.000000000000000000e+00 0.000000000000000000e+00 2.894046751227098008e-02 5.144159012489673000e-01 4.350404820916556892e-01 2.160314914710598916e-02 0.000000000000000000e+00 0.000000000000000000e+00 0.000000000000000000e+00 0.000000000000000000e+00
1.000000000000000000e+00 0.000000000000000000e+00 1.193808621276182119e-01 6.561695096466928501e-01 2.241580405306896340e-01 2.915876949992710228e-04 0.000000000000000000e+00 0.000000000000000000e+00 0.000000000000000000e+00 0.000000000000000000e+00
1.000000000000000000e+00 1.000145793847499465e-01 5.731885114448169727e-01 3.237595373475238847e-01 3.037371822909073430e-03 0.000000000000000000e+00 0.000000000000000000e+00 1.000000000000000000e+00 1.000000000000000000e+00 0.000000000000000000e+00
1.000000000000000000e+00 0.000000000000000000e+00 1.033077708120717364e-01 6.465494484132769948e-01 2.493426641395733168e-01 8.001166350779997591e-04 0.000000000000000000e+00 1.000000000000000000e+00 0.000000000000000000e+00 0.000000000000000000e+00
1.000000000000000000e+00 0.000000000000000000e+00 1.800262428925499241e-03 2.962243281333528100e-01 5.838170773193371854e-01 1.181583321183845986e-01 0.000000000000000000e+00 1.000000000000000000e+00 0.000000000000000000e+00 1.000000000000000000e+00
1.000000000000000000e+00 0.000000000000000000e+00 2.894046751227098008e-02 5.144159012489673000e-01 4.350404820916556892e-01 2.160314914710598916e-02 0.000000000000000000e+00 1.000000000000000000e+00 0.000000000000000000e+00 0.000000000000000000e+00
1.000000000000000000e+00 3.104825776352238432e-03 3.020259513048549338e-01 6.192475093551051968e-01 7.562171356368760367e-02 0.000000000000000000e+00 0.000000000000000000e+00 1.000000000000000000e+00 0.000000000000000000e+00 0.000000000000000000e+00
1.000000000000000000e+00 0.000000000000000000e+00 1.370401905039607127e-01 6.628037128833162983e-01 2.000931136706031177e-01 6.298294211984254928e-05 0.000000000000000000e+00 0.000000000000000000e+00 0.000000000000000000e+00 0.000000000000000000e+00
1.000000000000000000e+00 0.000000000000000000e+00 2.894046751227098008e-02 5.144159012489673000e-01 4.350404820916556892e-01 2.160314914710598916e-02 0.000000000000000000e+00 0.000000000000000000e+00 0.000000000000000000e+00 0.000000000000000000e+00
1.000000000000000000e+00 0.000000000000000000e+00 5.338484715944986220e-02 5.826894105068765040e-01 3.560528745686931673e-01 7.872867764980317346e-03 0.000000000000000000e+00 1.000000000000000000e+00 0.000000000000000000e+00 0.000000000000000000e+00
1.000000000000000000e+00 0.000000000000000000e+00 1.370401905039607127e-01 6.628037128833162983e-01 2.000931136706031177e-01 6.298294211984254928e-05 0.000000000000000000e+00 1.000000000000000000e+00 0.000000000000000000e+00 0.000000000000000000e+00
1.000000000000000000e+00 0.000000000000000000e+00 1.033077708120717364e-01 6.465494484132769948e-01 2.493426641395733168e-01 8.001166350779997591e-04 0.000000000000000000e+00 1.000000000000000000e+00 0.000000000000000000e+00 0.000000000000000000e+00
1.000000000000000000e+00 0.000000000000000000e+00 1.193808621276182119e-01 6.561695096466928501e-01 2.241580405306896340e-01 2.915876949992710228e-04 0.000000000000000000e+00 1.000000000000000000e+00 0.000000000000000000e+00 0.000000000000000000e+00
1.000000000000000000e+00 6.949351217378625656e-02 5.437949166545170687e-01 3.797257131749040004e-01 6.985857996792534629e-03 0.000000000000000000e+00 0.000000000000000000e+00 0.000000000000000000e+00 1.000000000000000000e+00 0.000000000000000000e+00
1.000000000000000000e+00 0.000000000000000000e+00 3.037371822909073430e-03 3.237595373475238847e-01 5.731885114448169727e-01 1.000145793847499465e-01 0.000000000000000000e+00 0.000000000000000000e+00 0.000000000000000000e+00 0.000000000000000000e+00
1.000000000000000000e+00 0.000000000000000000e+00 9.846527676532049883e-03 4.077088010885940861e-01 5.255524128881761126e-01 5.689225834669777576e-02 0.000000000000000000e+00 0.000000000000000000e+00 0.000000000000000000e+00 0.000000000000000000e+00
1.000000000000000000e+00 0.000000000000000000e+00 1.370401905039607127e-01 6.628037128833162983e-01 2.000931136706031177e-01 6.298294211984254928e-05 0.000000000000000000e+00 0.000000000000000000e+00 0.000000000000000000e+00 0.000000000000000000e+00
1.000000000000000000e+00 0.000000000000000000e+00 1.193808621276182119e-01 6.561695096466928501e-01 2.241580405306896340e-01 2.915876949992710228e-04 0.000000000000000000e+00 0.000000000000000000e+00 0.000000000000000000e+00 0.000000000000000000e+00
1.000000000000000000e+00 0.000000000000000000e+00 3.599999999999999728e-02 5.386666666666666270e-01 4.093333333333333268e-01 1.600000000000000033e-02 0.000000000000000000e+00 0.000000000000000000e+00 1.000000000000000000e+00 0.000000000000000000e+00
1.000000000000000000e+00 0.000000000000000000e+00 2.894046751227098008e-02 5.144159012489673000e-01 4.350404820916556892e-01 2.160314914710598916e-02 0.000000000000000000e+00 0.000000000000000000e+00 0.000000000000000000e+00 0.000000000000000000e+00
1.000000000000000000e+00 0.000000000000000000e+00 4.412324439908635321e-02 5.614991495358896412e-01 3.829170433007727525e-01 1.146056276425134850e-02 0.000000000000000000e+00 0.000000000000000000e+00 0.000000000000000000e+00 0.000000000000000000e+00
1.000000000000000000e+00 6.298294211984254928e-05 2.000931136706031177e-01 6.628037128833162983e-01 1.370401905039607127e-01 0.000000000000000000e+00 0.000000000000000000e+00 1.000000000000000000e+00 0.000000000000000000e+00 0.000000000000000000e+00
1.000000000000000000e+00 1.607721242163580588e-01 5.956314331535209616e-01 2.431693638528454326e-01 4.270787772755990338e-04 0.000000000000000000e+00 0.000000000000000000e+00 1.000000000000000000e+00 1.000000000000000000e+00 0.000000000000000000e+00
1.000000000000000000e+00 0.000000000000000000e+00 5.338484715944986220e-02 5.826894105068765040e-01 3.560528745686931673e-01 7.872867764980317346e-03 0.000000000000000000e+00 0.000000000000000000e+00 0.000000000000000000e+00 0.000000000000000000e+00
1.000000000000000000e+00 0.000000000000000000e+00 5.338484715944986220e-02 5.826894105068765040e-01 3.560528745686931673e-01 7.872867764980317346e-03 0.000000000000000000e+00 1.000000000000000000e+00 0.000000000000000000e+00 0.000000000000000000e+00
1.000000000000000000e+00 0.000000000000000000e+00 1.370401905039607127e-01 6.628037128833162983e-01 2.000931136706031177e-01 6.298294211984254928e-05 0.000000000000000000e+00 1.000000000000000000e+00 0.000000000000000000e+00 0.000000000000000000e+00
1.000000000000000000e+00 2.915876949992710228e-04 2.241580405306896340e-01 6.561695096466928501e-01 1.193808621276182119e-01 0.000000000000000000e+00 0.000000000000000000e+00 0.000000000000000000e+00 0.000000000000000000e+00 0.000000000000000000e+00
1.000000000000000000e+00 0.000000000000000000e+00 1.339767701802983824e-02 4.353933032026047756e-01 5.052944549740000513e-01 4.591456480536521001e-02 0.000000000000000000e+00 0.000000000000000000e+00 0.000000000000000000e+00 0.000000000000000000e+00
1.000000000000000000e+00 8.383029596151041207e-02 5.597607036983038853e-01 3.516679788112941907e-01 4.741021528891480735e-03 0.000000000000000000e+00 0.000000000000000000e+00 0.000000000000000000e+00 0.000000000000000000e+00 0.000000000000000000e+00
1.000000000000000000e+00 0.000000000000000000e+00 6.385945473101035941e-02 6.020135102298682650e-01 3.290020897118141607e-01 5.124945327307188839e-03 0.000000000000000000e+00 1.000000000000000000e+00 0.000000000000000000e+00 0.000000000000000000e+00
1.000000000000000000e+00 0.000000000000000000e+00 9.846527676532049883e-03 4.077088010885940861e-01 5.255524128881761126e-01 5.689225834669777576e-02 0.000000000000000000e+00 1.000000000000000000e+00 0.000000000000000000e+00 0.000000000000000000e+00
1.000000000000000000e+00 2.125674296544685649e-01 5.931136706031004957e-01 1.942946007678476028e-01 2.429897458327258072e-05 0.000000000000000000e+00 0.000000000000000000e+00 1.000000000000000000e+00 0.000000000000000000e+00 0.000000000000000000e+00
1.000000000000000000e+00 0.000000000000000000e+00 4.741021528891480735e-03 3.516679788112941907e-01 5.597607036983038853e-01 8.383029596151041207e-02 0.000000000000000000e+00 0.000000000000000000e+00 0.000000000000000000e+00 0.000000000000000000e+00
1.000000000000000000e+00 0.000000000000000000e+00 1.193808621276182119e-01 6.561695096466928501e-01 2.241580405306896340e-01 2.915876949992710228e-04 0.000000000000000000e+00 0.000000000000000000e+00 1.000000000000000000e+00 0.000000000000000000e+00
1.000000000000000000e+00 1.146056276425134850e-02 3.829170433007727525e-01 5.614991495358896412e-01 4.412324439908635321e-02 0.000000000000000000e+00 0.000000000000000000e+00 1.000000000000000000e+00 0.000000000000000000e+00 1.000000000000000000e+00
1.000000000000000000e+00 0.000000000000000000e+00 1.033077708120717364e-01 6.465494484132769948e-01 2.493426641395733168e-01 8.001166350779997591e-04 0.000000000000000000e+00 0.000000000000000000e+00 0.000000000000000000e+00 0.000000000000000000e+00
1.000000000000000000e+00 0.000000000000000000e+00 3.599999999999999728e-02 5.386666666666666270e-01 4.093333333333333268e-01 1.600000000000000033e-02 0.000000000000000000e+00 0.000000000000000000e+00 0.000000000000000000e+00 0.000000000000000000e+00
1.000000000000000000e+00 0.000000000000000000e+00 1.193808621276182119e-01 6.561695096466928501e-01 2.241580405306896340e-01 2.915876949992710228e-04 0.000000000000000000e+00 0.000000000000000000e+00 0.000000000000000000e+00 0.000000000000000000e+00
1.000000000000000000e+00 0.000000000000000000e+00 1.193808621276182119e-01 6.561695096466928501e-01 2.241580405306896340e-01 2.915876949992710228e-04 0.000000000000000000e+00 1.000000000000000000e+00 0.000000000000000000e+00 0.000000000000000000e+00
1.000000000000000000e+00 0.000000000000000000e+00 1.033077708120717364e-01 6.465494484132769948e-01 2.493426641395733168e-01 8.001166350779997591e-04 0.000000000000000000e+00 0.000000000000000000e+00 0.000000000000000000e+00 1.000000000000000000e+00
1.000000000000000000e+00 3.441807843708994952e-01 5.390500072896924344e-01 1.152167954512319514e-01 0.000000000000000000e+00 0.000000000000000000e+00 0.000000000000000000e+00 1.000000000000000000e+00 0.000000000000000000e+00 1.000000000000000000e+00
1.000000000000000000e+00 0.000000000000000000e+00 3.599999999999999728e-02 5.386666666666666270e-01 4.093333333333333268e-01 1.600000000000000033e-02 0.000000000000000000e+00 1.000000000000000000e+00 0.000000000000000000e+00 0.000000000000000000e+00
1.000000000000000000e+00 3.859781309228750290e-01 3.816921805899790854e-02 7.962287991446760594e-04 0.000000000000000000e+00 0.000000000000000000e+00 0.000000000000000000e+00 1.000000000000000000e+00 0.000000000000000000e+00 1.000000000000000000e+00
1.000000000000000000e+00 5.808473538416678572e-01 2.990865529474656670e-01 2.733304174563833816e-02 0.000000000000000000e+00 0.000000000000000000e+00 0.000000000000000000e+00 0.000000000000000000e+00 0.000000000000000000e+00 1.000000000000000000e+00
1.000000000000000000e+00 0.000000000000000000e+00 2.894046751227098008e-02 5.144159012489673000e-01 4.350404820916556892e-01 2.160314914710598916e-02 0.000000000000000000e+00 1.000000000000000000e+00 0.000000000000000000e+00 0.000000000000000000e+00
1.000000000000000000e+00 0.000000000000000000e+00 1.033077708120717364e-01 6.465494484132769948e-01 2.493426641395733168e-01 8.001166350779997591e-04 0.000000000000000000e+00 1.000000000000000000e+00 0.000000000000000000e+00 0.000000000000000000e+00
1.000000000000000000e+00 0.000000000000000000e+00 8.874627010740146482e-02 6.341674685328279049e-01 2.753857219225348540e-01 1.700539437235748736e-03 0.000000000000000000e+00 1.000000000000000000e+00 0.000000000000000000e+00 0.000000000000000000e+00
1.000000000000000000e+00 0.000000000000000000e+00 4.741021528891480735e-03 3.516679788112941907e-01 5.597607036983038853e-01 8.383029596151041207e-02 0.000000000000000000e+00 0.000000000000000000e+00 0.000000000000000000e+00 0.000000000000000000e+00
1.000000000000000000e+00 0.000000000000000000e+00 4.412324439908635321e-02 5.614991495358896412e-01 3.829170433007727525e-01 1.146056276425134850e-02 0.000000000000000000e+00 0.000000000000000000e+00 0.000000000000000000e+00 0.000000000000000000e+00
1.000000000000000000e+00 8.001166350779997591e-04 2.493426641395733168e-01 6.465494484132769948e-01 1.033077708120717364e-01 0.000000000000000000e+00 0.000000000000000000e+00 0.000000000000000000e+00 1.000000000000000000e+00 0.000000000000000000e+00
1.000000000000000000e+00 1.146056276425134850e-02 3.829170433007727525e-01 5.614991495358896412e-01 4.412324439908635321e-02 0.000000000000000000e+00 0.000000000000000000e+00 1.000000000000000000e+00 0.000000000000000000e+00 1.000000000000000000e+00
1.000000000000000000e+00 0.000000000000000000e+00 6.385945473101035941e-02 6.020135102298682650e-01 3.290020897118141607e-01 5.124945327307188839e-03 0.000000000000000000e+00 0.000000000000000000e+00 1.000000000000000000e+00 0.000000000000000000e+00
1.000000000000000000e+00 0.000000000000000000e+00 5.338484715944986220e-02 5.826894105068765040e-01 3.560528745686931673e-01 7.872867764980317346e-03 0.000000000000000000e+00 0.000000000000000000e+00 0.000000000000000000e+00 0.000000000000000000e+00
1.000000000000000000e+00 0.000000000000000000e+00 8.874627010740146482e-02 6.341674685328279049e-01 2.753857219225348540e-01 1.700539437235748736e-03 0.000000000000000000e+00 0.000000000000000000e+00 0.000000000000000000e+00 0.000000000000000000e+00
1.000000000000000000e+00 1.607721242163580588e-01 5.956314331535209616e-01 2.431693638528454326e-01 4.270787772755990338e-04 0.000000000000000000e+00 0.000000000000000000e+00 1.000000000000000000e+00 0.000000000000000000e+00 1.000000000000000000e+00
1.000000000000000000e+00 8.001166350779997591e-04 2.493426641395733168e-01 6.465494484132769948e-01 1.033077708120717364e-01 0.000000000000000000e+00 0.000000000000000000e+00 1.000000000000000000e+00 0.000000000000000000e+00 0.000000000000000000e+00
1.000000000000000000e+00 0.000000000000000000e+00 1.339767701802983824e-02 4.353933032026047756e-01 5.052944549740000513e-01 4.591456480536521001e-02 0.000000000000000000e+00 1.000000000000000000e+00 0.000000000000000000e+00 0.000000000000000000e+00
1.000000000000000000e+00 1.700539437235748736e-03 2.753857219225348540e-01 6.341674685328279049e-01 8.874627010740146482e-02 0.000000000000000000e+00 0.000000000000000000e+00 1.000000000000000000e+00 1.000000000000000000e+00 0.000000000000000000e+00
1.000000000000000000e+00 0.000000000000000000e+00 1.033077708120717364e-01 6.465494484132769948e-01 2.493426641395733168e-01 8.001166350779997591e-04 0.000000000000000000e+00 1.000000000000000000e+00 0.000000000000000000e+00 0.000000000000000000e+00
1.000000000000000000e+00 0.000000000000000000e+00 4.270787772755990338e-04 2.431693638528454326e-01 5.956314331535209616e-01 1.607721242163580588e-01 0.000000000000000000e+00 0.000000000000000000e+00 0.000000000000000000e+00 0.000000000000000000e+00
1.000000000000000000e+00 0.000000000000000000e+00 7.562171356368760367e-02 6.192475093551051968e-01 3.020259513048549338e-01 3.104825776352238432e-03 0.000000000000000000e+00 1.000000000000000000e+00 0.000000000000000000e+00 0.000000000000000000e+00
1.000000000000000000e+00 0.000000000000000000e+00 1.193808621276182119e-01 6.561695096466928501e-01 2.241580405306896340e-01 2.915876949992710228e-04 0.000000000000000000e+00 1.000000000000000000e+00 0.000000000000000000e+00 0.000000000000000000e+00
1.000000000000000000e+00 8.001166350779997591e-04 2.493426641395733168e-01 6.465494484132769948e-01 1.033077708120717364e-01 0.000000000000000000e+00 0.000000000000000000e+00 0.000000000000000000e+00 1.000000000000000000e+00 0.000000000000000000e+00
1.000000000000000000e+00 0.000000000000000000e+00 2.287000048597948379e-02 4.889707926325508325e-01 4.597772270010205276e-01 2.838197988044904516e-02 0.000000000000000000e+00 1.000000000000000000e+00 0.000000000000000000e+00 0.000000000000000000e+00
1.000000000000000000e+00 0.000000000000000000e+00 5.338484715944986220e-02 5.826894105068765040e-01 3.560528745686931673e-01 7.872867764980317346e-03 0.000000000000000000e+00 0.000000000000000000e+00 0.000000000000000000e+00 0.000000000000000000e+00
1.000000000000000000e+00 0.000000000000000000e+00 0.000000000000000000e+00 0.000000000000000000e+00 0.000000000000000000e+00 0.000000000000000000e+00 0.000000000000000000e+00 0.000000000000000000e+00 0.000000000000000000e+00 1.000000000000000000e+00
1.000000000000000000e+00 0.000000000000000000e+00 9.846527676532049883e-03 4.077088010885940861e-01 5.255524128881761126e-01 5.689225834669777576e-02 0.000000000000000000e+00 0.000000000000000000e+00 0.000000000000000000e+00 0.000000000000000000e+00
1.000000000000000000e+00 8.383029596151041207e-02 5.597607036983038853e-01 3.516679788112941907e-01 4.741021528891480735e-03 0.000000000000000000e+00 0.000000000000000000e+00 0.000000000000000000e+00 0.000000000000000000e+00 0.000000000000000000e+00
1.000000000000000000e+00 2.160314914710598916e-02 4.350404820916556892e-01 5.144159012489673000e-01 2.894046751227098008e-02 0.000000000000000000e+00 0.000000000000000000e+00 1.000000000000000000e+00 1.000000000000000000e+00 0.000000000000000000e+00
1.000000000000000000e+00 0.000000000000000000e+00 1.033077708120717364e-01 6.465494484132769948e-01 2.493426641395733168e-01 8.001166350779997591e-04 0.000000000000000000e+00 0.000000000000000000e+00 0.000000000000000000e+00 0.000000000000000000e+00
1.000000000000000000e+00 0.000000000000000000e+00 2.894046751227098008e-02 5.144159012489673000e-01 4.350404820916556892e-01 2.160314914710598916e-02 0.000000000000000000e+00 1.000000000000000000e+00 0.000000000000000000e+00 0.000000000000000000e+00
1.000000000000000000e+00 8.001166350779997591e-04 2.493426641395733168e-01 6.465494484132769948e-01 1.033077708120717364e-01 0.000000000000000000e+00 0.000000000000000000e+00 0.000000000000000000e+00 1.000000000000000000e+00 0.000000000000000000e+00
1.000000000000000000e+00 5.124945327307188839e-03 3.290020897118141607e-01 6.020135102298682650e-01 6.385945473101035941e-02 0.000000000000000000e+00 0.000000000000000000e+00 1.000000000000000000e+00 0.000000000000000000e+00 0.000000000000000000e+00
1.000000000000000000e+00 7.872867764980317346e-03 3.560528745686931673e-01 5.826894105068765040e-01 5.338484715944986220e-02 0.000000000000000000e+00 0.000000000000000000e+00 0.000000000000000000e+00 0.000000000000000000e+00 1.000000000000000000e+00
1.000000000000000000e+00 0.000000000000000000e+00 7.562171356368760367e-02 6.192475093551051968e-01 3.020259513048549338e-01 3.104825776352238432e-03 0.000000000000000000e+00 0.000000000000000000e+00 1.000000000000000000e+00 0.000000000000000000e+00
1.000000000000000000e+00 0.000000000000000000e+00 3.599999999999999728e-02 5.386666666666666270e-01 4.093333333333333268e-01 1.600000000000000033e-02 0.000000000000000000e+00 1.000000000000000000e+00 1.000000000000000000e+00 0.000000000000000000e+00
1.000000000000000000e+00 0.000000000000000000e+00 3.599999999999999728e-02 5.386666666666666270e-01 4.093333333333333268e-01 1.600000000000000033e-02 0.000000000000000000e+00 1.000000000000000000e+00 0.000000000000000000e+00 0.000000000000000000e+00
1.000000000000000000e+00 0.000000000000000000e+00 3.037371822909073430e-03 3.237595373475238847e-01 5.731885114448169727e-01 1.000145793847499465e-01 0.000000000000000000e+00 1.000000000000000000e+00 0.000000000000000000e+00 0.000000000000000000e+00
1.000000000000000000e+00 0.000000000000000000e+00 8.874627010740146482e-02 6.341674685328279049e-01 2.753857219225348540e-01 1.700539437235748736e-03 0.000000000000000000e+00 0.000000000000000000e+00 0.000000000000000000e+00 0.000000000000000000e+00
1.000000000000000000e+00 0.000000000000000000e+00 1.339767701802983824e-02 4.353933032026047756e-01 5.052944549740000513e-01 4.591456480536521001e-02 0.000000000000000000e+00 1.000000000000000000e+00 0.000000000000000000e+00 0.000000000000000000e+00
1.000000000000000000e+00 0.000000000000000000e+00 2.894046751227098008e-02 5.144159012489673000e-01 4.350404820916556892e-01 2.160314914710598916e-02 0.000000000000000000e+00 1.000000000000000000e+00 0.000000000000000000e+00 0.000000000000000000e+00
1.000000000000000000e+00 0.000000000000000000e+00 2.894046751227098008e-02 5.144159012489673000e-01 4.350404820916556892e-01 2.160314914710598916e-02 0.000000000000000000e+00 0.000000000000000000e+00 0.000000000000000000e+00 0.000000000000000000e+00
1.000000000000000000e+00 8.001166350779997591e-04 2.493426641395733168e-01 6.465494484132769948e-01 1.033077708120717364e-01 0.000000000000000000e+00 0.000000000000000000e+00 1.000000000000000000e+00 0.000000000000000000e+00 0.000000000000000000e+00
1.000000000000000000e+00 0.000000000000000000e+00 4.741021528891480735e-03 3.516679788112941907e-01 5.597607036983038853e-01 8.383029596151041207e-02 0.000000000000000000e+00 0.000000000000000000e+00 0.000000000000000000e+00 0.000000000000000000e+00
1.000000000000000000e+00 0.000000000000000000e+00 6.385945473101035941e-02 6.020135102298682650e-01 3.290020897118141607e-01 5.124945327307188839e-03 0.000000000000000000e+00 0.000000000000000000e+00 0.000000000000000000e+00 0.000000000000000000e+00
1.000000000000000000e+00 2.332701559994168037e-06 1.774091461340331632e-01 6.662281187733877230e-01 1.563604023910190877e-01 0.000000000000000000e+00 0.000000000000000000e+00 1.000000000000000000e+00 0.000000000000000000e+00 0.000000000000000000e+00
1.000000000000000000e+00 0.000000000000000000e+00 6.385945473101035941e-02 6.020135102298682650e-01 3.290020897118141607e-01 5.124945327307188839e-03 0.000000000000000000e+00 0.000000000000000000e+00 0.000000000000000000e+00 0.000000000000000000e+00
1.000000000000000000e+00 0.000000000000000000e+00 2.894046751227098008e-02 5.144159012489673000e-01 4.350404820916556892e-01 2.160314914710598916e-02 0.000000000000000000e+00 0.000000000000000000e+00 0.000000000000000000e+00 0.000000000000000000e+00
1.000000000000000000e+00 0.000000000000000000e+00 1.193808621276182119e-01 6.561695096466928501e-01 2.241580405306896340e-01 2.915876949992710228e-04 0.000000000000000000e+00 1.000000000000000000e+00 0.000000000000000000e+00 1.000000000000000000e+00
1.000000000000000000e+00 0.000000000000000000e+00 1.193808621276182119e-01 6.561695096466928501e-01 2.241580405306896340e-01 2.915876949992710228e-04 0.000000000000000000e+00 1.000000000000000000e+00 0.000000000000000000e+00 0.000000000000000000e+00
1.000000000000000000e+00 0.000000000000000000e+00 5.338484715944986220e-02 5.826894105068765040e-01 3.560528745686931673e-01 7.872867764980317346e-03 0.000000000000000000e+00 0.000000000000000000e+00 0.000000000000000000e+00 0.000000000000000000e+00
1.000000000000000000e+00 7.872867764980317346e-03 3.560528745686931673e-01 5.826894105068765040e-01 5.338484715944986220e-02 0.000000000000000000e+00 0.000000000000000000e+00 1.000000000000000000e+00 0.000000000000000000e+00 0.000000000000000000e+00
1.000000000000000000e+00 0.000000000000000000e+00 4.412324439908635321e-02 5.614991495358896412e-01 3.829170433007727525e-01 1.146056276425134850e-02 0.000000000000000000e+00 0.000000000000000000e+00 0.000000000000000000e+00 0.000000000000000000e+00
1.000000000000000000e+00 0.000000000000000000e+00 7.562171356368760367e-02 6.192475093551051968e-01 3.020259513048549338e-01 3.104825776352238432e-03 0.000000000000000000e+00 0.000000000000000000e+00 0.000000000000000000e+00 0.000000000000000000e+00
1.000000000000000000e+00 1.854661029304563169e-01 5.962946979637459011e-01 2.180974874860280854e-01 1.417116197696457460e-04 0.000000000000000000e+00 0.000000000000000000e+00 1.000000000000000000e+00 0.000000000000000000e+00 1.000000000000000000e+00
1.000000000000000000e+00 0.000000000000000000e+00 7.562171356368760367e-02 6.192475093551051968e-01 3.020259513048549338e-01 3.104825776352238432e-03 0.000000000000000000e+00 0.000000000000000000e+00 0.000000000000000000e+00 0.000000000000000000e+00
1.000000000000000000e+00 0.000000000000000000e+00 1.193808621276182119e-01 6.561695096466928501e-01 2.241580405306896340e-01 2.915876949992710228e-04 0.000000000000000000e+00 0.000000000000000000e+00 0.000000000000000000e+00 0.000000000000000000e+00
1.000000000000000000e+00 0.000000000000000000e+00 6.985857996792534629e-03 3.797257131749040004e-01 5.437949166545170687e-01 6.949351217378625656e-02 0.000000000000000000e+00 1.000000000000000000e+00 0.000000000000000000e+00 0.000000000000000000e+00
1.000000000000000000e+00 0.000000000000000000e+00 1.370401905039607127e-01 6.628037128833162983e-01 2.000931136706031177e-01 6.298294211984254928e-05 0.000000000000000000e+00 0.000000000000000000e+00 0.000000000000000000e+00 0.000000000000000000e+00
1.000000000000000000e+00 0.000000000000000000e+00 8.874627010740146482e-02 6.341674685328279049e-01 2.753857219225348540e-01 1.700539437235748736e-03 0.000000000000000000e+00 0.000000000000000000e+00 0.000000000000000000e+00 0.000000000000000000e+00
1.000000000000000000e+00 2.332701559994168037e-06 1.774091461340331632e-01 6.662281187733877230e-01 1.563604023910190877e-01 0.000000000000000000e+00 0.000000000000000000e+00 0.000000000000000000e+00 0.000000000000000000e+00 0.000000000000000000e+00
1.000000000000000000e+00 0.000000000000000000e+00 3.599999999999999728e-02 5.386666666666666270e-01 4.093333333333333268e-01 1.600000000000000033e-02 0.000000000000000000e+00 1.000000000000000000e+00 0.000000000000000000e+00 0.000000000000000000e+00
1.000000000000000000e+00 0.000000000000000000e+00 1.339767701802983824e-02 4.353933032026047756e-01 5.052944549740000513e-01 4.591456480536521001e-02 0.000000000000000000e+00 0.000000000000000000e+00 0.000000000000000000e+00 0.000000000000000000e+00
1.000000000000000000e+00 0.000000000000000000e+00 4.412324439908635321e-02 5.614991495358896412e-01 3.829170433007727525e-01 1.146056276425134850e-02 0.000000000000000000e+00 1.000000000000000000e+00 0.000000000000000000e+00 0.000000000000000000e+00
1.000000000000000000e+00 0.000000000000000000e+00 6.985857996792534629e-03 3.797257131749040004e-01 5.437949166545170687e-01 6.949351217378625656e-02 0.000000000000000000e+00 1.000000000000000000e+00 0.000000000000000000e+00 0.000000000000000000e+00
1.000000000000000000e+00 1.600000000000000033e-02 4.093333333333333268e-01 5.386666666666666270e-01 3.599999999999999728e-02 0.000000000000000000e+00 0.000000000000000000e+00 1.000000000000000000e+00 1.000000000000000000e+00 0.000000000000000000e+00
1.000000000000000000e+00 2.332701559994168037e-06 1.774091461340331632e-01 6.662281187733877230e-01 1.563604023910190877e-01 0.000000000000000000e+00 0.000000000000000000e+00 0.000000000000000000e+00 0.000000000000000000e+00 0.000000000000000000e+00
1.000000000000000000e+00 0.000000000000000000e+00 6.385945473101035941e-02 6.020135102298682650e-01 3.290020897118141607e-01 5.124945327307188839e-03 0.000000000000000000e+00 0.000000000000000000e+00 0.000000000000000000e+00 0.000000000000000000e+00
1.000000000000000000e+00 0.000000000000000000e+00 4.270787772755990338e-04 2.431693638528454326e-01 5.956314331535209616e-01 1.607721242163580588e-01 0.000000000000000000e+00 1.000000000000000000e+00 0.000000000000000000e+00 0.000000000000000000e+00
1.000000000000000000e+00 0.000000000000000000e+00 1.033077708120717364e-01 6.465494484132769948e-01 2.493426641395733168e-01 8.001166350779997591e-04 0.000000000000000000e+00 0.000000000000000000e+00 0.000000000000000000e+00 0.000000000000000000e+00
1.000000000000000000e+00 3.086350779997084071e-01 5.584922972250571105e-01 1.324725664576954787e-01 0.000000000000000000e+00 0.000000000000000000e+00 0.000000000000000000e+00 0.000000000000000000e+00 0.000000000000000000e+00 1.000000000000000000e+00
1.000000000000000000e+00 0.000000000000000000e+00 6.985857996792534629e-03 3.797257131749040004e-01 5.437949166545170687e-01 6.949351217378625656e-02 0.000000000000000000e+00 1.000000000000000000e+00 0.000000000000000000e+00 0.000000000000000000e+00
1.000000000000000000e+00 0.000000000000000000e+00 2.894046751227098008e-02 5.144159012489673000e-01 4.350404820916556892e-01 2.160314914710598916e-02 0.000000000000000000e+00 1.000000000000000000e+00 0.000000000000000000e+00 0.000000000000000000e+00
1.000000000000000000e+00 0.000000000000000000e+00 4.412324439908635321e-02 5.614991495358896412e-01 3.829170433007727525e-01 1.146056276425134850e-02 0.000000000000000000e+00 0.000000000000000000e+00 0.000000000000000000e+00 0.000000000000000000e+00
1.000000000000000000e+00 0.000000000000000000e+00 6.385945473101035941e-02 6.020135102298682650e-01 3.290020897118141607e-01 5.124945327307188839e-03 0.000000000000000000e+00 0.000000000000000000e+00 0.000000000000000000e+00 0.000000000000000000e+00
1.000000000000000000e+00 5.689225834669777576e-02 5.255524128881761126e-01 4.077088010885940861e-01 9.846527676532049883e-03 0.000000000000000000e+00 0.000000000000000000e+00 1.000000000000000000e+00 0.000000000000000000e+00 1.000000000000000000e+00
1.000000000000000000e+00 0.000000000000000000e+00 4.270787772755990338e-04 2.431693638528454326e-01 5.956314331535209616e-01 1.607721242163580588e-01 0.000000000000000000e+00 1.000000000000000000e+00 0.000000000000000000e+00 0.000000000000000000e+00
1.000000000000000000e+00 1.607721242163580588e-01 5.956314331535209616e-01 2.431693638528454326e-01 4.270787772755990338e-04 0.000000000000000000e+00 0.000000000000000000e+00 0.000000000000000000e+00 0.000000000000000000e+00 1.000000000000000000e+00
1.000000000000000000e+00 1.600000000000000033e-02 4.093333333333333268e-01 5.386666666666666270e-01 3.599999999999999728e-02 0.000000000000000000e+00 0.000000000000000000e+00 1.000000000000000000e+00 0.000000000000000000e+00 0.000000000000000000e+00
1.000000000000000000e+00 0.000000000000000000e+00 1.033077708120717364e-01 6.465494484132769948e-01 2.493426641395733168e-01 8.001166350779997591e-04 0.000000000000000000e+00 0.000000000000000000e+00 0.000000000000000000e+00 0.000000000000000000e+00
1.000000000000000000e+00 0.000000000000000000e+00 1.943917966661806786e-07 1.719846430480633515e-01 5.858270884968654890e-01 2.421880740632745554e-01 0.000000000000000000e+00 0.000000000000000000e+00 0.000000000000000000e+00 0.000000000000000000e+00
1.000000000000000000e+00 0.000000000000000000e+00 4.412324439908635321e-02 5.614991495358896412e-01 3.829170433007727525e-01 1.146056276425134850e-02 0.000000000000000000e+00 0.000000000000000000e+00 0.000000000000000000e+00 0.000000000000000000e+00
1.000000000000000000e+00 3.104825776352238432e-03 3.020259513048549338e-01 6.192475093551051968e-01 7.562171356368760367e-02 0.000000000000000000e+00 0.000000000000000000e+00 0.000000000000000000e+00 0.000000000000000000e+00 1.000000000000000000e+00
1.000000000000000000e+00 0.000000000000000000e+00 8.874627010740146482e-02 6.341674685328279049e-01 2.753857219225348540e-01 1.700539437235748736e-03 0.000000000000000000e+00 1.000000000000000000e+00 0.000000000000000000e+00 0.000000000000000000e+00
1.000000000000000000e+00 0.000000000000000000e+00 1.771395247120571489e-02 4.625552801671769521e-01 4.832823054867084744e-01 3.644846187490887596e-02 0.000000000000000000e+00 1.000000000000000000e+00 0.000000000000000000e+00 0.000000000000000000e+00
1.000000000000000000e+00 0.000000000000000000e+00 4.412324439908635321e-02 5.614991495358896412e-01 3.829170433007727525e-01 1.146056276425134850e-02 0.000000000000000000e+00 0.000000000000000000e+00 0.000000000000000000e+00 0.000000000000000000e+00
1.000000000000000000e+00 0.000000000000000000e+00 4.412324439908635321e-02 5.614991495358896412e-01 3.829170433007727525e-01 1.146056276425134850e-02 0.000000000000000000e+00 1.000000000000000000e+00 0.000000000000000000e+00 0.000000000000000000e+00
1.000000000000000000e+00 0.000000000000000000e+00 6.385945473101035941e-02 6.020135102298682650e-01 3.290020897118141607e-01 5.124945327307188839e-03 0.000000000000000000e+00 0.000000000000000000e+00 0.000000000000000000e+00 0.000000000000000000e+00
1.000000000000000000e+00 0.000000000000000000e+00 8.874627010740146482e-02 6.341674685328279049e-01 2.753857219225348540e-01 1.700539437235748736e-03 0.000000000000000000e+00 0.000000000000000000e+00 0.000000000000000000e+00 0.000000000000000000e+00
1.000000000000000000e+00 0.000000000000000000e+00 1.033077708120717364e-01 6.465494484132769948e-01 2.493426641395733168e-01 8.001166350779997591e-04 0.000000000000000000e+00 0.000000000000000000e+00 0.000000000000000000e+00 0.000000000000000000e+00
1.000000000000000000e+00 0.000000000000000000e+00 4.412324439908635321e-02 5.614991495358896412e-01 3.829170433007727525e-01 1.146056276425134850e-02 0.000000000000000000e+00 0.000000000000000000e+00 0.000000000000000000e+00 0.000000000000000000e+00
1.000000000000000000e+00 0.000000000000000000e+00 1.193808621276182119e-01 6.561695096466928501e-01 2.241580405306896340e-01 2.915876949992710228e-04 0.000000000000000000e+00 0.000000000000000000e+00 0.000000000000000000e+00 0.000000000000000000e+00
1.000000000000000000e+00 0.000000000000000000e+00 4.412324439908635321e-02 5.614991495358896412e-01 3.829170433007727525e-01 1.146056276425134850e-02 0.000000000000000000e+00 0.000000000000000000e+00 0.000000000000000000e+00 0.000000000000000000e+00
1.000000000000000000e+00 0.000000000000000000e+00 1.339767701802983824e-02 4.353933032026047756e-01 5.052944549740000513e-01 4.591456480536521001e-02 0.000000000000000000e+00 1.000000000000000000e+00 0.000000000000000000e+00 0.000000000000000000e+00
1.000000000000000000e+00 0.000000000000000000e+00 7.562171356368760367e-02 6.192475093551051968e-01 3.020259513048549338e-01 3.104825776352238432e-03 0.000000000000000000e+00 1.000000000000000000e+00 0.000000000000000000e+00 0.000000000000000000e+00
1.000000000000000000e+00 0.000000000000000000e+00 6.385945473101035941e-02 6.020135102298682650e-01 3.290020897118141607e-01 5.124945327307188839e-03 0.000000000000000000e+00 1.000000000000000000e+00 0.000000000000000000e+00 0.000000000000000000e+00
1.000000000000000000e+00 1.600000000000000033e-02 4.093333333333333268e-01 5.386666666666666270e-01 3.599999999999999728e-02 0.000000000000000000e+00 0.000000000000000000e+00 1.000000000000000000e+00 0.000000000000000000e+00 1.000000000000000000e+00
1.000000000000000000e+00 5.927114739757982642e-01 2.646963114156583030e-01 2.149817757690625566e-02 0.000000000000000000e+00 0.000000000000000000e+00 0.000000000000000000e+00 0.000000000000000000e+00 0.000000000000000000e+00 1.000000000000000000e+00
1.000000000000000000e+00 0.000000000000000000e+00 6.985857996792534629e-03 3.797257131749040004e-01 5.437949166545170687e-01 6.949351217378625656e-02 0.000000000000000000e+00 0.000000000000000000e+00 0.000000000000000000e+00 0.000000000000000000e+00
1.000000000000000000e+00 6.298294211984254928e-05 2.000931136706031177e-01 6.628037128833162983e-01 1.370401905039607127e-01 0.000000000000000000e+00 0.000000000000000000e+00 1.000000000000000000e+00 0.000000000000000000e+00 0.000000000000000000e+00
1.000000000000000000e+00 0.000000000000000000e+00 1.370401905039607127e-01 6.628037128833162983e-01 2.000931136706031177e-01 6.298294211984254928e-05 0.000000000000000000e+00 1.000000000000000000e+00 1.000000000000000000e+00 0.000000000000000000e+00
1.000000000000000000e+00 1.000145793847499465e-01 5.731885114448169727e-01 3.237595373475238847e-01 3.037371822909073430e-03 0.000000000000000000e+00 0.000000000000000000e+00 1.000000000000000000e+00 0.000000000000000000e+00 1.000000000000000000e+00
1.000000000000000000e+00 0.000000000000000000e+00 1.033077708120717364e-01 6.465494484132769948e-01 2.493426641395733168e-01 8.001166350779997591e-04 0.000000000000000000e+00 0.000000000000000000e+00 0.000000000000000000e+00 0.000000000000000000e+00
1.000000000000000000e+00 2.915876949992710228e-04 2.241580405306896340e-01 6.561695096466928501e-01 1.193808621276182119e-01 0.000000000000000000e+00 0.000000000000000000e+00 1.000000000000000000e+00 1.000000000000000000e+00 0.000000000000000000e+00
1.000000000000000000e+00 6.949351217378625656e-02 5.437949166545170687e-01 3.797257131749040004e-01 6.985857996792534629e-03 0.000000000000000000e+00 0.000000000000000000e+00 1.000000000000000000e+00 1.000000000000000000e+00 0.000000000000000000e+00
1.000000000000000000e+00 0.000000000000000000e+00 1.339767701802983824e-02 4.353933032026047756e-01 5.052944549740000513e-01 4.591456480536521001e-02 0.000000000000000000e+00 0.000000000000000000e+00 0.000000000000000000e+00 0.000000000000000000e+00
1.000000000000000000e+00 0.000000000000000000e+00 1.563604023910190877e-01 6.662281187733877230e-01 1.774091461340331632e-01 2.332701559994168037e-06 0.000000000000000000e+00 1.000000000000000000e+00 0.000000000000000000e+00 0.000000000000000000e+00
1.000000000000000000e+00 2.838197988044904516e-02 4.597772270010205276e-01 4.889707926325508325e-01 2.287000048597948379e-02 0.000000000000000000e+00 0.000000000000000000e+00 0.000000000000000000e+00 0.000000000000000000e+00 0.000000000000000000e+00
1.000000000000000000e+00 1.000145793847499465e-01 5.731885114448169727e-01 3.237595373475238847e-01 3.037371822909073430e-03 0.000000000000000000e+00 0.000000000000000000e+00 1.000000000000000000e+00 1.000000000000000000e+00 0.000000000000000000e+00
1.000000000000000000e+00 0.000000000000000000e+00 6.985857996792534629e-03 3.797257131749040004e-01 5.437949166545170687e-01 6.949351217378625656e-02 0.000000000000000000e+00 1.000000000000000000e+00 0.000000000000000000e+00 0.000000000000000000e+00
1.000000000000000000e+00 2.332701559994168037e-06 1.774091461340331632e-01 6.662281187733877230e-01 1.563604023910190877e-01 0.000000000000000000e+00 0.000000000000000000e+00 1.000000000000000000e+00 0.000000000000000000e+00 0.000000000000000000e+00
1.000000000000000000e+00 0.000000000000000000e+00 4.741021528891480735e-03 3.516679788112941907e-01 5.597607036983038853e-01 8.383029596151041207e-02 0.000000000000000000e+00 0.000000000000000000e+00 0.000000000000000000e+00 0.000000000000000000e+00
1.000000000000000000e+00 0.000000000000000000e+00 6.985857996792534629e-03 3.797257131749040004e-01 5.437949166545170687e-01 6.949351217378625656e-02 0.000000000000000000e+00 1.000000000000000000e+00 0.000000000000000000e+00 0.000000000000000000e+00
1.000000000000000000e+00 0.000000000000000000e+00 1.193808621276182119e-01 6.561695096466928501e-01 2.241580405306896340e-01 2.915876949992710228e-04 0.000000000000000000e+00 1.000000000000000000e+00 0.000000000000000000e+00 0.000000000000000000e+00
1.000000000000000000e+00 2.332701559994168037e-06 1.774091461340331632e-01 6.662281187733877230e-01 1.563604023910190877e-01 0.000000000000000000e+00 0.000000000000000000e+00 0.000000000000000000e+00 0.000000000000000000e+00 0.000000000000000000e+00
1.000000000000000000e+00 1.000145793847499465e-01 5.731885114448169727e-01 3.237595373475238847e-01 3.037371822909073430e-03 0.000000000000000000e+00 0.000000000000000000e+00 0.000000000000000000e+00 0.000000000000000000e+00 0.000000000000000000e+00
1.000000000000000000e+00 0.000000000000000000e+00 2.894046751227098008e-02 5.144159012489673000e-01 4.350404820916556892e-01 2.160314914710598916e-02 0.000000000000000000e+00 0.000000000000000000e+00 0.000000000000000000e+00 0.000000000000000000e+00
1.000000000000000000e+00 0.000000000000000000e+00 8.874627010740146482e-02 6.341674685328279049e-01 2.753857219225348540e-01 1.700539437235748736e-03 0.000000000000000000e+00 1.000000000000000000e+00 0.000000000000000000e+00 0.000000000000000000e+00
1.000000000000000000e+00 0.000000000000000000e+00 2.894046751227098008e-02 5.144159012489673000e-01 4.350404820916556892e-01 2.160314914710598916e-02 0.000000000000000000e+00 1.000000000000000000e+00 0.000000000000000000e+00 1.000000000000000000e+00
1.000000000000000000e+00 0.000000000000000000e+00 6.385945473101035941e-02 6.020135102298682650e-01 3.290020897118141607e-01 5.124945327307188839e-03 0.000000000000000000e+00 0.000000000000000000e+00 0.000000000000000000e+00 0.000000000000000000e+00
1.000000000000000000e+00 0.000000000000000000e+00 1.563604023910190877e-01 6.662281187733877230e-01 1.774091461340331632e-01 2.332701559994168037e-06 0.000000000000000000e+00 0.000000000000000000e+00 0.000000000000000000e+00 0.000000000000000000e+00
1.000000000000000000e+00 0.000000000000000000e+00 6.385945473101035941e-02 6.020135102298682650e-01 3.290020897118141607e-01 5.124945327307188839e-03 0.000000000000000000e+00 1.000000000000000000e+00 0.000000000000000000e+00 0.000000000000000000e+00
1.000000000000000000e+00 0.000000000000000000e+00 6.385945473101035941e-02 6.020135102298682650e-01 3.290020897118141607e-01 5.124945327307188839e-03 0.000000000000000000e+00 0.000000000000000000e+00 1.000000000000000000e+00 0.000000000000000000e+00
1.000000000000000000e+00 0.000000000000000000e+00 1.563604023910190877e-01 6.662281187733877230e-01 1.774091461340331632e-01 2.332701559994168037e-06 0.000000000000000000e+00 0.000000000000000000e+00 0.000000000000000000e+00 1.000000000000000000e+00
1.000000000000000000e+00 0.000000000000000000e+00 1.370401905039607127e-01 6.628037128833162983e-01 2.000931136706031177e-01 6.298294211984254928e-05 0.000000000000000000e+00 0.000000000000000000e+00 0.000000000000000000e+00 0.000000000000000000e+00
1.000000000000000000e+00 4.160000000000000364e-01 4.906666666666666954e-01 8.533333333333333048e-02 0.000000000000000000e+00 0.000000000000000000e+00 0.000000000000000000e+00 0.000000000000000000e+00 0.000000000000000000e+00 1.000000000000000000e+00
1.000000000000000000e+00 0.000000000000000000e+00 3.599999999999999728e-02 5.386666666666666270e-01 4.093333333333333268e-01 1.600000000000000033e-02 0.000000000000000000e+00 0.000000000000000000e+00 0.000000000000000000e+00 0.000000000000000000e+00
1.000000000000000000e+00 0.000000000000000000e+00 1.193808621276182119e-01 6.561695096466928501e-01 2.241580405306896340e-01 2.915876949992710228e-04 0.000000000000000000e+00 1.000000000000000000e+00 0.000000000000000000e+00 1.000000000000000000e+00
1.000000000000000000e+00 0.000000000000000000e+00 1.033077708120717364e-01 6.465494484132769948e-01 2.493426641395733168e-01 8.001166350779997591e-04 0.000000000000000000e+00 0.000000000000000000e+00 0.000000000000000000e+00 0.000000000000000000e+00
1.000000000000000000e+00 0.000000000000000000e+00 0.000000000000000000e+00 7.962287991446760594e-04 3.816921805899790854e-02 3.859781309228750290e-01 5.750564222189823438e-01 1.000000000000000000e+00 0.000000000000000000e+00 0.000000000000000000e+00
1.000000000000000000e+00 2.160314914710598916e-02 4.350404820916556892e-01 5.144159012489673000e-01 2.894046751227098008e-02 0.000000000000000000e+00 0.000000000000000000e+00 0.000000000000000000e+00 0.000000000000000000e+00 1.000000000000000000e+00
1.000000000000000000e+00 0.000000000000000000e+00 8.874627010740146482e-02 6.341674685328279049e-01 2.753857219225348540e-01 1.700539437235748736e-03 0.000000000000000000e+00 1.000000000000000000e+00 0.000000000000000000e+00 0.000000000000000000e+00
1.000000000000000000e+00 3.859781309228750290e-01 3.816921805899790854e-02 7.962287991446760594e-04 0.000000000000000000e+00 0.000000000000000000e+00 0.000000000000000000e+00 0.000000000000000000e+00 0.000000000000000000e+00 1.000000000000000000e+00
1.000000000000000000e+00 0.000000000000000000e+00 3.599999999999999728e-02 5.386666666666666270e-01 4.093333333333333268e-01 1.600000000000000033e-02 0.000000000000000000e+00 0.000000000000000000e+00 0.000000000000000000e+00 0.000000000000000000e+00
1.000000000000000000e+00 0.000000000000000000e+00 7.562171356368760367e-02 6.192475093551051968e-01 3.020259513048549338e-01 3.104825776352238432e-03 0.000000000000000000e+00 1.000000000000000000e+00 0.000000000000000000e+00 0.000000000000000000e+00
1.000000000000000000e+00 0.000000000000000000e+00 6.385945473101035941e-02 6.020135102298682650e-01 3.290020897118141607e-01 5.124945327307188839e-03 0.000000000000000000e+00 0.000000000000000000e+00 0.000000000000000000e+00 1.000000000000000000e+00
1.000000000000000000e+00 0.000000000000000000e+00 6.385945473101035941e-02 6.020135102298682650e-01 3.290020897118141607e-01 5.124945327307188839e-03 0.000000000000000000e+00 1.000000000000000000e+00 0.000000000000000000e+00 0.000000000000000000e+00
1.000000000000000000e+00 0.000000000000000000e+00 1.033077708120717364e-01 6.465494484132769948e-01 2.493426641395733168e-01 8.001166350779997591e-04 0.000000000000000000e+00 1.000000000000000000e+00 0.000000000000000000e+00 0.000000000000000000e+00
1.000000000000000000e+00 0.000000000000000000e+00 7.562171356368760367e-02 6.192475093551051968e-01 3.020259513048549338e-01 3.104825776352238432e-03 0.000000000000000000e+00 1.000000000000000000e+00 0.000000000000000000e+00 0.000000000000000000e+00
1.000000000000000000e+00 0.000000000000000000e+00 8.874627010740146482e-02 6.341674685328279049e-01 2.753857219225348540e-01 1.700539437235748736e-03 0.000000000000000000e+00 0.000000000000000000e+00 0.000000000000000000e+00 0.000000000000000000e+00
1.000000000000000000e+00 0.000000000000000000e+00 5.338484715944986220e-02 5.826894105068765040e-01 3.560528745686931673e-01 7.872867764980317346e-03 0.000000000000000000e+00 1.000000000000000000e+00 0.000000000000000000e+00 0.000000000000000000e+00
1.000000000000000000e+00 0.000000000000000000e+00 9.846527676532049883e-03 4.077088010885940861e-01 5.255524128881761126e-01 5.689225834669777576e-02 0.000000000000000000e+00 1.000000000000000000e+00 0.000000000000000000e+00 0.000000000000000000e+00
1.000000000000000000e+00 0.000000000000000000e+00 3.599999999999999728e-02 5.386666666666666270e-01 4.093333333333333268e-01 1.600000000000000033e-02 0.000000000000000000e+00 1.000000000000000000e+00 0.000000000000000000e+00 0.000000000000000000e+00
1.000000000000000000e+00 0.000000000000000000e+00 4.741021528891480735e-03 3.516679788112941907e-01 5.597607036983038853e-01 8.383029596151041207e-02 0.000000000000000000e+00 1.000000000000000000e+00 0.000000000000000000e+00 0.000000000000000000e+00
1.000000000000000000e+00 0.000000000000000000e+00 9.550468970209456719e-04 2.692862905185401390e-01 5.913851387471449339e-01 1.383735238372940657e-01 0.000000000000000000e+00 1.000000000000000000e+00 0.000000000000000000e+00 0.000000000000000000e+00
1.000000000000000000e+00 0.000000000000000000e+00 2.894046751227098008e-02 5.144159012489673000e-01 4.350404820916556892e-01 2.160314914710598916e-02 0.000000000000000000e+00 1.000000000000000000e+00 0.000000000000000000e+00 0.000000000000000000e+00
1.000000000000000000e+00 0.000000000000000000e+00 1.033077708120717364e-01 6.465494484132769948e-01 2.493426641395733168e-01 8.001166350779997591e-04 0.000000000000000000e+00 0.000000000000000000e+00 0.000000000000000000e+00 0.000000000000000000e+00
1.000000000000000000e+00 0.000000000000000000e+00 1.370401905039607127e-01 6.628037128833162983e-01 2.000931136706031177e-01 6.298294211984254928e-05 0.000000000000000000e+00 0.000000000000000000e+00 0.000000000000000000e+00 0.000000000000000000e+00
1.000000000000000000e+00 0.000000000000000000e+00 4.412324439908635321e-02 5.614991495358896412e-01 3.829170433007727525e-01 1.146056276425134850e-02 0.000000000000000000e+00 1.000000000000000000e+00 0.000000000000000000e+00 0.000000000000000000e+00
1.000000000000000000e+00 0.000000000000000000e+00 2.894046751227098008e-02 5.144159012489673000e-01 4.350404820916556892e-01 2.160314914710598916e-02 0.000000000000000000e+00 0.000000000000000000e+00 0.000000000000000000e+00 0.000000000000000000e+00
1.000000000000000000e+00 0.000000000000000000e+00 4.412324439908635321e-02 5.614991495358896412e-01 3.829170433007727525e-01 1.146056276425134850e-02 0.000000000000000000e+00 1.000000000000000000e+00 0.000000000000000000e+00 0.000000000000000000e+00
1.000000000000000000e+00 0.000000000000000000e+00 1.563604023910190877e-01 6.662281187733877230e-01 1.774091461340331632e-01 2.332701559994168037e-06 0.000000000000000000e+00 1.000000000000000000e+00 0.000000000000000000e+00 0.000000000000000000e+00
1.000000000000000000e+00 0.000000000000000000e+00 1.771395247120571489e-02 4.625552801671769521e-01 4.832823054867084744e-01 3.644846187490887596e-02 0.000000000000000000e+00 1.000000000000000000e+00 0.000000000000000000e+00 0.000000000000000000e+00
1.000000000000000000e+00 0.000000000000000000e+00 7.562171356368760367e-02 6.192475093551051968e-01 3.020259513048549338e-01 3.104825776352238432e-03 0.000000000000000000e+00 0.000000000000000000e+00 0.000000000000000000e+00 0.000000000000000000e+00
1.000000000000000000e+00 0.000000000000000000e+00 9.846527676532049883e-03 4.077088010885940861e-01 5.255524128881761126e-01 5.689225834669777576e-02 0.000000000000000000e+00 0.000000000000000000e+00 0.000000000000000000e+00 0.000000000000000000e+00
1.000000000000000000e+00 0.000000000000000000e+00 8.874627010740146482e-02 6.341674685328279049e-01 2.753857219225348540e-01 1.700539437235748736e-03 0.000000000000000000e+00 1.000000000000000000e+00 0.000000000000000000e+00 0.000000000000000000e+00
1.000000000000000000e+00 1.146056276425134850e-02 3.829170433007727525e-01 5.614991495358896412e-01 4.412324439908635321e-02 0.000000000000000000e+00 0.000000000000000000e+00 1.000000000000000000e+00 0.000000000000000000e+00 0.000000000000000000e+00
1.000000000000000000e+00 0.000000000000000000e+00 3.599999999999999728e-02 5.386666666666666270e-01 4.093333333333333268e-01 1.600000000000000033e-02 0.000000000000000000e+00 0.000000000000000000e+00 0.000000000000000000e+00 0.000000000000000000e+00
1.000000000000000000e+00 0.000000000000000000e+00 1.193808621276182119e-01 6.561695096466928501e-01 2.241580405306896340e-01 2.915876949992710228e-04 0.000000000000000000e+00 0.000000000000000000e+00 0.000000000000000000e+00 0.000000000000000000e+00
1.000000000000000000e+00 0.000000000000000000e+00 2.894046751227098008e-02 5.144159012489673000e-01 4.350404820916556892e-01 2.160314914710598916e-02 0.000000000000000000e+00 0.000000000000000000e+00 0.000000000000000000e+00 0.000000000000000000e+00
1.000000000000000000e+00 1.600000000000000033e-02 4.093333333333333268e-01 5.386666666666666270e-01 3.599999999999999728e-02 0.000000000000000000e+00 0.000000000000000000e+00 0.000000000000000000e+00 1.000000000000000000e+00 0.000000000000000000e+00
1.000000000000000000e+00 0.000000000000000000e+00 4.412324439908635321e-02 5.614991495358896412e-01 3.829170433007727525e-01 1.146056276425134850e-02 0.000000000000000000e+00 1.000000000000000000e+00 0.000000000000000000e+00 0.000000000000000000e+00
1.000000000000000000e+00 0.000000000000000000e+00 5.338484715944986220e-02 5.826894105068765040e-01 3.560528745686931673e-01 7.872867764980317346e-03 0.000000000000000000e+00 0.000000000000000000e+00 0.000000000000000000e+00 0.000000000000000000e+00
1.000000000000000000e+00 0.000000000000000000e+00 1.193808621276182119e-01 6.561695096466928501e-01 2.241580405306896340e-01 2.915876949992710228e-04 0.000000000000000000e+00 0.000000000000000000e+00 1.000000000000000000e+00 0.000000000000000000e+00
1.000000000000000000e+00 3.802303542790493873e-01 5.163046119453758021e-01 9.952859989308449062e-02 0.000000000000000000e+00 0.000000000000000000e+00 0.000000000000000000e+00 1.000000000000000000e+00 0.000000000000000000e+00 1.000000000000000000e+00
1.000000000000000000e+00 0.000000000000000000e+00 6.385945473101035941e-02 6.020135102298682650e-01 3.290020897118141607e-01 5.124945327307188839e-03 0.000000000000000000e+00 1.000000000000000000e+00 0.000000000000000000e+00 0.000000000000000000e+00
1.000000000000000000e+00 0.000000000000000000e+00 2.894046751227098008e-02 5.144159012489673000e-01 4.350404820916556892e-01 2.160314914710598916e-02 0.000000000000000000e+00 1.000000000000000000e+00 0.000000000000000000e+00 0.000000000000000000e+00
1.000000000000000000e+00 0.000000000000000000e+00 3.599999999999999728e-02 5.386666666666666270e-01 4.093333333333333268e-01 1.600000000000000033e-02 0.000000000000000000e+00 0.000000000000000000e+00 0.000000000000000000e+00 0.000000000000000000e+00
1.000000000000000000e+00 0.000000000000000000e+00 8.874627010740146482e-02 6.341674685328279049e-01 2.753857219225348540e-01 1.700539437235748736e-03 0.000000000000000000e+00 0.000000000000000000e+00 0.000000000000000000e+00 0.000000000000000000e+00
1.000000000000000000e+00 0.000000000000000000e+00 9.550468970209456719e-04 2.692862905185401390e-01 5.913851387471449339e-01 1.383735238372940657e-01 0.000000000000000000e+00 1.000000000000000000e+00 0.000000000000000000e+00 0.000000000000000000e+00
1.000000000000000000e+00 0.000000000000000000e+00 0.000000000000000000e+00 7.962287991446760594e-04 3.816921805899790854e-02 3.859781309228750290e-01 5.750564222189823438e-01 1.000000000000000000e+00 0.000000000000000000e+00 0.000000000000000000e+00
1.000000000000000000e+00 0.000000000000000000e+00 8.874627010740146482e-02 6.341674685328279049e-01 2.753857219225348540e-01 1.700539437235748736e-03 0.000000000000000000e+00 0.000000000000000000e+00 0.000000000000000000e+00 0.000000000000000000e+00
1.000000000000000000e+00 0.000000000000000000e+00 3.599999999999999728e-02 5.386666666666666270e-01 4.093333333333333268e-01 1.600000000000000033e-02 0.000000000000000000e+00 0.000000000000000000e+00 0.000000000000000000e+00 0.000000000000000000e+00
1.000000000000000000e+00 4.989088788453127643e-01 8.095407493803762067e-02 2.687272197113281958e-03 0.000000000000000000e+00 0.000000000000000000e+00 0.000000000000000000e+00 1.000000000000000000e+00 0.000000000000000000e+00 1.000000000000000000e+00
1.000000000000000000e+00 0.000000000000000000e+00 0.000000000000000000e+00 1.555134373329445166e-03 5.792875540652184241e-02 4.484618749088788436e-01 4.920542353112699052e-01 1.000000000000000000e+00 0.000000000000000000e+00 0.000000000000000000e+00
1.000000000000000000e+00 5.668278174661028901e-01 1.351598386548087394e-01 6.369830393157408475e-03 0.000000000000000000e+00 0.000000000000000000e+00 0.000000000000000000e+00 0.000000000000000000e+00 0.000000000000000000e+00 1.000000000000000000e+00
1.000000000000000000e+00 3.106738591631432733e-01 2.208601837002478752e-02 3.359090246391602448e-04 0.000000000000000000e+00 0.000000000000000000e+00 0.000000000000000000e+00 1.000000000000000000e+00 0.000000000000000000e+00 1.000000000000000000e+00
1.000000000000000000e+00 0.000000000000000000e+00 8.874627010740146482e-02 6.341674685328279049e-01 2.753857219225348540e-01 1.700539437235748736e-03 0.000000000000000000e+00 0.000000000000000000e+00 0.000000000000000000e+00 0.000000000000000000e+00
1.000000000000000000e+00 0.000000000000000000e+00 5.338484715944986220e-02 5.826894105068765040e-01 3.560528745686931673e-01 7.872867764980317346e-03 0.000000000000000000e+00 1.000000000000000000e+00 0.000000000000000000e+00 0.000000000000000000e+00
1.000000000000000000e+00 0.000000000000000000e+00 5.338484715944986220e-02 5.826894105068765040e-01 3.560528745686931673e-01 7.872867764980317346e-03 0.000000000000000000e+00 0.000000000000000000e+00 0.000000000000000000e+00 0.000000000000000000e+00
1.000000000000000000e+00 0.000000000000000000e+00 7.562171356368760367e-02 6.192475093551051968e-01 3.020259513048549338e-01 3.104825776352238432e-03 0.000000000000000000e+00 0.000000000000000000e+00 0.000000000000000000e+00 0.000000000000000000e+00
1.000000000000000000e+00 6.298294211984254928e-05 2.000931136706031177e-01 6.628037128833162983e-01 1.370401905039607127e-01 0.000000000000000000e+00 0.000000000000000000e+00 1.000000000000000000e+00 0.000000000000000000e+00 1.000000000000000000e+00
1.000000000000000000e+00 0.000000000000000000e+00 6.985857996792534629e-03 3.797257131749040004e-01 5.437949166545170687e-01 6.949351217378625656e-02 0.000000000000000000e+00 0.000000000000000000e+00 0.000000000000000000e+00 0.000000000000000000e+00
1.000000000000000000e+00 0.000000000000000000e+00 7.562171356368760367e-02 6.192475093551051968e-01 3.020259513048549338e-01 3.104825776352238432e-03 0.000000000000000000e+00 0.000000000000000000e+00 0.000000000000000000e+00 0.000000000000000000e+00
1.000000000000000000e+00 0.000000000000000000e+00 1.193808621276182119e-01 6.561695096466928501e-01 2.241580405306896340e-01 2.915876949992710228e-04 0.000000000000000000e+00 0.000000000000000000e+00 1.000000000000000000e+00 0.000000000000000000e+00
1.000000000000000000e+00 0.000000000000000000e+00 1.193808621276182119e-01 6.561695096466928501e-01 2.241580405306896340e-01 2.915876949992710228e-04 0.000000000000000000e+00 0.000000000000000000e+00 0.000000000000000000e+00 0.000000000000000000e+00
1.000000000000000000e+00 0.000000000000000000e+00 6.385945473101035941e-02 6.020135102298682650e-01 3.290020897118141607e-01 5.124945327307188839e-03 0.000000000000000000e+00 1.000000000000000000e+00 0.000000000000000000e+00 0.000000000000000000e+00
1.000000000000000000e+00 0.000000000000000000e+00 0.000000000000000000e+00 0.000000000000000000e+00 0.000000000000000000e+00 0.000000000000000000e+00 1.000000000000000000e+00 1.000000000000000000e+00 0.000000000000000000e+00 0.000000000000000000e+00
1.000000000000000000e+00 7.872867764980317346e-03 3.560528745686931673e-01 5.826894105068765040e-01 5.338484715944986220e-02 0.000000000000000000e+00 0.000000000000000000e+00 1.000000000000000000e+00 0.000000000000000000e+00 0.000000000000000000e+00
1.000000000000000000e+00 0.000000000000000000e+00 4.412324439908635321e-02 5.614991495358896412e-01 3.829170433007727525e-01 1.146056276425134850e-02 0.000000000000000000e+00 0.000000000000000000e+00 0.000000000000000000e+00 0.000000000000000000e+00
1.000000000000000000e+00 0.000000000000000000e+00 8.874627010740146482e-02 6.341674685328279049e-01 2.753857219225348540e-01 1.700539437235748736e-03 0.000000000000000000e+00 1.000000000000000000e+00 0.000000000000000000e+00 1.000000000000000000e+00
1.000000000000000000e+00 0.000000000000000000e+00 4.412324439908635321e-02 5.614991495358896412e-01 3.829170433007727525e-01 1.146056276425134850e-02 0.000000000000000000e+00 1.000000000000000000e+00 0.000000000000000000e+00 0.000000000000000000e+00
1.000000000000000000e+00 3.859781309228750290e-01 3.816921805899790854e-02 7.962287991446760594e-04 0.000000000000000000e+00 0.000000000000000000e+00 0.000000000000000000e+00 1.000000000000000000e+00 0.000000000000000000e+00 1.000000000000000000e+00
1.000000000000000000e+00 0.000000000000000000e+00 3.599999999999999728e-02 5.386666666666666270e-01 4.093333333333333268e-01 1.600000000000000033e-02 0.000000000000000000e+00 1.000000000000000000e+00 0.000000000000000000e+00 0.000000000000000000e+00
1.000000000000000000e+00 0.000000000000000000e+00 2.287000048597948379e-02 4.889707926325508325e-01 4.597772270010205276e-01 2.838197988044904516e-02 0.000000000000000000e+00 0.000000000000000000e+00 0.000000000000000000e+00 0.000000000000000000e+00
1.000000000000000000e+00 0.000000000000000000e+00 7.562171356368760367e-02 6.192475093551051968e-01 3.020259513048549338e-01 3.104825776352238432e-03 0.000000000000000000e+00 0.000000000000000000e+00 0.000000000000000000e+00 0.000000000000000000e+00
1.000000000000000000e+00 0.000000000000000000e+00 7.562171356368760367e-02 6.192475093551051968e-01 3.020259513048549338e-01 3.104825776352238432e-03 0.000000000000000000e+00 0.000000000000000000e+00 0.000000000000000000e+00 0.000000000000000000e+00
1.000000000000000000e+00 0.000000000000000000e+00 4.741021528891480735e-03 3.516679788112941907e-01 5.597607036983038853e-01 8.383029596151041207e-02 0.000000000000000000e+00 1.000000000000000000e+00 0.000000000000000000e+00 0.000000000000000000e+00
1.000000000000000000e+00 4.591456480536521001e-02 5.052944549740000513e-01 4.353933032026047756e-01 1.339767701802983824e-02 0.000000000000000000e+00 0.000000000000000000e+00 1.000000000000000000e+00 0.000000000000000000e+00 1.000000000000000000e+00
1.000000000000000000e+00 0.000000000000000000e+00 8.874627010740146482e-02 6.341674685328279049e-01 2.753857219225348540e-01 1.700539437235748736e-03 0.000000000000000000e+00 1.000000000000000000e+00 0.000000000000000000e+00 0.000000000000000000e+00
1.000000000000000000e+00 0.000000000000000000e+00 6.385945473101035941e-02 6.020135102298682650e-01 3.290020897118141607e-01 5.124945327307188839e-03 0.000000000000000000e+00 1.000000000000000000e+00 0.000000000000000000e+00 0.000000000000000000e+00
1.000000000000000000e+00 8.001166350779997591e-04 2.493426641395733168e-01 6.465494484132769948e-01 1.033077708120717364e-01 0.000000000000000000e+00 0.000000000000000000e+00 0.000000000000000000e+00 0.000000000000000000e+00 1.000000000000000000e+00
1.000000000000000000e+00 0.000000000000000000e+00 7.562171356368760367e-02 6.192475093551051968e-01 3.020259513048549338e-01 3.104825776352238432e-03 0.000000000000000000e+00 1.000000000000000000e+00 0.000000000000000000e+00 0.000000000000000000e+00
1.000000000000000000e+00 0.000000000000000000e+00 1.417116197696457460e-04 2.180974874860280854e-01 5.962946979637459011e-01 1.854661029304563169e-01 0.000000000000000000e+00 0.000000000000000000e+00 0.000000000000000000e+00 0.000000000000000000e+00
1.000000000000000000e+00 0.000000000000000000e+00 1.563604023910190877e-01 6.662281187733877230e-01 1.774091461340331632e-01 2.332701559994168037e-06 0.000000000000000000e+00 1.000000000000000000e+00 0.000000000000000000e+00 0.000000000000000000e+00
1.000000000000000000e+00 0.000000000000000000e+00 1.370401905039607127e-01 6.628037128833162983e-01 2.000931136706031177e-01 6.298294211984254928e-05 0.000000000000000000e+00 1.000000000000000000e+00 0.000000000000000000e+00 0.000000000000000000e+00
1.000000000000000000e+00 0.000000000000000000e+00 7.562171356368760367e-02 6.192475093551051968e-01 3.020259513048549338e-01 3.104825776352238432e-03 0.000000000000000000e+00 0.000000000000000000e+00 0.000000000000000000e+00 0.000000000000000000e+00
1.000000000000000000e+00 2.332701559994168037e-06 1.774091461340331632e-01 6.662281187733877230e-01 1.563604023910190877e-01 0.000000000000000000e+00 0.000000000000000000e+00 0.000000000000000000e+00 0.000000000000000000e+00 0.000000000000000000e+00
1.000000000000000000e+00 2.915876949992710228e-04 2.241580405306896340e-01 6.561695096466928501e-01 1.193808621276182119e-01 0.000000000000000000e+00 0.000000000000000000e+00 0.000000000000000000e+00 0.000000000000000000e+00 0.000000000000000000e+00
1.000000000000000000e+00 0.000000000000000000e+00 1.563604023910190877e-01 6.662281187733877230e-01 1.774091461340331632e-01 2.332701559994168037e-06 0.000000000000000000e+00 0.000000000000000000e+00 1.000000000000000000e+00 0.000000000000000000e+00
1.000000000000000000e+00 0.000000000000000000e+00 1.193808621276182119e-01 6.561695096466928501e-01 2.241580405306896340e-01 2.915876949992710228e-04 0.000000000000000000e+00 0.000000000000000000e+00 0.000000000000000000e+00 0.000000000000000000e+00
1.000000000000000000e+00 8.001166350779997591e-04 2.493426641395733168e-01 6.465494484132769948e-01 1.033077708120717364e-01 0.000000000000000000e+00 0.000000000000000000e+00 1.000000000000000000e+00 0.000000000000000000e+00 1.000000000000000000e+00
1.000000000000000000e+00 0.000000000000000000e+00 1.339767701802983824e-02 4.353933032026047756e-01 5.052944549740000513e-01 4.591456480536521001e-02 0.000000000000000000e+00 0.000000000000000000e+00 0.000000000000000000e+00 0.000000000000000000e+00
1.000000000000000000e+00 0.000000000000000000e+00 9.846527676532049883e-03 4.077088010885940861e-01 5.255524128881761126e-01 5.689225834669777576e-02 0.000000000000000000e+00 1.000000000000000000e+00 0.000000000000000000e+00 0.000000000000000000e+00
1.000000000000000000e+00 3.104825776352238432e-03 3.020259513048549338e-01 6.192475093551051968e-01 7.562171356368760367e-02 0.000000000000000000e+00 0.000000000000000000e+00 1.000000000000000000e+00 0.000000000000000000e+00 1.000000000000000000e+00
1.000000000000000000e+00 0.000000000000000000e+00 1.563604023910190877e-01 6.662281187733877230e-01 1.774091461340331632e-01 2.332701559994168037e-06 0.000000000000000000e+00 1.000000000000000000e+00 1.000000000000000000e+00 0.000000000000000000e+00
1.000000000000000000e+00 0.000000000000000000e+00 5.338484715944986220e-02 5.826894105068765040e-01 3.560528745686931673e-01 7.872867764980317346e-03 0.000000000000000000e+00 1.000000000000000000e+00 0.000000000000000000e+00 0.000000000000000000e+00
1.000000000000000000e+00 0.000000000000000000e+00 7.562171356368760367e-02 6.192475093551051968e-01 3.020259513048549338e-01 3.104825776352238432e-03 0.000000000000000000e+00 0.000000000000000000e+00 0.000000000000000000e+00 0.000000000000000000e+00
1.000000000000000000e+00 0.000000000000000000e+00 8.874627010740146482e-02 6.341674685328279049e-01 2.753857219225348540e-01 1.700539437235748736e-03 0.000000000000000000e+00 1.000000000000000000e+00 0.000000000000000000e+00 0.000000000000000000e+00
1.000000000000000000e+00 0.000000000000000000e+00 9.550468970209456719e-04 2.692862905185401390e-01 5.913851387471449339e-01 1.383735238372940657e-01 0.000000000000000000e+00 1.000000000000000000e+00 0.000000000000000000e+00 0.000000000000000000e+00
1.000000000000000000e+00 0.000000000000000000e+00 6.385945473101035941e-02 6.020135102298682650e-01 3.290020897118141607e-01 5.124945327307188839e-03 0.000000000000000000e+00 0.000000000000000000e+00 0.000000000000000000e+00 0.000000000000000000e+00
1.000000000000000000e+00 0.000000000000000000e+00 8.874627010740146482e-02 6.341674685328279049e-01 2.753857219225348540e-01 1.700539437235748736e-03 0.000000000000000000e+00 1.000000000000000000e+00 0.000000000000000000e+00 0.000000000000000000e+00
1.000000000000000000e+00 0.000000000000000000e+00 1.339767701802983824e-02 4.353933032026047756e-01 5.052944549740000513e-01 4.591456480536521001e-02 0.000000000000000000e+00 1.000000000000000000e+00 0.000000000000000000e+00 0.000000000000000000e+00
1.000000000000000000e+00 0.000000000000000000e+00 1.193808621276182119e-01 6.561695096466928501e-01 2.241580405306896340e-01 2.915876949992710228e-04 0.000000000000000000e+00 0.000000000000000000e+00 0.000000000000000000e+00 0.000000000000000000e+00
1.000000000000000000e+00 0.000000000000000000e+00 1.370401905039607127e-01 6.628037128833162983e-01 2.000931136706031177e-01 6.298294211984254928e-05 0.000000000000000000e+00 0.000000000000000000e+00 0.000000000000000000e+00 0.000000000000000000e+00
1.000000000000000000e+00 0.000000000000000000e+00 5.338484715944986220e-02 5.826894105068765040e-01 3.560528745686931673e-01 7.872867764980317346e-03 0.000000000000000000e+00 0.000000000000000000e+00 0.000000000000000000e+00 0.000000000000000000e+00
1.000000000000000000e+00 0.000000000000000000e+00 2.287000048597948379e-02 4.889707926325508325e-01 4.597772270010205276e-01 2.838197988044904516e-02 0.000000000000000000e+00 0.000000000000000000e+00 0.000000000000000000e+00 0.000000000000000000e+00
1.000000000000000000e+00 0.000000000000000000e+00 1.033077708120717364e-01 6.465494484132769948e-01 2.493426641395733168e-01 8.001166350779997591e-04 0.000000000000000000e+00 0.000000000000000000e+00 0.000000000000000000e+00 0.000000000000000000e+00
1.000000000000000000e+00 0.000000000000000000e+00 8.874627010740146482e-02 6.341674685328279049e-01 2.753857219225348540e-01 1.700539437235748736e-03 0.000000000000000000e+00 0.000000000000000000e+00 1.000000000000000000e+00 0.000000000000000000e+00
1.000000000000000000e+00 2.332701559994168037e-06 1.774091461340331632e-01 6.662281187733877230e-01 1.563604023910190877e-01 0.000000000000000000e+00 0.000000000000000000e+00 0.000000000000000000e+00 0.000000000000000000e+00 0.000000000000000000e+00
1.000000000000000000e+00 0.000000000000000000e+00 3.599999999999999728e-02 5.386666666666666270e-01 4.093333333333333268e-01 1.600000000000000033e-02 0.000000000000000000e+00 0.000000000000000000e+00 0.000000000000000000e+00 0.000000000000000000e+00
1.000000000000000000e+00 6.298294211984254928e-05 2.000931136706031177e-01 6.628037128833162983e-01 1.370401905039607127e-01 0.000000000000000000e+00 0.000000000000000000e+00 0.000000000000000000e+00 0.000000000000000000e+00 0.000000000000000000e+00
1.000000000000000000e+00 0.000000000000000000e+00 5.338484715944986220e-02 5.826894105068765040e-01 3.560528745686931673e-01 7.872867764980317346e-03 0.000000000000000000e+00 1.000000000000000000e+00 0.000000000000000000e+00 0.000000000000000000e+00
1.000000000000000000e+00 0.000000000000000000e+00 0.000000000000000000e+00 1.555134373329445166e-03 5.792875540652184241e-02 4.484618749088788436e-01 4.920542353112699052e-01 1.000000000000000000e+00 0.000000000000000000e+00 0.000000000000000000e+00
1.000000000000000000e+00 3.644846187490887596e-02 4.832823054867084744e-01 4.625552801671769521e-01 1.771395247120571489e-02 0.000000000000000000e+00 0.000000000000000000e+00 0.000000000000000000e+00 1.000000000000000000e+00 0.000000000000000000e+00
1.000000000000000000e+00 0.000000000000000000e+00 3.037371822909073430e-03 3.237595373475238847e-01 5.731885114448169727e-01 1.000145793847499465e-01 0.000000000000000000e+00 0.000000000000000000e+00 0.000000000000000000e+00 0.000000000000000000e+00
1.000000000000000000e+00 0.000000000000000000e+00 3.599999999999999728e-02 5.386666666666666270e-01 4.093333333333333268e-01 1.600000000000000033e-02 0.000000000000000000e+00 1.000000000000000000e+00 0.000000000000000000e+00 0.000000000000000000e+00
1.000000000000000000e+00 2.332701559994168037e-06 1.774091461340331632e-01 6.662281187733877230e-01 1.563604023910190877e-01 0.000000000000000000e+00 0.000000000000000000e+00 0.000000000000000000e+00 1.000000000000000000e+00 0.000000000000000000e+00
1.000000000000000000e+00 0.000000000000000000e+00 7.562171356368760367e-02 6.192475093551051968e-01 3.020259513048549338e-01 3.104825776352238432e-03 0.000000000000000000e+00 1.000000000000000000e+00 0.000000000000000000e+00 0.000000000000000000e+00
1.000000000000000000e+00 0.000000000000000000e+00 0.000000000000000000e+00 7.962287991446760594e-04 3.816921805899790854e-02 3.859781309228750290e-01 5.750564222189823438e-01 1.000000000000000000e+00 0.000000000000000000e+00 0.000000000000000000e+00
1.000000000000000000e+00 0.000000000000000000e+00 1.771395247120571489e-02 4.625552801671769521e-01 4.832823054867084744e-01 3.644846187490887596e-02 0.000000000000000000e+00 1.000000000000000000e+00 0.000000000000000000e+00 0.000000000000000000e+00
1.000000000000000000e+00 0.000000000000000000e+00 1.193808621276182119e-01 6.561695096466928501e-01 2.241580405306896340e-01 2.915876949992710228e-04 0.000000000000000000e+00 1.000000000000000000e+00 0.000000000000000000e+00 0.000000000000000000e+00
1.000000000000000000e+00 0.000000000000000000e+00 1.800262428925499241e-03 2.962243281333528100e-01 5.838170773193371854e-01 1.181583321183845986e-01 0.000000000000000000e+00 0.000000000000000000e+00 0.000000000000000000e+00 0.000000000000000000e+00
1.000000000000000000e+00 0.000000000000000000e+00 2.287000048597948379e-02 4.889707926325508325e-01 4.597772270010205276e-01 2.838197988044904516e-02 0.000000000000000000e+00 0.000000000000000000e+00 0.000000000000000000e+00 1.000000000000000000e+00
1.000000000000000000e+00 0.000000000000000000e+00 9.550468970209456719e-04 2.692862905185401390e-01 5.913851387471449339e-01 1.383735238372940657e-01 0.000000000000000000e+00 0.000000000000000000e+00 0.000000000000000000e+00 0.000000000000000000e+00
1.000000000000000000e+00 1.700539437235748736e-03 2.753857219225348540e-01 6.341674685328279049e-01 8.874627010740146482e-02 0.000000000000000000e+00 0.000000000000000000e+00 1.000000000000000000e+00 0.000000000000000000e+00 0.000000000000000000e+00
1.000000000000000000e+00 0.000000000000000000e+00 4.741021528891480735e-03 3.516679788112941907e-01 5.597607036983038853e-01 8.383029596151041207e-02 0.000000000000000000e+00 0.000000000000000000e+00 0.000000000000000000e+00 0.000000000000000000e+00
1.000000000000000000e+00 0.000000000000000000e+00 1.370401905039607127e-01 6.628037128833162983e-01 2.000931136706031177e-01 6.298294211984254928e-05 0.000000000000000000e+00 0.000000000000000000e+00 0.000000000000000000e+00 0.000000000000000000e+00
1.000000000000000000e+00 0.000000000000000000e+00 1.563604023910190877e-01 6.662281187733877230e-01 1.774091461340331632e-01 2.332701559994168037e-06 0.000000000000000000e+00 0.000000000000000000e+00 0.000000000000000000e+00 0.000000000000000000e+00
1.000000000000000000e+00 0.000000000000000000e+00 4.741021528891480735e-03 3.516679788112941907e-01 5.597607036983038853e-01 8.383029596151041207e-02 0.000000000000000000e+00 1.000000000000000000e+00 0.000000000000000000e+00 0.000000000000000000e+00
1.000000000000000000e+00 0.000000000000000000e+00 2.287000048597948379e-02 4.889707926325508325e-01 4.597772270010205276e-01 2.838197988044904516e-02 0.000000000000000000e+00 1.000000000000000000e+00 0.000000000000000000e+00 0.000000000000000000e+00
1.000000000000000000e+00 5.689225834669777576e-02 5.255524128881761126e-01 4.077088010885940861e-01 9.846527676532049883e-03 0.000000000000000000e+00 0.000000000000000000e+00 0.000000000000000000e+00 1.000000000000000000e+00 0.000000000000000000e+00
1.000000000000000000e+00 0.000000000000000000e+00 5.338484715944986220e-02 5.826894105068765040e-01 3.560528745686931673e-01 7.872867764980317346e-03 0.000000000000000000e+00 0.000000000000000000e+00 0.000000000000000000e+00 0.000000000000000000e+00
1.000000000000000000e+00 0.000000000000000000e+00 9.550468970209456719e-04 2.692862905185401390e-01 5.913851387471449339e-01 1.383735238372940657e-01 0.000000000000000000e+00 0.000000000000000000e+00 0.000000000000000000e+00 0.000000000000000000e+00
1.000000000000000000e+00 8.383029596151041207e-02 5.597607036983038853e-01 3.516679788112941907e-01 4.741021528891480735e-03 0.000000000000000000e+00 0.000000000000000000e+00 1.000000000000000000e+00 1.000000000000000000e+00 0.000000000000000000e+00
1.000000000000000000e+00 0.000000000000000000e+00 2.287000048597948379e-02 4.889707926325508325e-01 4.597772270010205276e-01 2.838197988044904516e-02 0.000000000000000000e+00 0.000000000000000000e+00 0.000000000000000000e+00 0.000000000000000000e+00
1.000000000000000000e+00 1.146056276425134850e-02 3.829170433007727525e-01 5.614991495358896412e-01 4.412324439908635321e-02 0.000000000000000000e+00 0.000000000000000000e+00 1.000000000000000000e+00 1.000000000000000000e+00 0.000000000000000000e+00
1.000000000000000000e+00 0.000000000000000000e+00 4.741021528891480735e-03 3.516679788112941907e-01 5.597607036983038853e-01 8.383029596151041207e-02 0.000000000000000000e+00 1.000000000000000000e+00 0.000000000000000000e+00 0.000000000000000000e+00
1.000000000000000000e+00 0.000000000000000000e+00 6.385945473101035941e-02 6.020135102298682650e-01 3.290020897118141607e-01 5.124945327307188839e-03 0.000000000000000000e+00 0.000000000000000000e+00 0.000000000000000000e+00 0.000000000000000000e+00
1.000000000000000000e+00 0.000000000000000000e+00 3.599999999999999728e-02 5.386666666666666270e-01 4.093333333333333268e-01 1.600000000000000033e-02 0.000000000000000000e+00 0.000000000000000000e+00 0.000000000000000000e+00 0.000000000000000000e+00
1.000000000000000000e+00 0.000000000000000000e+00 3.599999999999999728e-02 5.386666666666666270e-01 4.093333333333333268e-01 1.600000000000000033e-02 0.000000000000000000e+00 1.000000000000000000e+00 0.000000000000000000e+00 0.000000000000000000e+00
1.000000000000000000e+00 2.915876949992710228e-04 2.241580405306896340e-01 6.561695096466928501e-01 1.193808621276182119e-01 0.000000000000000000e+00 0.000000000000000000e+00 1.000000000000000000e+00 1.000000000000000000e+00 0.000000000000000000e+00
1.000000000000000000e+00 8.383029596151041207e-02 5.597607036983038853e-01 3.516679788112941907e-01 4.741021528891480735e-03 0.000000000000000000e+00 0.000000000000000000e+00 0.000000000000000000e+00 0.000000000000000000e+00 1.000000000000000000e+00
1.000000000000000000e+00 0.000000000000000000e+00 1.370401905039607127e-01 6.628037128833162983e-01 2.000931136706031177e-01 6.298294211984254928e-05 0.000000000000000000e+00 1.000000000000000000e+00 0.000000000000000000e+00 1.000000000000000000e+00
1.000000000000000000e+00 5.124945327307188839e-03 3.290020897118141607e-01 6.020135102298682650e-01 6.385945473101035941e-02 0.000000000000000000e+00 0.000000000000000000e+00 0.000000000000000000e+00 0.000000000000000000e+00 0.000000000000000000e+00
1.000000000000000000e+00 6.949351217378625656e-02 5.437949166545170687e-01 3.797257131749040004e-01 6.985857996792534629e-03 0.000000000000000000e+00 0.000000000000000000e+00 0.000000000000000000e+00 0.000000000000000000e+00 1.000000000000000000e+00
1.000000000000000000e+00 0.000000000000000000e+00 7.562171356368760367e-02 6.192475093551051968e-01 3.020259513048549338e-01 3.104825776352238432e-03 0.000000000000000000e+00 0.000000000000000000e+00 0.000000000000000000e+00 0.000000000000000000e+00
1.000000000000000000e+00 0.000000000000000000e+00 2.894046751227098008e-02 5.144159012489673000e-01 4.350404820916556892e-01 2.160314914710598916e-02 0.000000000000000000e+00 1.000000000000000000e+00 0.000000000000000000e+00 0.000000000000000000e+00
1.000000000000000000e+00 0.000000000000000000e+00 1.771395247120571489e-02 4.625552801671769521e-01 4.832823054867084744e-01 3.644846187490887596e-02 0.000000000000000000e+00 1.000000000000000000e+00 0.000000000000000000e+00 0.000000000000000000e+00
1.000000000000000000e+00 0.000000000000000000e+00 7.562171356368760367e-02 6.192475093551051968e-01 3.020259513048549338e-01 3.104825776352238432e-03 0.000000000000000000e+00 0.000000000000000000e+00 0.000000000000000000e+00 0.000000000000000000e+00
1.000000000000000000e+00 5.137915147980753883e-01 4.005030859697720214e-01 5.095864314525926780e-02 0.000000000000000000e+00 0.000000000000000000e+00 0.000000000000000000e+00 0.000000000000000000e+00 0.000000000000000000e+00 1.000000000000000000e+00
1.000000000000000000e+00 2.332701559994168037e-06 1.774091461340331632e-01 6.662281187733877230e-01 1.563604023910190877e-01 0.000000000000000000e+00 0.000000000000000000e+00 1.000000000000000000e+00 0.000000000000000000e+00 0.000000000000000000e+00
1.000000000000000000e+00 0.000000000000000000e+00 8.874627010740146482e-02 6.341674685328279049e-01 2.753857219225348540e-01 1.700539437235748736e-03 0.000000000000000000e+00 1.000000000000000000e+00 0.000000000000000000e+00 0.000000000000000000e+00
1.000000000000000000e+00 5.927114739757982642e-01 2.646963114156583030e-01 2.149817757690625566e-02 0.000000000000000000e+00 0.000000000000000000e+00 0.000000000000000000e+00 0.000000000000000000e+00 1.000000000000000000e+00 0.000000000000000000e+00
1.000000000000000000e+00 5.689225834669777576e-02 5.255524128881761126e-01 4.077088010885940861e-01 9.846527676532049883e-03 0.000000000000000000e+00 0.000000000000000000e+00 1.000000000000000000e+00 1.000000000000000000e+00 0.000000000000000000e+00
1.000000000000000000e+00 0.000000000000000000e+00 8.874627010740146482e-02 6.341674685328279049e-01 2.753857219225348540e-01 1.700539437235748736e-03 0.000000000000000000e+00 1.000000000000000000e+00 0.000000000000000000e+00 0.000000000000000000e+00
1.000000000000000000e+00 5.927114739757982642e-01 2.646963114156583030e-01 2.149817757690625566e-02 0.000000000000000000e+00 0.000000000000000000e+00 0.000000000000000000e+00 1.000000000000000000e+00 0.000000000000000000e+00 1.000000000000000000e+00
1.000000000000000000e+00 0.000000000000000000e+00 1.033077708120717364e-01 6.465494484132769948e-01 2.493426641395733168e-01 8.001166350779997591e-04 0.000000000000000000e+00 0.000000000000000000e+00 0.000000000000000000e+00 0.000000000000000000e+00
1.000000000000000000e+00 1.607721242163580588e-01 5.956314331535209616e-01 2.431693638528454326e-01 4.270787772755990338e-04 0.000000000000000000e+00 0.000000000000000000e+00 1.000000000000000000e+00 1.000000000000000000e+00 0.000000000000000000e+00
1.000000000000000000e+00 3.644846187490887596e-02 4.832823054867084744e-01 4.625552801671769521e-01 1.771395247120571489e-02 0.000000000000000000e+00 0.000000000000000000e+00 0.000000000000000000e+00 0.000000000000000000e+00 0.000000000000000000e+00
1.000000000000000000e+00 0.000000000000000000e+00 0.000000000000000000e+00 1.324725664576954787e-01 5.584922972250571105e-01 3.086350779997084071e-01 4.000583175389998795e-04 0.000000000000000000e+00 0.000000000000000000e+00 0.000000000000000000e+00
1.000000000000000000e+00 0.000000000000000000e+00 1.370401905039607127e-01 6.628037128833162983e-01 2.000931136706031177e-01 6.298294211984254928e-05 0.000000000000000000e+00 0.000000000000000000e+00 0.000000000000000000e+00 0.000000000000000000e+00
1.000000000000000000e+00 0.000000000000000000e+00 1.193808621276182119e-01 6.561695096466928501e-01 2.241580405306896340e-01 2.915876949992710228e-04 0.000000000000000000e+00 0.000000000000000000e+00 0.000000000000000000e+00 0.000000000000000000e+00
1.000000000000000000e+00 0.000000000000000000e+00 3.599999999999999728e-02 5.386666666666666270e-01 4.093333333333333268e-01 1.600000000000000033e-02 0.000000000000000000e+00 0.000000000000000000e+00 0.000000000000000000e+00 0.000000000000000000e+00
1.000000000000000000e+00 0.000000000000000000e+00 1.033077708120717364e-01 6.465494484132769948e-01 2.493426641395733168e-01 8.001166350779997591e-04 0.000000000000000000e+00 1.000000000000000000e+00 1.000000000000000000e+00 0.000000000000000000e+00
1.000000000000000000e+00 0.000000000000000000e+00 4.412324439908635321e-02 5.614991495358896412e-01 3.829170433007727525e-01 1.146056276425134850e-02 0.000000000000000000e+00 0.000000000000000000e+00 0.000000000000000000e+00 0.000000000000000000e+00
1.000000000000000000e+00 0.000000000000000000e+00 1.771395247120571489e-02 4.625552801671769521e-01 4.832823054867084744e-01 3.644846187490887596e-02 0.000000000000000000e+00 0.000000000000000000e+00 0.000000000000000000e+00 0.000000000000000000e+00
1.000000000000000000e+00 0.000000000000000000e+00 8.874627010740146482e-02 6.341674685328279049e-01 2.753857219225348540e-01 1.700539437235748736e-03 0.000000000000000000e+00 0.000000000000000000e+00 0.000000000000000000e+00 0.000000000000000000e+00
1.000000000000000000e+00 0.000000000000000000e+00 2.287000048597948379e-02 4.889707926325508325e-01 4.597772270010205276e-01 2.838197988044904516e-02 0.000000000000000000e+00 1.000000000000000000e+00 0.000000000000000000e+00 0.000000000000000000e+00
1.000000000000000000e+00 0.000000000000000000e+00 3.599999999999999728e-02 5.386666666666666270e-01 4.093333333333333268e-01 1.600000000000000033e-02 0.000000000000000000e+00 0.000000000000000000e+00 0.000000000000000000e+00 0.000000000000000000e+00
1.000000000000000000e+00 0.000000000000000000e+00 6.385945473101035941e-02 6.020135102298682650e-01 3.290020897118141607e-01 5.124945327307188839e-03 0.000000000000000000e+00 0.000000000000000000e+00 0.000000000000000000e+00 0.000000000000000000e+00
1.000000000000000000e+00 0.000000000000000000e+00 4.412324439908635321e-02 5.614991495358896412e-01 3.829170433007727525e-01 1.146056276425134850e-02 0.000000000000000000e+00 0.000000000000000000e+00 0.000000000000000000e+00 0.000000000000000000e+00
1.000000000000000000e+00 2.160314914710598916e-02 4.350404820916556892e-01 5.144159012489673000e-01 2.894046751227098008e-02 0.000000000000000000e+00 0.000000000000000000e+00 0.000000000000000000e+00 1.000000000000000000e+00 0.000000000000000000e+00
1.000000000000000000e+00 0.000000000000000000e+00 3.599999999999999728e-02 5.386666666666666270e-01 4.093333333333333268e-01 1.600000000000000033e-02 0.000000000000000000e+00 0.000000000000000000e+00 0.000000000000000000e+00 0.000000000000000000e+00
1.000000000000000000e+00 0.000000000000000000e+00 3.599999999999999728e-02 5.386666666666666270e-01 4.093333333333333268e-01 1.600000000000000033e-02 0.000000000000000000e+00 0.000000000000000000e+00 0.000000000000000000e+00 0.000000000000000000e+00
1.000000000000000000e+00 0.000000000000000000e+00 4.412324439908635321e-02 5.614991495358896412e-01 3.829170433007727525e-01 1.146056276425134850e-02 0.000000000000000000e+00 1.000000000000000000e+00 1.000000000000000000e+00 0.000000000000000000e+00
1.000000000000000000e+00 0.000000000000000000e+00 5.338484715944986220e-02 5.826894105068765040e-01 3.560528745686931673e-01 7.872867764980317346e-03 0.000000000000000000e+00 1.000000000000000000e+00 0.000000000000000000e+00 0.000000000000000000e+00
1.000000000000000000e+00 0.000000000000000000e+00 1.033077708120717364e-01 6.465494484132769948e-01 2.493426641395733168e-01 8.001166350779997591e-04 0.000000000000000000e+00 1.000000000000000000e+00 0.000000000000000000e+00 0.000000000000000000e+00
1.000000000000000000e+00 0.000000000000000000e+00 2.894046751227098008e-02 5.144159012489673000e-01 4.350404820916556892e-01 2.160314914710598916e-02 0.000000000000000000e+00 0.000000000000000000e+00 0.000000000000000000e+00 0.000000000000000000e+00
1.000000000000000000e+00 0.000000000000000000e+00 8.874627010740146482e-02 6.341674685328279049e-01 2.753857219225348540e-01 1.700539437235748736e-03 0.000000000000000000e+00 0.000000000000000000e+00 0.000000000000000000e+00 0.000000000000000000e+00
1.000000000000000000e+00 0.000000000000000000e+00 9.846527676532049883e-03 4.077088010885940861e-01 5.255524128881761126e-01 5.689225834669777576e-02 0.000000000000000000e+00 1.000000000000000000e+00 0.000000000000000000e+00 0.000000000000000000e+00
1.000000000000000000e+00 0.000000000000000000e+00 9.846527676532049883e-03 4.077088010885940861e-01 5.255524128881761126e-01 5.689225834669777576e-02 0.000000000000000000e+00 1.000000000000000000e+00 0.000000000000000000e+00 0.000000000000000000e+00
1.000000000000000000e+00 0.000000000000000000e+00 1.800262428925499241e-03 2.962243281333528100e-01 5.838170773193371854e-01 1.181583321183845986e-01 0.000000000000000000e+00 1.000000000000000000e+00 0.000000000000000000e+00 0.000000000000000000e+00
1.000000000000000000e+00 8.383029596151041207e-02 5.597607036983038853e-01 3.516679788112941907e-01 4.741021528891480735e-03 0.000000000000000000e+00 0.000000000000000000e+00 0.000000000000000000e+00 0.000000000000000000e+00 0.000000000000000000e+00
1.000000000000000000e+00 0.000000000000000000e+00 2.894046751227098008e-02 5.144159012489673000e-01 4.350404820916556892e-01 2.160314914710598916e-02 0.000000000000000000e+00 0.000000000000000000e+00 0.000000000000000000e+00 0.000000000000000000e+00
1.000000000000000000e+00 0.000000000000000000e+00 1.771395247120571489e-02 4.625552801671769521e-01 4.832823054867084744e-01 3.644846187490887596e-02 0.000000000000000000e+00 0.000000000000000000e+00 0.000000000000000000e+00 0.000000000000000000e+00
1.000000000000000000e+00 5.980253681294649404e-01 2.306979637459299348e-01 1.655907080721193483e-02 0.000000000000000000e+00 0.000000000000000000e+00 0.000000000000000000e+00 0.000000000000000000e+00 0.000000000000000000e+00 1.000000000000000000e+00
1.000000000000000000e+00 0.000000000000000000e+00 0.000000000000000000e+00 7.962287991446760594e-04 3.816921805899790854e-02 3.859781309228750290e-01 5.750564222189823438e-01 1.000000000000000000e+00 0.000000000000000000e+00 0.000000000000000000e+00
1.000000000000000000e+00 1.700539437235748736e-03 2.753857219225348540e-01 6.341674685328279049e-01 8.874627010740146482e-02 0.000000000000000000e+00 0.000000000000000000e+00 0.000000000000000000e+00 0.000000000000000000e+00 0.000000000000000000e+00
1.000000000000000000e+00 0.000000000000000000e+00 7.562171356368760367e-02 6.192475093551051968e-01 3.020259513048549338e-01 3.104825776352238432e-03 0.000000000000000000e+00 0.000000000000000000e+00 0.000000000000000000e+00 0.000000000000000000e+00
1.000000000000000000e+00 0.000000000000000000e+00 1.033077708120717364e-01 6.465494484132769948e-01 2.493426641395733168e-01 8.001166350779997591e-04 0.000000000000000000e+00 1.000000000000000000e+00 0.000000000000000000e+00 0.000000000000000000e+00
1.000000000000000000e+00 0.000000000000000000e+00 8.874627010740146482e-02 6.341674685328279049e-01 2.753857219225348540e-01 1.700539437235748736e-03 0.000000000000000000e+00 1.000000000000000000e+00 0.000000000000000000e+00 0.000000000000000000e+00
1.000000000000000000e+00 0.000000000000000000e+00 3.037371822909073430e-03 3.237595373475238847e-01 5.731885114448169727e-01 1.000145793847499465e-01 0.000000000000000000e+00 1.000000000000000000e+00 0.000000000000000000e+00 0.000000000000000000e+00
1.000000000000000000e+00 0.000000000000000000e+00 1.370401905039607127e-01 6.628037128833162983e-01 2.000931136706031177e-01 6.298294211984254928e-05 0.000000000000000000e+00 1.000000000000000000e+00 0.000000000000000000e+00 0.000000000000000000e+00
1.000000000000000000e+00 1.700539437235748736e-03 2.753857219225348540e-01 6.341674685328279049e-01 8.874627010740146482e-02 0.000000000000000000e+00 0.000000000000000000e+00 0.000000000000000000e+00 1.000000000000000000e+00 0.000000000000000000e+00
1.000000000000000000e+00 0.000000000000000000e+00 1.033077708120717364e-01 6.465494484132769948e-01 2.493426641395733168e-01 8.001166350779997591e-04 0.000000000000000000e+00 0.000000000000000000e+00 0.000000000000000000e+00 0.000000000000000000e+00
1.000000000000000000e+00 0.000000000000000000e+00 5.338484715944986220e-02 5.826894105068765040e-01 3.560528745686931673e-01 7.872867764980317346e-03 0.000000000000000000e+00 0.000000000000000000e+00 0.000000000000000000e+00 0.000000000000000000e+00
1.000000000000000000e+00 1.700539437235748736e-03 2.753857219225348540e-01 6.341674685328279049e-01 8.874627010740146482e-02 0.000000000000000000e+00 0.000000000000000000e+00 0.000000000000000000e+00 0.000000000000000000e+00 0.000000000000000000e+00
1.000000000000000000e+00 0.000000000000000000e+00 1.370401905039607127e-01 6.628037128833162983e-01 2.000931136706031177e-01 6.298294211984254928e-05 0.000000000000000000e+00 1.000000000000000000e+00 0.000000000000000000e+00 0.000000000000000000e+00
1.000000000000000000e+00 5.137915147980753883e-01 4.005030859697720214e-01 5.095864314525926780e-02 0.000000000000000000e+00 0.000000000000000000e+00 0.000000000000000000e+00 0.000000000000000000e+00 0.000000000000000000e+00 1.000000000000000000e+00
1.000000000000000000e+00 0.000000000000000000e+00 4.412324439908635321e-02 5.614991495358896412e-01 3.829170433007727525e-01 1.146056276425134850e-02 0.000000000000000000e+00 0.000000000000000000e+00 0.000000000000000000e+00 0.000000000000000000e+00
1.000000000000000000e+00 0.000000000000000000e+00 6.385945473101035941e-02 6.020135102298682650e-01 3.290020897118141607e-01 5.124945327307188839e-03 0.000000000000000000e+00 0.000000000000000000e+00 1.000000000000000000e+00 0.000000000000000000e+00
1.000000000000000000e+00 0.000000000000000000e+00 1.339767701802983824e-02 4.353933032026047756e-01 5.052944549740000513e-01 4.591456480536521001e-02 0.000000000000000000e+00 1.000000000000000000e+00 0.000000000000000000e+00 0.000000000000000000e+00
1.000000000000000000e+00 5.858673275987752449e-01 1.655191718909461984e-01 9.069543665257327747e-03 0.000000000000000000e+00 0.000000000000000000e+00 0.000000000000000000e+00 0.000000000000000000e+00 0.000000000000000000e+00 1.000000000000000000e+00
1.000000000000000000e+00 0.000000000000000000e+00 6.985857996792534629e-03 3.797257131749040004e-01 5.437949166545170687e-01 6.949351217378625656e-02 0.000000000000000000e+00 0.000000000000000000e+00 0.000000000000000000e+00 0.000000000000000000e+00
1.000000000000000000e+00 0.000000000000000000e+00 1.033077708120717364e-01 6.465494484132769948e-01 2.493426641395733168e-01 8.001166350779997591e-04 0.000000000000000000e+00 1.000000000000000000e+00 0.000000000000000000e+00 0.000000000000000000e+00
1.000000000000000000e+00 2.332701559994168037e-06 1.774091461340331632e-01 6.662281187733877230e-01 1.563604023910190877e-01 0.000000000000000000e+00 0.000000000000000000e+00 1.000000000000000000e+00 1.000000000000000000e+00 0.000000000000000000e+00
1.000000000000000000e+00 6.949351217378625656e-02 5.437949166545170687e-01 3.797257131749040004e-01 6.985857996792534629e-03 0.000000000000000000e+00 0.000000000000000000e+00 0.000000000000000000e+00 0.000000000000000000e+00 1.000000000000000000e+00
1.000000000000000000e+00 0.000000000000000000e+00 1.193808621276182119e-01 6.561695096466928501e-01 2.241580405306896340e-01 2.915876949992710228e-04 0.000000000000000000e+00 0.000000000000000000e+00 0.000000000000000000e+00 0.000000000000000000e+00
1.000000000000000000e+00 0.000000000000000000e+00 1.563604023910190877e-01 6.662281187733877230e-01 1.774091461340331632e-01 2.332701559994168037e-06 0.000000000000000000e+00 0.000000000000000000e+00 0.000000000000000000e+00 0.000000000000000000e+00
1.000000000000000000e+00 0.000000000000000000e+00 1.800262428925499241e-03 2.962243281333528100e-01 5.838170773193371854e-01 1.181583321183845986e-01 0.000000000000000000e+00 1.000000000000000000e+00 0.000000000000000000e+00 0.000000000000000000e+00
1.000000000000000000e+00 5.124945327307188839e-03 3.290020897118141607e-01 6.020135102298682650e-01 6.385945473101035941e-02 0.000000000000000000e+00 0.000000000000000000e+00 0.000000000000000000e+00 1.000000000000000000e+00 0.000000000000000000e+00
1.000000000000000000e+00 0.000000000000000000e+00 1.339767701802983824e-02 4.353933032026047756e-01 5.052944549740000513e-01 4.591456480536521001e-02 0.000000000000000000e+00 1.000000000000000000e+00 0.000000000000000000e+00 0.000000000000000000e+00
1.000000000000000000e+00 0.000000000000000000e+00 1.339767701802983824e-02 4.353933032026047756e-01 5.052944549740000513e-01 4.591456480536521001e-02 0.000000000000000000e+00 0.000000000000000000e+00 0.000000000000000000e+00 0.000000000000000000e+00
1.000000000000000000e+00 0.000000000000000000e+00 4.412324439908635321e-02 5.614991495358896412e-01 3.829170433007727525e-01 1.146056276425134850e-02 0.000000000000000000e+00 0.000000000000000000e+00 0.000000000000000000e+00 0.000000000000000000e+00
1.000000000000000000e+00 0.000000000000000000e+00 3.599999999999999728e-02 5.386666666666666270e-01 4.093333333333333268e-01 1.600000000000000033e-02 0.000000000000000000e+00 1.000000000000000000e+00 0.000000000000000000e+00 0.000000000000000000e+00
1.000000000000000000e+00 0.000000000000000000e+00 6.985857996792534629e-03 3.797257131749040004e-01 5.437949166545170687e-01 6.949351217378625656e-02 0.000000000000000000e+00 0.000000000000000000e+00 0.000000000000000000e+00 0.000000000000000000e+00
1.000000000000000000e+00 0.000000000000000000e+00 0.000000000000000000e+00 1.244107498663556343e-05 2.590853865966856115e-03 1.184685814258638337e-01 8.789281236331826230e-01 1.000000000000000000e+00 0.000000000000000000e+00 0.000000000000000000e+00
1.000000000000000000e+00 4.989088788453127643e-01 8.095407493803762067e-02 2.687272197113281958e-03 0.000000000000000000e+00 0.000000000000000000e+00 0.000000000000000000e+00 1.000000000000000000e+00 0.000000000000000000e+00 1.000000000000000000e+00
1.000000000000000000e+00 1.700539437235748736e-03 2.753857219225348540e-01 6.341674685328279049e-01 8.874627010740146482e-02 0.000000000000000000e+00 0.000000000000000000e+00 1.000000000000000000e+00 0.000000000000000000e+00 0.000000000000000000e+00
1.000000000000000000e+00 0.000000000000000000e+00 0.000000000000000000e+00 9.952859989308450743e-05 1.008971181416144086e-02 2.217652719055255850e-01 7.680454876804199138e-01 1.000000000000000000e+00 0.000000000000000000e+00 0.000000000000000000e+00
1.000000000000000000e+00 2.160314914710598916e-02 4.350404820916556892e-01 5.144159012489673000e-01 2.894046751227098008e-02 0.000000000000000000e+00 0.000000000000000000e+00 1.000000000000000000e+00 0.000000000000000000e+00 1.000000000000000000e+00
1.000000000000000000e+00 2.838197988044904516e-02 4.597772270010205276e-01 4.889707926325508325e-01 2.287000048597948379e-02 0.000000000000000000e+00 0.000000000000000000e+00 0.000000000000000000e+00 0.000000000000000000e+00 1.000000000000000000e+00
1.000000000000000000e+00 2.915876949992710228e-04 2.241580405306896340e-01 6.561695096466928501e-01 1.193808621276182119e-01 0.000000000000000000e+00 0.000000000000000000e+00 1.000000000000000000e+00 1.000000000000000000e+00 0.000000000000000000e+00
1.000000000000000000e+00 3.106738591631432733e-01 2.208601837002478752e-02 3.359090246391602448e-04 0.000000000000000000e+00 0.000000000000000000e+00 0.000000000000000000e+00 1.000000000000000000e+00 0.000000000000000000e+00 1.000000000000000000e+00
1.000000000000000000e+00 0.000000000000000000e+00 9.846527676532049883e-03 4.077088010885940861e-01 5.255524128881761126e-01 5.689225834669777576e-02 0.000000000000000000e+00 1.000000000000000000e+00 0.000000000000000000e+00 0.000000000000000000e+00
