1.000000000000000000e+00 0.000000000000000000e+00 0.000000000000000000e+00 1.116536458333333287e-01 5.343424479166666297e-01 3.520507812500000000e-01 1.953125000000000000e-03 0.000000000000000000e+00
1.000000000000000000e+00 6.103515625000000000e-05 1.997273763020833148e-01 6.628824869791666297e-01 1.373291015625000000e-01 0.000000000000000000e+00 0.000000000000000000e+00 0.000000000000000000e+00
1.000000000000000000e+00 4.570312500000000000e-01 4.570312500000000000e-01 7.031250000000000000e-02 0.000000000000000000e+00 0.000000000000000000e+00 0.000000000000000000e+00 0.000000000000000000e+00
1.000000000000000000e+00 0.000000000000000000e+00 5.415852864583333565e-02 5.842692057291667407e-01 3.539428710937500000e-01 7.629394531250000000e-03 0.000000000000000000e+00 0.000000000000000000e+00
1.000000000000000000e+00 4.570312500000000000e-01 4.570312500000000000e-01 7.031250000000000000e-02 0.000000000000000000e+00 0.000000000000000000e+00 0.000000000000000000e+00 0.000000000000000000e+00
1.000000000000000000e+00 5.444335937500000000e-01 3.621419270833333703e-01 4.069010416666667129e-02 0.000000000000000000e+00 0.000000000000000000e+00 0.000000000000000000e+00 0.000000000000000000e+00
1.000000000000000000e+00 0.000000000000000000e+00 0.000000000000000000e+00 1.116536458333333287e-01 5.343424479166666297e-01 3.520507812500000000e-01 1.953125000000000000e-03 1.000000000000000000e+00
1.000000000000000000e+00 0.000000000000000000e+00 8.789062500000000000e-03 3.981119791666666297e-01 5.320638020833332593e-01 6.103515625000000000e-02 0.000000000000000000e+00 0.000000000000000000e+00
1.000000000000000000e+00 6.103515625000000000e-02 5.320638020833332593e-01 3.981119791666666297e-01 8.789062500000000000e-03 0.000000000000000000e+00 0.000000000000000000e+00 0.000000000000000000e+00
1.000000000000000000e+00 0.000000000000000000e+00 8.939615885416667129e-02 6.348063151041666297e-01 2.741495768229166297e-01 1.647949218750000000e-03 0.000000000000000000e+00 1.000000000000000000e+00
1.000000000000000000e+00 0.000000000000000000e+00 0.000000000000000000e+00 1.373291015625000000e-01 5.630493164062500000e-01 2.993774414062500000e-01 2.441406250000000000e-04 0.000000000000000000e+00
1.000000000000000000e+00 0.000000000000000000e+00 2.966308593750000000e-02 5.171305338541666297e-01 4.322713216145833148e-01 2.093505859375000000e-02 0.000000000000000000e+00 1.000000000000000000e+00
1.000000000000000000e+00 0.000000000000000000e+00 0.000000000000000000e+00 1.373291015625000000e-01 5.630493164062500000e-01 2.993774414062500000e-01 2.441406250000000000e-04 0.000000000000000000e+00
1.000000000000000000e+00 1.340942382812500000e-01 5.901082356770832593e-01 2.746988932291666297e-01 1.098632812500000000e-03 0.000000000000000000e+00 0.000000000000000000e+00 0.000000000000000000e+00
1.000000000000000000e+00 0.000000000000000000e+00 1.116536458333333287e-01 6.520182291666666297e-01 2.358398437500000000e-01 4.882812500000000000e-04 0.000000000000000000e+00 0.000000000000000000e+00
1.000000000000000000e+00 0.000000000000000000e+00 8.789062500000000000e-03 3.981119791666666297e-01 5.320638020833332593e-01 6.103515625000000000e-02 0.000000000000000000e+00 0.000000000000000000e+00
1.000000000000000000e+00 2.500000000000000000e-01 5.833333333333332593e-01 1.666666666666666574e-01 0.000000000000000000e+00 0.000000000000000000e+00 0.000000000000000000e+00 0.000000000000000000e+00
1.000000000000000000e+00 1.340942382812500000e-01 5.901082356770832593e-01 2.746988932291666297e-01 1.098632812500000000e-03 0.000000000000000000e+00 0.000000000000000000e+00 0.000000000000000000e+00
1.000000000000000000e+00 1.054687500000000000e-01 5.768229166666666297e-01 3.151041666666666297e-01 2.604166666666666522e-03 0.000000000000000000e+00 0.000000000000000000e+00 1.000000000000000000e+00
1.000000000000000000e+00 1.340942382812500000e-01 5.901082356770832593e-01 2.746988932291666297e-01 1.098632812500000000e-03 0.000000000000000000e+00 0.000000000000000000e+00 1.000000000000000000e+00
1.000000000000000000e+00 2.993774414062500000e-01 5.630493164062500000e-01 1.373291015625000000e-01 0.000000000000000000e+00 0.000000000000000000e+00 0.000000000000000000e+00 0.000000000000000000e+00
1.000000000000000000e+00 2.500000000000000000e-01 5.833333333333332593e-01 1.666666666666666574e-01 0.000000000000000000e+00 0.000000000000000000e+00 0.000000000000000000e+00 1.000000000000000000e+00
1.000000000000000000e+00 6.103515625000000000e-05 1.997273763020833148e-01 6.628824869791666297e-01 1.373291015625000000e-01 0.000000000000000000e+00 0.000000000000000000e+00 1.000000000000000000e+00
1.000000000000000000e+00 5.977172851562500000e-01 2.103474934895833148e-01 1.395670572916666609e-02 0.000000000000000000e+00 0.000000000000000000e+00 0.000000000000000000e+00 1.000000000000000000e+00
1.000000000000000000e+00 4.449462890625000000e-02 5.022989908854166297e-01 4.392496744791666297e-01 1.395670572916666609e-02 0.000000000000000000e+00 0.000000000000000000e+00 0.000000000000000000e+00
1.000000000000000000e+00 3.520507812500000000e-01 5.343424479166666297e-01 1.116536458333333287e-01 0.000000000000000000e+00 0.000000000000000000e+00 0.000000000000000000e+00 1.000000000000000000e+00
1.000000000000000000e+00 0.000000000000000000e+00 1.373291015625000000e-01 6.628824869791666297e-01 1.997273763020833148e-01 6.103515625000000000e-05 0.000000000000000000e+00 1.000000000000000000e+00
1.000000000000000000e+00 1.647949218750000000e-03 2.741495768229166297e-01 6.348063151041666297e-01 8.939615885416667129e-02 0.000000000000000000e+00 0.000000000000000000e+00 0.000000000000000000e+00
1.000000000000000000e+00 0.000000000000000000e+00 7.031250000000000000e-02 6.119791666666666297e-01 3.138020833333333148e-01 3.906250000000000000e-03 0.000000000000000000e+00 1.000000000000000000e+00
1.000000000000000000e+00 1.647949218750000000e-03 2.741495768229166297e-01 6.348063151041666297e-01 8.939615885416667129e-02 0.000000000000000000e+00 0.000000000000000000e+00 0.000000000000000000e+00
1.000000000000000000e+00 0.000000000000000000e+00 4.069010416666666441e-05 1.997477213541666574e-01 5.942179361979166297e-01 2.059936523437500000e-01 0.000000000000000000e+00 0.000000000000000000e+00
1.000000000000000000e+00 4.054565429687500000e-01 4.985555013020833703e-01 8.939615885416667129e-02 0.000000000000000000e+00 0.000000000000000000e+00 0.000000000000000000e+00 0.000000000000000000e+00
1.000000000000000000e+00 5.042114257812500000e-01 4.111124674479166852e-01 5.415852864583333565e-02 0.000000000000000000e+00 0.000000000000000000e+00 0.000000000000000000e+00 1.000000000000000000e+00
1.000000000000000000e+00 2.993774414062500000e-01 5.630493164062500000e-01 1.373291015625000000e-01 0.000000000000000000e+00 0.000000000000000000e+00 0.000000000000000000e+00 1.000000000000000000e+00
1.000000000000000000e+00 0.000000000000000000e+00 1.116536458333333287e-01 6.520182291666666297e-01 2.358398437500000000e-01 4.882812500000000000e-04 0.000000000000000000e+00 1.000000000000000000e+00
1.000000000000000000e+00 1.703491210937500000e-01 5.635579427083333044e-03 4.069010416666666441e-05 0.000000000000000000e+00 0.000000000000000000e+00 0.000000000000000000e+00 1.000000000000000000e+00
1.000000000000000000e+00 0.000000000000000000e+00 8.789062500000000000e-03 3.981119791666666297e-01 5.320638020833332593e-01 6.103515625000000000e-02 0.000000000000000000e+00 1.000000000000000000e+00
1.000000000000000000e+00 3.906250000000000000e-03 3.138020833333333148e-01 6.119791666666666297e-01 7.031250000000000000e-02 0.000000000000000000e+00 0.000000000000000000e+00 0.000000000000000000e+00
1.000000000000000000e+00 6.103515625000000000e-02 5.320638020833332593e-01 3.981119791666666297e-01 8.789062500000000000e-03 0.000000000000000000e+00 0.000000000000000000e+00 1.000000000000000000e+00
1.000000000000000000e+00 0.000000000000000000e+00 1.098632812500000000e-03 2.746988932291666297e-01 5.901082356770832593e-01 1.340942382812500000e-01 0.000000000000000000e+00 1.000000000000000000e+00
1.000000000000000000e+00 1.054687500000000000e-01 5.768229166666666297e-01 3.151041666666666297e-01 2.604166666666666522e-03 0.000000000000000000e+00 0.000000000000000000e+00 0.000000000000000000e+00
1.000000000000000000e+00 2.993774414062500000e-01 5.630493164062500000e-01 1.373291015625000000e-01 0.000000000000000000e+00 0.000000000000000000e+00 0.000000000000000000e+00 0.000000000000000000e+00
1.000000000000000000e+00 2.993774414062500000e-01 5.630493164062500000e-01 1.373291015625000000e-01 0.000000000000000000e+00 0.000000000000000000e+00 0.000000000000000000e+00 1.000000000000000000e+00
1.000000000000000000e+00 0.000000000000000000e+00 4.069010416666667129e-02 5.524088541666666297e-01 3.937174479166666297e-01 1.318359375000000000e-02 0.000000000000000000e+00 0.000000000000000000e+00
1.000000000000000000e+00 0.000000000000000000e+00 4.069010416666667129e-02 5.524088541666666297e-01 3.937174479166666297e-01 1.318359375000000000e-02 0.000000000000000000e+00 0.000000000000000000e+00
1.000000000000000000e+00 0.000000000000000000e+00 3.255208333333333153e-04 2.360026041666666574e-01 5.961914062500000000e-01 1.674804687500000000e-01 0.000000000000000000e+00 1.000000000000000000e+00
1.000000000000000000e+00 0.000000000000000000e+00 1.373291015625000000e-01 6.628824869791666297e-01 1.997273763020833148e-01 6.103515625000000000e-05 0.000000000000000000e+00 1.000000000000000000e+00
1.000000000000000000e+00 0.000000000000000000e+00 1.395670572916666609e-02 4.392496744791666297e-01 5.022989908854166297e-01 4.449462890625000000e-02 0.000000000000000000e+00 0.000000000000000000e+00
1.000000000000000000e+00 0.000000000000000000e+00 1.116536458333333287e-01 6.520182291666666297e-01 2.358398437500000000e-01 4.882812500000000000e-04 0.000000000000000000e+00 0.000000000000000000e+00
1.000000000000000000e+00 0.000000000000000000e+00 0.000000000000000000e+00 1.116536458333333287e-01 5.343424479166666297e-01 3.520507812500000000e-01 1.953125000000000000e-03 0.000000000000000000e+00
1.000000000000000000e+00 2.500000000000000000e-01 5.833333333333332593e-01 1.666666666666666574e-01 0.000000000000000000e+00 0.000000000000000000e+00 0.000000000000000000e+00 1.000000000000000000e+00
1.000000000000000000e+00 4.570312500000000000e-01 4.570312500000000000e-01 7.031250000000000000e-02 0.000000000000000000e+00 0.000000000000000000e+00 0.000000000000000000e+00 1.000000000000000000e+00
1.000000000000000000e+00 1.340942382812500000e-01 5.901082356770832593e-01 2.746988932291666297e-01 1.098632812500000000e-03 0.000000000000000000e+00 0.000000000000000000e+00 1.000000000000000000e+00
1.000000000000000000e+00 1.318359375000000000e-02 3.937174479166666297e-01 5.524088541666666297e-01 4.069010416666667129e-02 0.000000000000000000e+00 0.000000000000000000e+00 1.000000000000000000e+00
1.000000000000000000e+00 5.751342773437500000e-01 3.114624023437500000e-01 2.966308593750000000e-02 0.000000000000000000e+00 0.000000000000000000e+00 0.000000000000000000e+00 0.000000000000000000e+00
1.000000000000000000e+00 1.054687500000000000e-01 5.768229166666666297e-01 3.151041666666666297e-01 2.604166666666666522e-03 0.000000000000000000e+00 0.000000000000000000e+00 0.000000000000000000e+00
1.000000000000000000e+00 3.081054687500000000e-01 2.164713541666666435e-02 3.255208333333333153e-04 0.000000000000000000e+00 0.000000000000000000e+00 0.000000000000000000e+00 1.000000000000000000e+00
1.000000000000000000e+00 0.000000000000000000e+00 2.966308593750000000e-02 5.171305338541666297e-01 4.322713216145833148e-01 2.093505859375000000e-02 0.000000000000000000e+00 1.000000000000000000e+00
1.000000000000000000e+00 1.647949218750000000e-03 2.741495768229166297e-01 6.348063151041666297e-01 8.939615885416667129e-02 0.000000000000000000e+00 0.000000000000000000e+00 1.000000000000000000e+00
1.000000000000000000e+00 0.000000000000000000e+00 0.000000000000000000e+00 1.116536458333333287e-01 5.343424479166666297e-01 3.520507812500000000e-01 1.953125000000000000e-03 1.000000000000000000e+00
1.000000000000000000e+00 1.318359375000000000e-02 3.937174479166666297e-01 5.524088541666666297e-01 4.069010416666667129e-02 0.000000000000000000e+00 0.000000000000000000e+00 1.000000000000000000e+00
1.000000000000000000e+00 5.937500000000000000e-01 2.604166666666666297e-01 2.083333333333333218e-02 0.000000000000000000e+00 0.000000000000000000e+00 0.000000000000000000e+00 0.000000000000000000e+00
1.000000000000000000e+00 4.882812500000000000e-04 2.358398437500000000e-01 6.520182291666666297e-01 1.116536458333333287e-01 0.000000000000000000e+00 0.000000000000000000e+00 1.000000000000000000e+00
1.000000000000000000e+00 5.444335937500000000e-01 3.621419270833333703e-01 4.069010416666667129e-02 0.000000000000000000e+00 0.000000000000000000e+00 0.000000000000000000e+00 0.000000000000000000e+00
1.000000000000000000e+00 8.123779296875000000e-02 5.571899414062500000e-01 3.564860026041666852e-01 5.086263020833333912e-03 0.000000000000000000e+00 0.000000000000000000e+00 0.000000000000000000e+00
1.000000000000000000e+00 4.054565429687500000e-01 4.985555013020833703e-01 8.939615885416667129e-02 0.000000000000000000e+00 0.000000000000000000e+00 0.000000000000000000e+00 1.000000000000000000e+00
1.000000000000000000e+00 5.042114257812500000e-01 4.111124674479166852e-01 5.415852864583333565e-02 0.000000000000000000e+00 0.000000000000000000e+00 0.000000000000000000e+00 0.000000000000000000e+00
1.000000000000000000e+00 1.318359375000000000e-02 3.937174479166666297e-01 5.524088541666666297e-01 4.069010416666667129e-02 0.000000000000000000e+00 0.000000000000000000e+00 1.000000000000000000e+00
1.000000000000000000e+00 0.000000000000000000e+00 4.069010416666667129e-02 5.524088541666666297e-01 3.937174479166666297e-01 1.318359375000000000e-02 0.000000000000000000e+00 0.000000000000000000e+00
1.000000000000000000e+00 3.520507812500000000e-01 5.343424479166666297e-01 1.116536458333333287e-01 0.000000000000000000e+00 0.000000000000000000e+00 0.000000000000000000e+00 0.000000000000000000e+00
1.000000000000000000e+00 5.844726562500000000e-01 1.625976562500000000e-01 8.789062500000000000e-03 0.000000000000000000e+00 0.000000000000000000e+00 0.000000000000000000e+00 0.000000000000000000e+00
1.000000000000000000e+00 0.000000000000000000e+00 1.395670572916666609e-02 4.392496744791666297e-01 5.022989908854166297e-01 4.449462890625000000e-02 0.000000000000000000e+00 1.000000000000000000e+00
1.000000000000000000e+00 5.937500000000000000e-01 2.604166666666666297e-01 2.083333333333333218e-02 0.000000000000000000e+00 0.000000000000000000e+00 0.000000000000000000e+00 0.000000000000000000e+00
1.000000000000000000e+00 0.000000000000000000e+00 5.086263020833333912e-03 3.564860026041666852e-01 5.571899414062500000e-01 8.123779296875000000e-02 0.000000000000000000e+00 1.000000000000000000e+00
1.000000000000000000e+00 0.000000000000000000e+00 4.069010416666667129e-02 5.524088541666666297e-01 3.937174479166666297e-01 1.318359375000000000e-02 0.000000000000000000e+00 0.000000000000000000e+00
1.000000000000000000e+00 0.000000000000000000e+00 0.000000000000000000e+00 1.666666666666666574e-01 5.833333333333332593e-01 2.500000000000000000e-01 0.000000000000000000e+00 0.000000000000000000e+00
1.000000000000000000e+00 6.103515625000000000e-05 1.997273763020833148e-01 6.628824869791666297e-01 1.373291015625000000e-01 0.000000000000000000e+00 0.000000000000000000e+00 0.000000000000000000e+00
1.000000000000000000e+00 4.882812500000000000e-04 2.358398437500000000e-01 6.520182291666666297e-01 1.116536458333333287e-01 0.000000000000000000e+00 0.000000000000000000e+00 0.000000000000000000e+00
1.000000000000000000e+00 1.318359375000000000e-02 3.937174479166666297e-01 5.524088541666666297e-01 4.069010416666667129e-02 0.000000000000000000e+00 0.000000000000000000e+00 0.000000000000000000e+00
1.000000000000000000e+00 2.500000000000000000e-01 5.833333333333332593e-01 1.666666666666666574e-01 0.000000000000000000e+00 0.000000000000000000e+00 0.000000000000000000e+00 1.000000000000000000e+00
1.000000000000000000e+00 4.449462890625000000e-02 5.022989908854166297e-01 4.392496744791666297e-01 1.395670572916666609e-02 0.000000000000000000e+00 0.000000000000000000e+00 1.000000000000000000e+00
1.000000000000000000e+00 5.514526367187500000e-01 1.185099283854166713e-01 5.086263020833333912e-03 0.000000000000000000e+00 0.000000000000000000e+00 0.000000000000000000e+00 1.000000000000000000e+00
1.000000000000000000e+00 2.093505859375000000e-02 4.322713216145833148e-01 5.171305338541666297e-01 2.966308593750000000e-02 0.000000000000000000e+00 0.000000000000000000e+00 1.000000000000000000e+00
1.000000000000000000e+00 3.520507812500000000e-01 5.343424479166666297e-01 1.116536458333333287e-01 0.000000000000000000e+00 0.000000000000000000e+00 0.000000000000000000e+00 0.000000000000000000e+00
1.000000000000000000e+00 5.042114257812500000e-01 4.111124674479166852e-01 5.415852864583333565e-02 0.000000000000000000e+00 0.000000000000000000e+00 0.000000000000000000e+00 0.000000000000000000e+00
1.000000000000000000e+00 5.844726562500000000e-01 1.625976562500000000e-01 8.789062500000000000e-03 0.000000000000000000e+00 0.000000000000000000e+00 0.000000000000000000e+00 0.000000000000000000e+00
1.000000000000000000e+00 2.093505859375000000e-02 4.322713216145833148e-01 5.171305338541666297e-01 2.966308593750000000e-02 0.000000000000000000e+00 0.000000000000000000e+00 1.000000000000000000e+00
1.000000000000000000e+00 0.000000000000000000e+00 0.000000000000000000e+00 7.031250000000000000e-02 4.570312500000000000e-01 4.570312500000000000e-01 1.562500000000000000e-02 1.000000000000000000e+00
1.000000000000000000e+00 0.000000000000000000e+00 1.666666666666666574e-01 6.666666666666666297e-01 1.666666666666666574e-01 0.000000000000000000e+00 0.000000000000000000e+00 0.000000000000000000e+00
1.000000000000000000e+00 5.844726562500000000e-01 1.625976562500000000e-01 8.789062500000000000e-03 0.000000000000000000e+00 0.000000000000000000e+00 0.000000000000000000e+00 1.000000000000000000e+00
1.000000000000000000e+00 0.000000000000000000e+00 4.069010416666666441e-05 1.997477213541666574e-01 5.942179361979166297e-01 2.059936523437500000e-01 0.000000000000000000e+00 1.000000000000000000e+00
1.000000000000000000e+00 4.158325195312500000e-01 4.669189453125000000e-02 1.098632812500000000e-03 0.000000000000000000e+00 0.000000000000000000e+00 0.000000000000000000e+00 1.000000000000000000e+00
1.000000000000000000e+00 5.977172851562500000e-01 2.103474934895833148e-01 1.395670572916666609e-02 0.000000000000000000e+00 0.000000000000000000e+00 0.000000000000000000e+00 1.000000000000000000e+00
1.000000000000000000e+00 0.000000000000000000e+00 5.415852864583333565e-02 5.842692057291667407e-01 3.539428710937500000e-01 7.629394531250000000e-03 0.000000000000000000e+00 0.000000000000000000e+00
1.000000000000000000e+00 2.059936523437500000e-01 5.942179361979166297e-01 1.997477213541666574e-01 4.069010416666666441e-05 0.000000000000000000e+00 0.000000000000000000e+00 0.000000000000000000e+00
1.000000000000000000e+00 7.629394531250000000e-03 3.539428710937500000e-01 5.842692057291667407e-01 5.415852864583333565e-02 0.000000000000000000e+00 0.000000000000000000e+00 1.000000000000000000e+00
1.000000000000000000e+00 4.882812500000000000e-04 2.358398437500000000e-01 6.520182291666666297e-01 1.116536458333333287e-01 0.000000000000000000e+00 0.000000000000000000e+00 1.000000000000000000e+00
1.000000000000000000e+00 0.000000000000000000e+00 1.098632812500000000e-03 2.746988932291666297e-01 5.901082356770832593e-01 1.340942382812500000e-01 0.000000000000000000e+00 1.000000000000000000e+00
1.000000000000000000e+00 4.882812500000000000e-04 2.358398437500000000e-01 6.520182291666666297e-01 1.116536458333333287e-01 0.000000000000000000e+00 0.000000000000000000e+00 0.000000000000000000e+00
1.000000000000000000e+00 0.000000000000000000e+00 4.069010416666667129e-02 5.524088541666666297e-01 3.937174479166666297e-01 1.318359375000000000e-02 0.000000000000000000e+00 1.000000000000000000e+00
1.000000000000000000e+00 0.000000000000000000e+00 2.604166666666666522e-03 3.151041666666666297e-01 5.768229166666666297e-01 1.054687500000000000e-01 0.000000000000000000e+00 1.000000000000000000e+00
1.000000000000000000e+00 0.000000000000000000e+00 4.069010416666667129e-02 5.524088541666666297e-01 3.937174479166666297e-01 1.318359375000000000e-02 0.000000000000000000e+00 1.000000000000000000e+00
1.000000000000000000e+00 5.751342773437500000e-01 3.114624023437500000e-01 2.966308593750000000e-02 0.000000000000000000e+00 0.000000000000000000e+00 0.000000000000000000e+00 1.000000000000000000e+00
1.000000000000000000e+00 2.093505859375000000e-02 4.322713216145833148e-01 5.171305338541666297e-01 2.966308593750000000e-02 0.000000000000000000e+00 0.000000000000000000e+00 0.000000000000000000e+00
1.000000000000000000e+00 7.629394531250000000e-03 3.539428710937500000e-01 5.842692057291667407e-01 5.415852864583333565e-02 0.000000000000000000e+00 0.000000000000000000e+00 1.000000000000000000e+00
1.000000000000000000e+00 3.520507812500000000e-01 5.343424479166666297e-01 1.116536458333333287e-01 0.000000000000000000e+00 0.000000000000000000e+00 0.000000000000000000e+00 1.000000000000000000e+00
1.000000000000000000e+00 0.000000000000000000e+00 2.083333333333333218e-02 4.791666666666666297e-01 4.687500000000000000e-01 3.125000000000000000e-02 0.000000000000000000e+00 0.000000000000000000e+00
1.000000000000000000e+00 0.000000000000000000e+00 2.083333333333333218e-02 4.791666666666666297e-01 4.687500000000000000e-01 3.125000000000000000e-02 0.000000000000000000e+00 0.000000000000000000e+00
1.000000000000000000e+00 3.906250000000000000e-03 3.138020833333333148e-01 6.119791666666666297e-01 7.031250000000000000e-02 0.000000000000000000e+00 0.000000000000000000e+00 1.000000000000000000e+00
1.000000000000000000e+00 5.937500000000000000e-01 2.604166666666666297e-01 2.083333333333333218e-02 0.000000000000000000e+00 0.000000000000000000e+00 0.000000000000000000e+00 1.000000000000000000e+00
1.000000000000000000e+00 3.520507812500000000e-01 5.343424479166666297e-01 1.116536458333333287e-01 0.000000000000000000e+00 0.000000000000000000e+00 0.000000000000000000e+00 0.000000000000000000e+00
1.000000000000000000e+00 0.000000000000000000e+00 8.939615885416667129e-02 6.348063151041666297e-01 2.741495768229166297e-01 1.647949218750000000e-03 0.000000000000000000e+00 0.000000000000000000e+00
1.000000000000000000e+00 0.000000000000000000e+00 2.083333333333333218e-02 4.791666666666666297e-01 4.687500000000000000e-01 3.125000000000000000e-02 0.000000000000000000e+00 1.000000000000000000e+00
1.000000000000000000e+00 4.960937500000000000e-01 7.942708333333332871e-02 2.604166666666666522e-03 0.000000000000000000e+00 0.000000000000000000e+00 0.000000000000000000e+00 1.000000000000000000e+00
1.000000000000000000e+00 4.449462890625000000e-02 5.022989908854166297e-01 4.392496744791666297e-01 1.395670572916666609e-02 0.000000000000000000e+00 0.000000000000000000e+00 0.000000000000000000e+00
1.000000000000000000e+00 4.449462890625000000e-02 5.022989908854166297e-01 4.392496744791666297e-01 1.395670572916666609e-02 0.000000000000000000e+00 0.000000000000000000e+00 1.000000000000000000e+00
1.000000000000000000e+00 5.514526367187500000e-01 1.185099283854166713e-01 5.086263020833333912e-03 0.000000000000000000e+00 0.000000000000000000e+00 0.000000000000000000e+00 1.000000000000000000e+00
1.000000000000000000e+00 1.054687500000000000e-01 5.768229166666666297e-01 3.151041666666666297e-01 2.604166666666666522e-03 0.000000000000000000e+00 0.000000000000000000e+00 1.000000000000000000e+00
1.000000000000000000e+00 8.123779296875000000e-02 5.571899414062500000e-01 3.564860026041666852e-01 5.086263020833333912e-03 0.000000000000000000e+00 0.000000000000000000e+00 0.000000000000000000e+00
1.000000000000000000e+00 0.000000000000000000e+00 8.789062500000000000e-03 3.981119791666666297e-01 5.320638020833332593e-01 6.103515625000000000e-02 0.000000000000000000e+00 0.000000000000000000e+00
1.000000000000000000e+00 2.500000000000000000e-01 5.833333333333332593e-01 1.666666666666666574e-01 0.000000000000000000e+00 0.000000000000000000e+00 0.000000000000000000e+00 0.000000000000000000e+00
1.000000000000000000e+00 5.844726562500000000e-01 1.625976562500000000e-01 8.789062500000000000e-03 0.000000000000000000e+00 0.000000000000000000e+00 0.000000000000000000e+00 1.000000000000000000e+00
1.000000000000000000e+00 2.059936523437500000e-01 5.942179361979166297e-01 1.997477213541666574e-01 4.069010416666666441e-05 0.000000000000000000e+00 0.000000000000000000e+00 1.000000000000000000e+00
1.000000000000000000e+00 3.520507812500000000e-01 5.343424479166666297e-01 1.116536458333333287e-01 0.000000000000000000e+00 0.000000000000000000e+00 0.000000000000000000e+00 1.000000000000000000e+00
1.000000000000000000e+00 5.937500000000000000e-01 2.604166666666666297e-01 2.083333333333333218e-02 0.000000000000000000e+00 0.000000000000000000e+00 0.000000000000000000e+00 1.000000000000000000e+00
1.000000000000000000e+00 0.000000000000000000e+00 1.116536458333333287e-01 6.520182291666666297e-01 2.358398437500000000e-01 4.882812500000000000e-04 0.000000000000000000e+00 0.000000000000000000e+00
1.000000000000000000e+00 5.042114257812500000e-01 4.111124674479166852e-01 5.415852864583333565e-02 0.000000000000000000e+00 0.000000000000000000e+00 0.000000000000000000e+00 0.000000000000000000e+00
1.000000000000000000e+00 0.000000000000000000e+00 3.255208333333333153e-04 2.360026041666666574e-01 5.961914062500000000e-01 1.674804687500000000e-01 0.000000000000000000e+00 1.000000000000000000e+00
1.000000000000000000e+00 5.844726562500000000e-01 1.625976562500000000e-01 8.789062500000000000e-03 0.000000000000000000e+00 0.000000000000000000e+00 0.000000000000000000e+00 0.000000000000000000e+00
1.000000000000000000e+00 2.500000000000000000e-01 5.833333333333332593e-01 1.666666666666666574e-01 0.000000000000000000e+00 0.000000000000000000e+00 0.000000000000000000e+00 1.000000000000000000e+00
1.000000000000000000e+00 0.000000000000000000e+00 1.098632812500000000e-03 2.746988932291666297e-01 5.901082356770832593e-01 1.340942382812500000e-01 0.000000000000000000e+00 1.000000000000000000e+00
1.000000000000000000e+00 8.123779296875000000e-02 5.571899414062500000e-01 3.564860026041666852e-01 5.086263020833333912e-03 0.000000000000000000e+00 0.000000000000000000e+00 1.000000000000000000e+00
1.000000000000000000e+00 0.000000000000000000e+00 0.000000000000000000e+00 8.789062500000000000e-03 1.625976562500000000e-01 5.844726562500000000e-01 2.441406250000000000e-01 0.000000000000000000e+00
1.000000000000000000e+00 0.000000000000000000e+00 0.000000000000000000e+00 1.116536458333333287e-01 5.343424479166666297e-01 3.520507812500000000e-01 1.953125000000000000e-03 1.000000000000000000e+00
1.000000000000000000e+00 1.054687500000000000e-01 5.768229166666666297e-01 3.151041666666666297e-01 2.604166666666666522e-03 0.000000000000000000e+00 0.000000000000000000e+00 0.000000000000000000e+00
1.000000000000000000e+00 4.158325195312500000e-01 4.669189453125000000e-02 1.098632812500000000e-03 0.000000000000000000e+00 0.000000000000000000e+00 0.000000000000000000e+00 0.000000000000000000e+00
1.000000000000000000e+00 1.054687500000000000e-01 5.768229166666666297e-01 3.151041666666666297e-01 2.604166666666666522e-03 0.000000000000000000e+00 0.000000000000000000e+00 0.000000000000000000e+00
1.000000000000000000e+00 5.042114257812500000e-01 4.111124674479166852e-01 5.415852864583333565e-02 0.000000000000000000e+00 0.000000000000000000e+00 0.000000000000000000e+00 1.000000000000000000e+00
1.000000000000000000e+00 1.674804687500000000e-01 5.961914062500000000e-01 2.360026041666666574e-01 3.255208333333333153e-04 0.000000000000000000e+00 0.000000000000000000e+00 1.000000000000000000e+00
1.000000000000000000e+00 0.000000000000000000e+00 4.069010416666666441e-05 1.997477213541666574e-01 5.942179361979166297e-01 2.059936523437500000e-01 0.000000000000000000e+00 0.000000000000000000e+00
1.000000000000000000e+00 0.000000000000000000e+00 1.098632812500000000e-03 2.746988932291666297e-01 5.901082356770832593e-01 1.340942382812500000e-01 0.000000000000000000e+00 0.000000000000000000e+00
1.000000000000000000e+00 0.000000000000000000e+00 5.415852864583333565e-02 5.842692057291667407e-01 3.539428710937500000e-01 7.629394531250000000e-03 0.000000000000000000e+00 1.000000000000000000e+00
1.000000000000000000e+00 3.125000000000000000e-02 4.687500000000000000e-01 4.791666666666666297e-01 2.083333333333333218e-02 0.000000000000000000e+00 0.000000000000000000e+00 0.000000000000000000e+00
1.000000000000000000e+00 5.751342773437500000e-01 3.114624023437500000e-01 2.966308593750000000e-02 0.000000000000000000e+00 0.000000000000000000e+00 0.000000000000000000e+00 0.000000000000000000e+00
1.000000000000000000e+00 0.000000000000000000e+00 1.098632812500000000e-03 2.746988932291666297e-01 5.901082356770832593e-01 1.340942382812500000e-01 0.000000000000000000e+00 1.000000000000000000e+00
1.000000000000000000e+00 1.647949218750000000e-03 2.741495768229166297e-01 6.348063151041666297e-01 8.939615885416667129e-02 0.000000000000000000e+00 0.000000000000000000e+00 0.000000000000000000e+00
1.000000000000000000e+00 5.514526367187500000e-01 1.185099283854166713e-01 5.086263020833333912e-03 0.000000000000000000e+00 0.000000000000000000e+00 0.000000000000000000e+00 0.000000000000000000e+00
1.000000000000000000e+00 0.000000000000000000e+00 0.000000000000000000e+00 8.939615885416667129e-02 4.985555013020833703e-01 4.054565429687500000e-01 6.591796875000000000e-03 0.000000000000000000e+00
1.000000000000000000e+00 0.000000000000000000e+00 0.000000000000000000e+00 1.373291015625000000e-01 5.630493164062500000e-01 2.993774414062500000e-01 2.441406250000000000e-04 0.000000000000000000e+00
1.000000000000000000e+00 0.000000000000000000e+00 8.789062500000000000e-03 3.981119791666666297e-01 5.320638020833332593e-01 6.103515625000000000e-02 0.000000000000000000e+00 1.000000000000000000e+00
1.000000000000000000e+00 4.054565429687500000e-01 4.985555013020833703e-01 8.939615885416667129e-02 0.000000000000000000e+00 0.000000000000000000e+00 0.000000000000000000e+00 0.000000000000000000e+00
1.000000000000000000e+00 1.340942382812500000e-01 5.901082356770832593e-01 2.746988932291666297e-01 1.098632812500000000e-03 0.000000000000000000e+00 0.000000000000000000e+00 0.000000000000000000e+00
1.000000000000000000e+00 0.000000000000000000e+00 4.069010416666667129e-02 5.524088541666666297e-01 3.937174479166666297e-01 1.318359375000000000e-02 0.000000000000000000e+00 1.000000000000000000e+00
1.000000000000000000e+00 3.081054687500000000e-01 2.164713541666666435e-02 3.255208333333333153e-04 0.000000000000000000e+00 0.000000000000000000e+00 0.000000000000000000e+00 1.000000000000000000e+00
1.000000000000000000e+00 6.103515625000000000e-05 1.997273763020833148e-01 6.628824869791666297e-01 1.373291015625000000e-01 0.000000000000000000e+00 0.000000000000000000e+00 1.000000000000000000e+00
1.000000000000000000e+00 1.647949218750000000e-03 2.741495768229166297e-01 6.348063151041666297e-01 8.939615885416667129e-02 0.000000000000000000e+00 0.000000000000000000e+00 0.000000000000000000e+00
1.000000000000000000e+00 0.000000000000000000e+00 8.939615885416667129e-02 6.348063151041666297e-01 2.741495768229166297e-01 1.647949218750000000e-03 0.000000000000000000e+00 0.000000000000000000e+00
1.000000000000000000e+00 3.520507812500000000e-01 5.343424479166666297e-01 1.116536458333333287e-01 0.000000000000000000e+00 0.000000000000000000e+00 0.000000000000000000e+00 0.000000000000000000e+00
1.000000000000000000e+00 3.125000000000000000e-02 4.687500000000000000e-01 4.791666666666666297e-01 2.083333333333333218e-02 0.000000000000000000e+00 0.000000000000000000e+00 0.000000000000000000e+00
1.000000000000000000e+00 0.000000000000000000e+00 2.966308593750000000e-02 5.171305338541666297e-01 4.322713216145833148e-01 2.093505859375000000e-02 0.000000000000000000e+00 0.000000000000000000e+00
1.000000000000000000e+00 5.751342773437500000e-01 3.114624023437500000e-01 2.966308593750000000e-02 0.000000000000000000e+00 0.000000000000000000e+00 0.000000000000000000e+00 0.000000000000000000e+00
1.000000000000000000e+00 2.993774414062500000e-01 5.630493164062500000e-01 1.373291015625000000e-01 0.000000000000000000e+00 0.000000000000000000e+00 0.000000000000000000e+00 0.000000000000000000e+00
1.000000000000000000e+00 2.059936523437500000e-01 5.942179361979166297e-01 1.997477213541666574e-01 4.069010416666666441e-05 0.000000000000000000e+00 0.000000000000000000e+00 0.000000000000000000e+00
1.000000000000000000e+00 4.449462890625000000e-02 5.022989908854166297e-01 4.392496744791666297e-01 1.395670572916666609e-02 0.000000000000000000e+00 0.000000000000000000e+00 1.000000000000000000e+00
1.000000000000000000e+00 0.000000000000000000e+00 5.415852864583333565e-02 5.842692057291667407e-01 3.539428710937500000e-01 7.629394531250000000e-03 0.000000000000000000e+00 0.000000000000000000e+00
1.000000000000000000e+00 4.882812500000000000e-04 2.358398437500000000e-01 6.520182291666666297e-01 1.116536458333333287e-01 0.000000000000000000e+00 0.000000000000000000e+00 0.000000000000000000e+00
1.000000000000000000e+00 4.570312500000000000e-01 4.570312500000000000e-01 7.031250000000000000e-02 0.000000000000000000e+00 0.000000000000000000e+00 0.000000000000000000e+00 0.000000000000000000e+00
1.000000000000000000e+00 5.937500000000000000e-01 2.604166666666666297e-01 2.083333333333333218e-02 0.000000000000000000e+00 0.000000000000000000e+00 0.000000000000000000e+00 0.000000000000000000e+00
1.000000000000000000e+00 6.103515625000000000e-02 5.320638020833332593e-01 3.981119791666666297e-01 8.789062500000000000e-03 0.000000000000000000e+00 0.000000000000000000e+00 1.000000000000000000e+00
1.000000000000000000e+00 3.125000000000000000e-02 4.687500000000000000e-01 4.791666666666666297e-01 2.083333333333333218e-02 0.000000000000000000e+00 0.000000000000000000e+00 1.000000000000000000e+00
1.000000000000000000e+00 0.000000000000000000e+00 1.666666666666666574e-01 6.666666666666666297e-01 1.666666666666666574e-01 0.000000000000000000e+00 0.000000000000000000e+00 0.000000000000000000e+00
1.000000000000000000e+00 2.093505859375000000e-02 4.322713216145833148e-01 5.171305338541666297e-01 2.966308593750000000e-02 0.000000000000000000e+00 0.000000000000000000e+00 1.000000000000000000e+00
1.000000000000000000e+00 0.000000000000000000e+00 5.086263020833333912e-03 3.564860026041666852e-01 5.571899414062500000e-01 8.123779296875000000e-02 0.000000000000000000e+00 0.000000000000000000e+00
1.000000000000000000e+00 1.054687500000000000e-01 5.768229166666666297e-01 3.151041666666666297e-01 2.604166666666666522e-03 0.000000000000000000e+00 0.000000000000000000e+00 0.000000000000000000e+00
1.000000000000000000e+00 6.103515625000000000e-02 5.320638020833332593e-01 3.981119791666666297e-01 8.789062500000000000e-03 0.000000000000000000e+00 0.000000000000000000e+00 0.000000000000000000e+00
1.000000000000000000e+00 0.000000000000000000e+00 2.966308593750000000e-02 5.171305338541666297e-01 4.322713216145833148e-01 2.093505859375000000e-02 0.000000000000000000e+00 1.000000000000000000e+00
1.000000000000000000e+00 3.081054687500000000e-01 2.164713541666666435e-02 3.255208333333333153e-04 0.000000000000000000e+00 0.000000000000000000e+00 0.000000000000000000e+00 1.000000000000000000e+00
1.000000000000000000e+00 0.000000000000000000e+00 0.000000000000000000e+00 0.000000000000000000e+00 0.000000000000000000e+00 0.000000000000000000e+00 1.000000000000000000e+00 1.000000000000000000e+00
1.000000000000000000e+00 6.103515625000000000e-05 1.997273763020833148e-01 6.628824869791666297e-01 1.373291015625000000e-01 0.000000000000000000e+00 0.000000000000000000e+00 0.000000000000000000e+00
1.000000000000000000e+00 1.647949218750000000e-03 2.741495768229166297e-01 6.348063151041666297e-01 8.939615885416667129e-02 0.000000000000000000e+00 0.000000000000000000e+00 0.000000000000000000e+00
1.000000000000000000e+00 0.000000000000000000e+00 1.373291015625000000e-01 6.628824869791666297e-01 1.997273763020833148e-01 6.103515625000000000e-05 0.000000000000000000e+00 1.000000000000000000e+00
1.000000000000000000e+00 0.000000000000000000e+00 0.000000000000000000e+00 1.116536458333333287e-01 5.343424479166666297e-01 3.520507812500000000e-01 1.953125000000000000e-03 0.000000000000000000e+00
1.000000000000000000e+00 0.000000000000000000e+00 0.000000000000000000e+00 8.939615885416667129e-02 4.985555013020833703e-01 4.054565429687500000e-01 6.591796875000000000e-03 1.000000000000000000e+00
1.000000000000000000e+00 7.629394531250000000e-03 3.539428710937500000e-01 5.842692057291667407e-01 5.415852864583333565e-02 0.000000000000000000e+00 0.000000000000000000e+00 1.000000000000000000e+00
1.000000000000000000e+00 5.844726562500000000e-01 1.625976562500000000e-01 8.789062500000000000e-03 0.000000000000000000e+00 0.000000000000000000e+00 0.000000000000000000e+00 1.000000000000000000e+00
1.000000000000000000e+00 1.647949218750000000e-03 2.741495768229166297e-01 6.348063151041666297e-01 8.939615885416667129e-02 0.000000000000000000e+00 0.000000000000000000e+00 0.000000000000000000e+00
1.000000000000000000e+00 6.103515625000000000e-05 1.997273763020833148e-01 6.628824869791666297e-01 1.373291015625000000e-01 0.000000000000000000e+00 0.000000000000000000e+00 1.000000000000000000e+00
1.000000000000000000e+00 1.340942382812500000e-01 5.901082356770832593e-01 2.746988932291666297e-01 1.098632812500000000e-03 0.000000000000000000e+00 0.000000000000000000e+00 0.000000000000000000e+00
1.000000000000000000e+00 0.000000000000000000e+00 8.939615885416667129e-02 6.348063151041666297e-01 2.741495768229166297e-01 1.647949218750000000e-03 0.000000000000000000e+00 0.000000000000000000e+00
1.000000000000000000e+00 0.000000000000000000e+00 5.415852864583333565e-02 5.842692057291667407e-01 3.539428710937500000e-01 7.629394531250000000e-03 0.000000000000000000e+00 0.000000000000000000e+00
1.000000000000000000e+00 1.647949218750000000e-03 2.741495768229166297e-01 6.348063151041666297e-01 8.939615885416667129e-02 0.000000000000000000e+00 0.000000000000000000e+00 0.000000000000000000e+00
1.000000000000000000e+00 3.906250000000000000e-03 3.138020833333333148e-01 6.119791666666666297e-01 7.031250000000000000e-02 0.000000000000000000e+00 0.000000000000000000e+00 1.000000000000000000e+00
1.000000000000000000e+00 3.520507812500000000e-01 5.343424479166666297e-01 1.116536458333333287e-01 0.000000000000000000e+00 0.000000000000000000e+00 0.000000000000000000e+00 1.000000000000000000e+00
1.000000000000000000e+00 0.000000000000000000e+00 0.000000000000000000e+00 1.666666666666666574e-01 5.833333333333332593e-01 2.500000000000000000e-01 0.000000000000000000e+00 0.000000000000000000e+00
1.000000000000000000e+00 3.520507812500000000e-01 5.343424479166666297e-01 1.116536458333333287e-01 0.000000000000000000e+00 0.000000000000000000e+00 0.000000000000000000e+00 1.000000000000000000e+00
1.000000000000000000e+00 0.000000000000000000e+00 0.000000000000000000e+00 2.604166666666666522e-03 7.942708333333332871e-02 4.960937500000000000e-01 4.218750000000000000e-01 0.000000000000000000e+00
1.000000000000000000e+00 5.977172851562500000e-01 2.103474934895833148e-01 1.395670572916666609e-02 0.000000000000000000e+00 0.000000000000000000e+00 0.000000000000000000e+00 0.000000000000000000e+00
1.000000000000000000e+00 1.054687500000000000e-01 5.768229166666666297e-01 3.151041666666666297e-01 2.604166666666666522e-03 0.000000000000000000e+00 0.000000000000000000e+00 0.000000000000000000e+00
1.000000000000000000e+00 0.000000000000000000e+00 0.000000000000000000e+00 1.666666666666666574e-01 5.833333333333332593e-01 2.500000000000000000e-01 0.000000000000000000e+00 1.000000000000000000e+00
1.000000000000000000e+00 4.054565429687500000e-01 4.985555013020833703e-01 8.939615885416667129e-02 0.000000000000000000e+00 0.000000000000000000e+00 0.000000000000000000e+00 1.000000000000000000e+00
1.000000000000000000e+00 0.000000000000000000e+00 0.000000000000000000e+00 1.116536458333333287e-01 5.343424479166666297e-01 3.520507812500000000e-01 1.953125000000000000e-03 0.000000000000000000e+00
1.000000000000000000e+00 8.123779296875000000e-02 5.571899414062500000e-01 3.564860026041666852e-01 5.086263020833333912e-03 0.000000000000000000e+00 0.000000000000000000e+00 0.000000000000000000e+00
1.000000000000000000e+00 2.059936523437500000e-01 5.942179361979166297e-01 1.997477213541666574e-01 4.069010416666666441e-05 0.000000000000000000e+00 0.000000000000000000e+00 0.000000000000000000e+00
1.000000000000000000e+00 5.977172851562500000e-01 2.103474934895833148e-01 1.395670572916666609e-02 0.000000000000000000e+00 0.000000000000000000e+00 0.000000000000000000e+00 0.000000000000000000e+00
1.000000000000000000e+00 2.993774414062500000e-01 5.630493164062500000e-01 1.373291015625000000e-01 0.000000000000000000e+00 0.000000000000000000e+00 0.000000000000000000e+00 0.000000000000000000e+00
1.000000000000000000e+00 1.674804687500000000e-01 5.961914062500000000e-01 2.360026041666666574e-01 3.255208333333333153e-04 0.000000000000000000e+00 0.000000000000000000e+00 0.000000000000000000e+00
1.000000000000000000e+00 6.103515625000000000e-02 5.320638020833332593e-01 3.981119791666666297e-01 8.789062500000000000e-03 0.000000000000000000e+00 0.000000000000000000e+00 0.000000000000000000e+00
1.000000000000000000e+00 0.000000000000000000e+00 0.000000000000000000e+00 5.086263020833333912e-03 1.185099283854166713e-01 5.514526367187500000e-01 3.249511718750000000e-01 1.000000000000000000e+00
1.000000000000000000e+00 2.093505859375000000e-02 4.322713216145833148e-01 5.171305338541666297e-01 2.966308593750000000e-02 0.000000000000000000e+00 0.000000000000000000e+00 1.000000000000000000e+00
1.000000000000000000e+00 6.103515625000000000e-05 1.997273763020833148e-01 6.628824869791666297e-01 1.373291015625000000e-01 0.000000000000000000e+00 0.000000000000000000e+00 0.000000000000000000e+00
1.000000000000000000e+00 3.906250000000000000e-03 3.138020833333333148e-01 6.119791666666666297e-01 7.031250000000000000e-02 0.000000000000000000e+00 0.000000000000000000e+00 0.000000000000000000e+00
1.000000000000000000e+00 4.960937500000000000e-01 7.942708333333332871e-02 2.604166666666666522e-03 0.000000000000000000e+00 0.000000000000000000e+00 0.000000000000000000e+00 0.000000000000000000e+00
1.000000000000000000e+00 5.937500000000000000e-01 2.604166666666666297e-01 2.083333333333333218e-02 0.000000000000000000e+00 0.000000000000000000e+00 0.000000000000000000e+00 0.000000000000000000e+00
1.000000000000000000e+00 6.103515625000000000e-05 1.997273763020833148e-01 6.628824869791666297e-01 1.373291015625000000e-01 0.000000000000000000e+00 0.000000000000000000e+00 0.000000000000000000e+00
1.000000000000000000e+00 4.570312500000000000e-01 4.570312500000000000e-01 7.031250000000000000e-02 0.000000000000000000e+00 0.000000000000000000e+00 0.000000000000000000e+00 0.000000000000000000e+00
1.000000000000000000e+00 1.674804687500000000e-01 5.961914062500000000e-01 2.360026041666666574e-01 3.255208333333333153e-04 0.000000000000000000e+00 0.000000000000000000e+00 0.000000000000000000e+00
1.000000000000000000e+00 4.882812500000000000e-04 2.358398437500000000e-01 6.520182291666666297e-01 1.116536458333333287e-01 0.000000000000000000e+00 0.000000000000000000e+00 0.000000000000000000e+00
1.000000000000000000e+00 1.318359375000000000e-02 3.937174479166666297e-01 5.524088541666666297e-01 4.069010416666667129e-02 0.000000000000000000e+00 0.000000000000000000e+00 0.000000000000000000e+00
1.000000000000000000e+00 3.081054687500000000e-01 2.164713541666666435e-02 3.255208333333333153e-04 0.000000000000000000e+00 0.000000000000000000e+00 0.000000000000000000e+00 0.000000000000000000e+00
1.000000000000000000e+00 2.500000000000000000e-01 5.833333333333332593e-01 1.666666666666666574e-01 0.000000000000000000e+00 0.000000000000000000e+00 0.000000000000000000e+00 0.000000000000000000e+00
1.000000000000000000e+00 0.000000000000000000e+00 5.415852864583333565e-02 5.842692057291667407e-01 3.539428710937500000e-01 7.629394531250000000e-03 0.000000000000000000e+00 0.000000000000000000e+00
1.000000000000000000e+00 5.977172851562500000e-01 2.103474934895833148e-01 1.395670572916666609e-02 0.000000000000000000e+00 0.000000000000000000e+00 0.000000000000000000e+00 1.000000000000000000e+00
1.000000000000000000e+00 0.000000000000000000e+00 4.069010416666667129e-02 5.524088541666666297e-01 3.937174479166666297e-01 1.318359375000000000e-02 0.000000000000000000e+00 0.000000000000000000e+00
1.000000000000000000e+00 1.674804687500000000e-01 5.961914062500000000e-01 2.360026041666666574e-01 3.255208333333333153e-04 0.000000000000000000e+00 0.000000000000000000e+00 1.000000000000000000e+00
1.000000000000000000e+00 4.158325195312500000e-01 4.669189453125000000e-02 1.098632812500000000e-03 0.000000000000000000e+00 0.000000000000000000e+00 0.000000000000000000e+00 1.000000000000000000e+00
1.000000000000000000e+00 5.844726562500000000e-01 1.625976562500000000e-01 8.789062500000000000e-03 0.000000000000000000e+00 0.000000000000000000e+00 0.000000000000000000e+00 1.000000000000000000e+00
1.000000000000000000e+00 0.000000000000000000e+00 0.000000000000000000e+00 4.069010416666667129e-02 3.621419270833333703e-01 5.444335937500000000e-01 5.273437500000000000e-02 1.000000000000000000e+00
1.000000000000000000e+00 4.570312500000000000e-01 4.570312500000000000e-01 7.031250000000000000e-02 0.000000000000000000e+00 0.000000000000000000e+00 0.000000000000000000e+00 1.000000000000000000e+00
1.000000000000000000e+00 0.000000000000000000e+00 2.083333333333333218e-02 4.791666666666666297e-01 4.687500000000000000e-01 3.125000000000000000e-02 0.000000000000000000e+00 0.000000000000000000e+00
1.000000000000000000e+00 5.042114257812500000e-01 4.111124674479166852e-01 5.415852864583333565e-02 0.000000000000000000e+00 0.000000000000000000e+00 0.000000000000000000e+00 1.000000000000000000e+00
1.000000000000000000e+00 0.000000000000000000e+00 7.031250000000000000e-02 6.119791666666666297e-01 3.138020833333333148e-01 3.906250000000000000e-03 0.000000000000000000e+00 0.000000000000000000e+00
1.000000000000000000e+00 5.844726562500000000e-01 1.625976562500000000e-01 8.789062500000000000e-03 0.000000000000000000e+00 0.000000000000000000e+00 0.000000000000000000e+00 1.000000000000000000e+00
1.000000000000000000e+00 4.570312500000000000e-01 4.570312500000000000e-01 7.031250000000000000e-02 0.000000000000000000e+00 0.000000000000000000e+00 0.000000000000000000e+00 0.000000000000000000e+00
1.000000000000000000e+00 6.103515625000000000e-02 5.320638020833332593e-01 3.981119791666666297e-01 8.789062500000000000e-03 0.000000000000000000e+00 0.000000000000000000e+00 1.000000000000000000e+00
1.000000000000000000e+00 0.000000000000000000e+00 1.116536458333333287e-01 6.520182291666666297e-01 2.358398437500000000e-01 4.882812500000000000e-04 0.000000000000000000e+00 0.000000000000000000e+00
1.000000000000000000e+00 4.158325195312500000e-01 4.669189453125000000e-02 1.098632812500000000e-03 0.000000000000000000e+00 0.000000000000000000e+00 0.000000000000000000e+00 1.000000000000000000e+00
1.000000000000000000e+00 2.993774414062500000e-01 5.630493164062500000e-01 1.373291015625000000e-01 0.000000000000000000e+00 0.000000000000000000e+00 0.000000000000000000e+00 0.000000000000000000e+00
1.000000000000000000e+00 1.674804687500000000e-01 5.961914062500000000e-01 2.360026041666666574e-01 3.255208333333333153e-04 0.000000000000000000e+00 0.000000000000000000e+00 0.000000000000000000e+00
1.000000000000000000e+00 0.000000000000000000e+00 4.069010416666667129e-02 5.524088541666666297e-01 3.937174479166666297e-01 1.318359375000000000e-02 0.000000000000000000e+00 0.000000000000000000e+00
1.000000000000000000e+00 0.000000000000000000e+00 0.000000000000000000e+00 0.000000000000000000e+00 0.000000000000000000e+00 0.000000000000000000e+00 1.000000000000000000e+00 1.000000000000000000e+00
1.000000000000000000e+00 0.000000000000000000e+00 4.069010416666667129e-02 5.524088541666666297e-01 3.937174479166666297e-01 1.318359375000000000e-02 0.000000000000000000e+00 1.000000000000000000e+00
1.000000000000000000e+00 5.042114257812500000e-01 4.111124674479166852e-01 5.415852864583333565e-02 0.000000000000000000e+00 0.000000000000000000e+00 0.000000000000000000e+00 1.000000000000000000e+00
1.000000000000000000e+00 0.000000000000000000e+00 2.966308593750000000e-02 5.171305338541666297e-01 4.322713216145833148e-01 2.093505859375000000e-02 0.000000000000000000e+00 0.000000000000000000e+00
1.000000000000000000e+00 0.000000000000000000e+00 8.789062500000000000e-03 3.981119791666666297e-01 5.320638020833332593e-01 6.103515625000000000e-02 0.000000000000000000e+00 1.000000000000000000e+00
1.000000000000000000e+00 0.000000000000000000e+00 7.031250000000000000e-02 6.119791666666666297e-01 3.138020833333333148e-01 3.906250000000000000e-03 0.000000000000000000e+00 0.000000000000000000e+00
1.000000000000000000e+00 5.444335937500000000e-01 3.621419270833333703e-01 4.069010416666667129e-02 0.000000000000000000e+00 0.000000000000000000e+00 0.000000000000000000e+00 1.000000000000000000e+00
1.000000000000000000e+00 5.751342773437500000e-01 3.114624023437500000e-01 2.966308593750000000e-02 0.000000000000000000e+00 0.000000000000000000e+00 0.000000000000000000e+00 1.000000000000000000e+00
1.000000000000000000e+00 5.937500000000000000e-01 2.604166666666666297e-01 2.083333333333333218e-02 0.000000000000000000e+00 0.000000000000000000e+00 0.000000000000000000e+00 0.000000000000000000e+00
1.000000000000000000e+00 4.449462890625000000e-02 5.022989908854166297e-01 4.392496744791666297e-01 1.395670572916666609e-02 0.000000000000000000e+00 0.000000000000000000e+00 0.000000000000000000e+00
1.000000000000000000e+00 3.906250000000000000e-03 3.138020833333333148e-01 6.119791666666666297e-01 7.031250000000000000e-02 0.000000000000000000e+00 0.000000000000000000e+00 0.000000000000000000e+00
1.000000000000000000e+00 0.000000000000000000e+00 0.000000000000000000e+00 1.116536458333333287e-01 5.343424479166666297e-01 3.520507812500000000e-01 1.953125000000000000e-03 1.000000000000000000e+00
1.000000000000000000e+00 3.520507812500000000e-01 5.343424479166666297e-01 1.116536458333333287e-01 0.000000000000000000e+00 0.000000000000000000e+00 0.000000000000000000e+00 0.000000000000000000e+00
1.000000000000000000e+00 3.520507812500000000e-01 5.343424479166666297e-01 1.116536458333333287e-01 0.000000000000000000e+00 0.000000000000000000e+00 0.000000000000000000e+00 1.000000000000000000e+00
1.000000000000000000e+00 1.054687500000000000e-01 5.768229166666666297e-01 3.151041666666666297e-01 2.604166666666666522e-03 0.000000000000000000e+00 0.000000000000000000e+00 0.000000000000000000e+00
1.000000000000000000e+00 3.081054687500000000e-01 2.164713541666666435e-02 3.255208333333333153e-04 0.000000000000000000e+00 0.000000000000000000e+00 0.000000000000000000e+00 0.000000000000000000e+00
1.000000000000000000e+00 0.000000000000000000e+00 1.116536458333333287e-01 6.520182291666666297e-01 2.358398437500000000e-01 4.882812500000000000e-04 0.000000000000000000e+00 1.000000000000000000e+00
1.000000000000000000e+00 0.000000000000000000e+00 1.395670572916666609e-02 4.392496744791666297e-01 5.022989908854166297e-01 4.449462890625000000e-02 0.000000000000000000e+00 1.000000000000000000e+00
1.000000000000000000e+00 5.042114257812500000e-01 4.111124674479166852e-01 5.415852864583333565e-02 0.000000000000000000e+00 0.000000000000000000e+00 0.000000000000000000e+00 1.000000000000000000e+00
1.000000000000000000e+00 0.000000000000000000e+00 0.000000000000000000e+00 1.373291015625000000e-01 5.630493164062500000e-01 2.993774414062500000e-01 2.441406250000000000e-04 0.000000000000000000e+00
1.000000000000000000e+00 4.449462890625000000e-02 5.022989908854166297e-01 4.392496744791666297e-01 1.395670572916666609e-02 0.000000000000000000e+00 0.000000000000000000e+00 1.000000000000000000e+00
1.000000000000000000e+00 5.844726562500000000e-01 1.625976562500000000e-01 8.789062500000000000e-03 0.000000000000000000e+00 0.000000000000000000e+00 0.000000000000000000e+00 0.000000000000000000e+00
1.000000000000000000e+00 2.993774414062500000e-01 5.630493164062500000e-01 1.373291015625000000e-01 0.000000000000000000e+00 0.000000000000000000e+00 0.000000000000000000e+00 0.000000000000000000e+00
1.000000000000000000e+00 4.054565429687500000e-01 4.985555013020833703e-01 8.939615885416667129e-02 0.000000000000000000e+00 0.000000000000000000e+00 0.000000000000000000e+00 1.000000000000000000e+00
1.000000000000000000e+00 0.000000000000000000e+00 8.789062500000000000e-03 3.981119791666666297e-01 5.320638020833332593e-01 6.103515625000000000e-02 0.000000000000000000e+00 1.000000000000000000e+00
1.000000000000000000e+00 0.000000000000000000e+00 4.069010416666667129e-02 5.524088541666666297e-01 3.937174479166666297e-01 1.318359375000000000e-02 0.000000000000000000e+00 0.000000000000000000e+00
1.000000000000000000e+00 1.318359375000000000e-02 3.937174479166666297e-01 5.524088541666666297e-01 4.069010416666667129e-02 0.000000000000000000e+00 0.000000000000000000e+00 0.000000000000000000e+00
1.000000000000000000e+00 0.000000000000000000e+00 1.373291015625000000e-01 6.628824869791666297e-01 1.997273763020833148e-01 6.103515625000000000e-05 0.000000000000000000e+00 0.000000000000000000e+00
1.000000000000000000e+00 6.103515625000000000e-02 5.320638020833332593e-01 3.981119791666666297e-01 8.789062500000000000e-03 0.000000000000000000e+00 0.000000000000000000e+00 1.000000000000000000e+00
1.000000000000000000e+00 0.000000000000000000e+00 1.373291015625000000e-01 6.628824869791666297e-01 1.997273763020833148e-01 6.103515625000000000e-05 0.000000000000000000e+00 1.000000000000000000e+00
1.000000000000000000e+00 5.444335937500000000e-01 3.621419270833333703e-01 4.069010416666667129e-02 0.000000000000000000e+00 0.000000000000000000e+00 0.000000000000000000e+00 0.000000000000000000e+00
1.000000000000000000e+00 5.444335937500000000e-01 3.621419270833333703e-01 4.069010416666667129e-02 0.000000000000000000e+00 0.000000000000000000e+00 0.000000000000000000e+00 0.000000000000000000e+00
1.000000000000000000e+00 2.993774414062500000e-01 5.630493164062500000e-01 1.373291015625000000e-01 0.000000000000000000e+00 0.000000000000000000e+00 0.000000000000000000e+00 0.000000000000000000e+00
1.000000000000000000e+00 1.340942382812500000e-01 5.901082356770832593e-01 2.746988932291666297e-01 1.098632812500000000e-03 0.000000000000000000e+00 0.000000000000000000e+00 0.000000000000000000e+00
1.000000000000000000e+00 3.520507812500000000e-01 5.343424479166666297e-01 1.116536458333333287e-01 0.000000000000000000e+00 0.000000000000000000e+00 0.000000000000000000e+00 1.000000000000000000e+00
1.000000000000000000e+00 3.520507812500000000e-01 5.343424479166666297e-01 1.116536458333333287e-01 0.000000000000000000e+00 0.000000000000000000e+00 0.000000000000000000e+00 1.000000000000000000e+00
1.000000000000000000e+00 0.000000000000000000e+00 0.000000000000000000e+00 1.395670572916666609e-02 2.103474934895833148e-01 5.977172851562500000e-01 1.779785156250000000e-01 0.000000000000000000e+00
1.000000000000000000e+00 5.514526367187500000e-01 1.185099283854166713e-01 5.086263020833333912e-03 0.000000000000000000e+00 0.000000000000000000e+00 0.000000000000000000e+00 1.000000000000000000e+00
1.000000000000000000e+00 0.000000000000000000e+00 5.086263020833333912e-03 3.564860026041666852e-01 5.571899414062500000e-01 8.123779296875000000e-02 0.000000000000000000e+00 1.000000000000000000e+00
1.000000000000000000e+00 5.977172851562500000e-01 2.103474934895833148e-01 1.395670572916666609e-02 0.000000000000000000e+00 0.000000000000000000e+00 0.000000000000000000e+00 0.000000000000000000e+00
1.000000000000000000e+00 2.500000000000000000e-01 5.833333333333332593e-01 1.666666666666666574e-01 0.000000000000000000e+00 0.000000000000000000e+00 0.000000000000000000e+00 0.000000000000000000e+00
1.000000000000000000e+00 0.000000000000000000e+00 2.083333333333333218e-02 4.791666666666666297e-01 4.687500000000000000e-01 3.125000000000000000e-02 0.000000000000000000e+00 0.000000000000000000e+00
1.000000000000000000e+00 5.937500000000000000e-01 2.604166666666666297e-01 2.083333333333333218e-02 0.000000000000000000e+00 0.000000000000000000e+00 0.000000000000000000e+00 1.000000000000000000e+00
1.000000000000000000e+00 1.318359375000000000e-02 3.937174479166666297e-01 5.524088541666666297e-01 4.069010416666667129e-02 0.000000000000000000e+00 0.000000000000000000e+00 0.000000000000000000e+00
1.000000000000000000e+00 0.000000000000000000e+00 8.939615885416667129e-02 6.348063151041666297e-01 2.741495768229166297e-01 1.647949218750000000e-03 0.000000000000000000e+00 1.000000000000000000e+00
1.000000000000000000e+00 0.000000000000000000e+00 7.031250000000000000e-02 6.119791666666666297e-01 3.138020833333333148e-01 3.906250000000000000e-03 0.000000000000000000e+00 1.000000000000000000e+00
1.000000000000000000e+00 0.000000000000000000e+00 2.966308593750000000e-02 5.171305338541666297e-01 4.322713216145833148e-01 2.093505859375000000e-02 0.000000000000000000e+00 0.000000000000000000e+00
1.000000000000000000e+00 4.570312500000000000e-01 4.570312500000000000e-01 7.031250000000000000e-02 0.000000000000000000e+00 0.000000000000000000e+00 0.000000000000000000e+00 0.000000000000000000e+00
1.000000000000000000e+00 8.123779296875000000e-02 5.571899414062500000e-01 3.564860026041666852e-01 5.086263020833333912e-03 0.000000000000000000e+00 0.000000000000000000e+00 0.000000000000000000e+00
1.000000000000000000e+00 2.993774414062500000e-01 5.630493164062500000e-01 1.373291015625000000e-01 0.000000000000000000e+00 0.000000000000000000e+00 0.000000000000000000e+00 1.000000000000000000e+00
1.000000000000000000e+00 4.570312500000000000e-01 4.570312500000000000e-01 7.031250000000000000e-02 0.000000000000000000e+00 0.000000000000000000e+00 0.000000000000000000e+00 0.000000000000000000e+00
1.000000000000000000e+00 2.059936523437500000e-01 5.942179361979166297e-01 1.997477213541666574e-01 4.069010416666666441e-05 0.000000000000000000e+00 0.000000000000000000e+00 0.000000000000000000e+00
1.000000000000000000e+00 2.093505859375000000e-02 4.322713216145833148e-01 5.171305338541666297e-01 2.966308593750000000e-02 0.000000000000000000e+00 0.000000000000000000e+00 1.000000000000000000e+00
1.000000000000000000e+00 7.629394531250000000e-03 3.539428710937500000e-01 5.842692057291667407e-01 5.415852864583333565e-02 0.000000000000000000e+00 0.000000000000000000e+00 0.000000000000000000e+00
1.000000000000000000e+00 5.844726562500000000e-01 1.625976562500000000e-01 8.789062500000000000e-03 0.000000000000000000e+00 0.000000000000000000e+00 0.000000000000000000e+00 0.000000000000000000e+00
1.000000000000000000e+00 0.000000000000000000e+00 1.098632812500000000e-03 2.746988932291666297e-01 5.901082356770832593e-01 1.340942382812500000e-01 0.000000000000000000e+00 0.000000000000000000e+00
1.000000000000000000e+00 0.000000000000000000e+00 8.789062500000000000e-03 3.981119791666666297e-01 5.320638020833332593e-01 6.103515625000000000e-02 0.000000000000000000e+00 0.000000000000000000e+00
1.000000000000000000e+00 2.500000000000000000e-01 5.833333333333332593e-01 1.666666666666666574e-01 0.000000000000000000e+00 0.000000000000000000e+00 0.000000000000000000e+00 1.000000000000000000e+00
1.000000000000000000e+00 0.000000000000000000e+00 5.086263020833333912e-03 3.564860026041666852e-01 5.571899414062500000e-01 8.123779296875000000e-02 0.000000000000000000e+00 1.000000000000000000e+00
1.000000000000000000e+00 0.000000000000000000e+00 1.098632812500000000e-03 2.746988932291666297e-01 5.901082356770832593e-01 1.340942382812500000e-01 0.000000000000000000e+00 1.000000000000000000e+00
1.000000000000000000e+00 2.500000000000000000e-01 5.833333333333332593e-01 1.666666666666666574e-01 0.000000000000000000e+00 0.000000000000000000e+00 0.000000000000000000e+00 0.000000000000000000e+00
1.000000000000000000e+00 6.103515625000000000e-02 5.320638020833332593e-01 3.981119791666666297e-01 8.789062500000000000e-03 0.000000000000000000e+00 0.000000000000000000e+00 0.000000000000000000e+00
1.000000000000000000e+00 8.123779296875000000e-02 5.571899414062500000e-01 3.564860026041666852e-01 5.086263020833333912e-03 0.000000000000000000e+00 0.000000000000000000e+00 0.000000000000000000e+00
1.000000000000000000e+00 0.000000000000000000e+00 1.666666666666666574e-01 6.666666666666666297e-01 1.666666666666666574e-01 0.000000000000000000e+00 0.000000000000000000e+00 1.000000000000000000e+00
1.000000000000000000e+00 4.570312500000000000e-01 4.570312500000000000e-01 7.031250000000000000e-02 0.000000000000000000e+00 0.000000000000000000e+00 0.000000000000000000e+00 1.000000000000000000e+00
1.000000000000000000e+00 2.059936523437500000e-01 5.942179361979166297e-01 1.997477213541666574e-01 4.069010416666666441e-05 0.000000000000000000e+00 0.000000000000000000e+00 1.000000000000000000e+00
1.000000000000000000e+00 0.000000000000000000e+00 2.604166666666666522e-03 3.151041666666666297e-01 5.768229166666666297e-01 1.054687500000000000e-01 0.000000000000000000e+00 0.000000000000000000e+00
1.000000000000000000e+00 0.000000000000000000e+00 5.086263020833333912e-03 3.564860026041666852e-01 5.571899414062500000e-01 8.123779296875000000e-02 0.000000000000000000e+00 1.000000000000000000e+00
1.000000000000000000e+00 0.000000000000000000e+00 0.000000000000000000e+00 1.666666666666666574e-01 5.833333333333332593e-01 2.500000000000000000e-01 0.000000000000000000e+00 1.000000000000000000e+00
1.000000000000000000e+00 5.444335937500000000e-01 3.621419270833333703e-01 4.069010416666667129e-02 0.000000000000000000e+00 0.000000000000000000e+00 0.000000000000000000e+00 1.000000000000000000e+00
1.000000000000000000e+00 1.318359375000000000e-02 3.937174479166666297e-01 5.524088541666666297e-01 4.069010416666667129e-02 0.000000000000000000e+00 0.000000000000000000e+00 1.000000000000000000e+00
1.000000000000000000e+00 2.059936523437500000e-01 5.942179361979166297e-01 1.997477213541666574e-01 4.069010416666666441e-05 0.000000000000000000e+00 0.000000000000000000e+00 1.000000000000000000e+00
1.000000000000000000e+00 0.000000000000000000e+00 1.116536458333333287e-01 6.520182291666666297e-01 2.358398437500000000e-01 4.882812500000000000e-04 0.000000000000000000e+00 0.000000000000000000e+00
1.000000000000000000e+00 4.449462890625000000e-02 5.022989908854166297e-01 4.392496744791666297e-01 1.395670572916666609e-02 0.000000000000000000e+00 0.000000000000000000e+00 1.000000000000000000e+00
1.000000000000000000e+00 4.960937500000000000e-01 7.942708333333332871e-02 2.604166666666666522e-03 0.000000000000000000e+00 0.000000000000000000e+00 0.000000000000000000e+00 0.000000000000000000e+00
1.000000000000000000e+00 4.054565429687500000e-01 4.985555013020833703e-01 8.939615885416667129e-02 0.000000000000000000e+00 0.000000000000000000e+00 0.000000000000000000e+00 1.000000000000000000e+00
1.000000000000000000e+00 6.103515625000000000e-02 5.320638020833332593e-01 3.981119791666666297e-01 8.789062500000000000e-03 0.000000000000000000e+00 0.000000000000000000e+00 0.000000000000000000e+00
1.000000000000000000e+00 2.500000000000000000e-01 5.833333333333332593e-01 1.666666666666666574e-01 0.000000000000000000e+00 0.000000000000000000e+00 0.000000000000000000e+00 1.000000000000000000e+00
1.000000000000000000e+00 5.751342773437500000e-01 3.114624023437500000e-01 2.966308593750000000e-02 0.000000000000000000e+00 0.000000000000000000e+00 0.000000000000000000e+00 0.000000000000000000e+00
1.000000000000000000e+00 2.093505859375000000e-02 4.322713216145833148e-01 5.171305338541666297e-01 2.966308593750000000e-02 0.000000000000000000e+00 0.000000000000000000e+00 0.000000000000000000e+00
1.000000000000000000e+00 3.125000000000000000e-02 4.687500000000000000e-01 4.791666666666666297e-01 2.083333333333333218e-02 0.000000000000000000e+00 0.000000000000000000e+00 0.000000000000000000e+00
1.000000000000000000e+00 5.937500000000000000e-01 2.604166666666666297e-01 2.083333333333333218e-02 0.000000000000000000e+00 0.000000000000000000e+00 0.000000000000000000e+00 1.000000000000000000e+00
1.000000000000000000e+00 5.751342773437500000e-01 3.114624023437500000e-01 2.966308593750000000e-02 0.000000000000000000e+00 0.000000000000000000e+00 0.000000000000000000e+00 1.000000000000000000e+00
1.000000000000000000e+00 1.318359375000000000e-02 3.937174479166666297e-01 5.524088541666666297e-01 4.069010416666667129e-02 0.000000000000000000e+00 0.000000000000000000e+00 1.000000000000000000e+00
1.000000000000000000e+00 6.103515625000000000e-05 1.997273763020833148e-01 6.628824869791666297e-01 1.373291015625000000e-01 0.000000000000000000e+00 0.000000000000000000e+00 0.000000000000000000e+00
1.000000000000000000e+00 4.570312500000000000e-01 4.570312500000000000e-01 7.031250000000000000e-02 0.000000000000000000e+00 0.000000000000000000e+00 0.000000000000000000e+00 0.000000000000000000e+00
1.000000000000000000e+00 3.125000000000000000e-02 4.687500000000000000e-01 4.791666666666666297e-01 2.083333333333333218e-02 0.000000000000000000e+00 0.000000000000000000e+00 1.000000000000000000e+00
1.000000000000000000e+00 1.318359375000000000e-02 3.937174479166666297e-01 5.524088541666666297e-01 4.069010416666667129e-02 0.000000000000000000e+00 0.000000000000000000e+00 1.000000000000000000e+00
1.000000000000000000e+00 0.000000000000000000e+00 2.966308593750000000e-02 5.171305338541666297e-01 4.322713216145833148e-01 2.093505859375000000e-02 0.000000000000000000e+00 0.000000000000000000e+00
1.000000000000000000e+00 5.937500000000000000e-01 2.604166666666666297e-01 2.083333333333333218e-02 0.000000000000000000e+00 0.000000000000000000e+00 0.000000000000000000e+00 0.000000000000000000e+00
1.000000000000000000e+00 0.000000000000000000e+00 2.966308593750000000e-02 5.171305338541666297e-01 4.322713216145833148e-01 2.093505859375000000e-02 0.000000000000000000e+00 0.000000000000000000e+00
1.000000000000000000e+00 1.318359375000000000e-02 3.937174479166666297e-01 5.524088541666666297e-01 4.069010416666667129e-02 0.000000000000000000e+00 0.000000000000000000e+00 1.000000000000000000e+00
1.000000000000000000e+00 4.054565429687500000e-01 4.985555013020833703e-01 8.939615885416667129e-02 0.000000000000000000e+00 0.000000000000000000e+00 0.000000000000000000e+00 1.000000000000000000e+00
1.000000000000000000e+00 0.000000000000000000e+00 2.083333333333333218e-02 4.791666666666666297e-01 4.687500000000000000e-01 3.125000000000000000e-02 0.000000000000000000e+00 1.000000000000000000e+00
1.000000000000000000e+00 4.158325195312500000e-01 4.669189453125000000e-02 1.098632812500000000e-03 0.000000000000000000e+00 0.000000000000000000e+00 0.000000000000000000e+00 0.000000000000000000e+00
1.000000000000000000e+00 6.103515625000000000e-02 5.320638020833332593e-01 3.981119791666666297e-01 8.789062500000000000e-03 0.000000000000000000e+00 0.000000000000000000e+00 1.000000000000000000e+00
1.000000000000000000e+00 0.000000000000000000e+00 0.000000000000000000e+00 1.116536458333333287e-01 5.343424479166666297e-01 3.520507812500000000e-01 1.953125000000000000e-03 1.000000000000000000e+00
1.000000000000000000e+00 0.000000000000000000e+00 2.083333333333333218e-02 4.791666666666666297e-01 4.687500000000000000e-01 3.125000000000000000e-02 0.000000000000000000e+00 1.000000000000000000e+00
1.000000000000000000e+00 2.993774414062500000e-01 5.630493164062500000e-01 1.373291015625000000e-01 0.000000000000000000e+00 0.000000000000000000e+00 0.000000000000000000e+00 0.000000000000000000e+00
1.000000000000000000e+00 0.000000000000000000e+00 0.000000000000000000e+00 1.666666666666666574e-01 5.833333333333332593e-01 2.500000000000000000e-01 0.000000000000000000e+00 1.000000000000000000e+00
1.000000000000000000e+00 0.000000000000000000e+00 4.069010416666667129e-02 5.524088541666666297e-01 3.937174479166666297e-01 1.318359375000000000e-02 0.000000000000000000e+00 0.000000000000000000e+00
1.000000000000000000e+00 0.000000000000000000e+00 1.666666666666666574e-01 6.666666666666666297e-01 1.666666666666666574e-01 0.000000000000000000e+00 0.000000000000000000e+00 1.000000000000000000e+00
1.000000000000000000e+00 0.000000000000000000e+00 7.031250000000000000e-02 6.119791666666666297e-01 3.138020833333333148e-01 3.906250000000000000e-03 0.000000000000000000e+00 1.000000000000000000e+00
1.000000000000000000e+00 3.125000000000000000e-02 4.687500000000000000e-01 4.791666666666666297e-01 2.083333333333333218e-02 0.000000000000000000e+00 0.000000000000000000e+00 1.000000000000000000e+00
1.000000000000000000e+00 2.093505859375000000e-02 4.322713216145833148e-01 5.171305338541666297e-01 2.966308593750000000e-02 0.000000000000000000e+00 0.000000000000000000e+00 1.000000000000000000e+00
1.000000000000000000e+00 0.000000000000000000e+00 1.098632812500000000e-03 2.746988932291666297e-01 5.901082356770832593e-01 1.340942382812500000e-01 0.000000000000000000e+00 1.000000000000000000e+00
1.000000000000000000e+00 0.000000000000000000e+00 1.373291015625000000e-01 6.628824869791666297e-01 1.997273763020833148e-01 6.103515625000000000e-05 0.000000000000000000e+00 0.000000000000000000e+00
1.000000000000000000e+00 2.093505859375000000e-02 4.322713216145833148e-01 5.171305338541666297e-01 2.966308593750000000e-02 0.000000000000000000e+00 0.000000000000000000e+00 0.000000000000000000e+00
1.000000000000000000e+00 6.103515625000000000e-02 5.320638020833332593e-01 3.981119791666666297e-01 8.789062500000000000e-03 0.000000000000000000e+00 0.000000000000000000e+00 1.000000000000000000e+00
1.000000000000000000e+00 5.514526367187500000e-01 1.185099283854166713e-01 5.086263020833333912e-03 0.000000000000000000e+00 0.000000000000000000e+00 0.000000000000000000e+00 1.000000000000000000e+00
1.000000000000000000e+00 4.570312500000000000e-01 4.570312500000000000e-01 7.031250000000000000e-02 0.000000000000000000e+00 0.000000000000000000e+00 0.000000000000000000e+00 0.000000000000000000e+00
1.000000000000000000e+00 6.103515625000000000e-02 5.320638020833332593e-01 3.981119791666666297e-01 8.789062500000000000e-03 0.000000000000000000e+00 0.000000000000000000e+00 0.000000000000000000e+00
1.000000000000000000e+00 2.500000000000000000e-01 5.833333333333332593e-01 1.666666666666666574e-01 0.000000000000000000e+00 0.000000000000000000e+00 0.000000000000000000e+00 1.000000000000000000e+00
1.000000000000000000e+00 1.674804687500000000e-01 5.961914062500000000e-01 2.360026041666666574e-01 3.255208333333333153e-04 0.000000000000000000e+00 0.000000000000000000e+00 0.000000000000000000e+00
1.000000000000000000e+00 3.125000000000000000e-02 4.687500000000000000e-01 4.791666666666666297e-01 2.083333333333333218e-02 0.000000000000000000e+00 0.000000000000000000e+00 1.000000000000000000e+00
1.000000000000000000e+00 4.054565429687500000e-01 4.985555013020833703e-01 8.939615885416667129e-02 0.000000000000000000e+00 0.000000000000000000e+00 0.000000000000000000e+00 0.000000000000000000e+00
1.000000000000000000e+00 1.318359375000000000e-02 3.937174479166666297e-01 5.524088541666666297e-01 4.069010416666667129e-02 0.000000000000000000e+00 0.000000000000000000e+00 0.000000000000000000e+00
1.000000000000000000e+00 0.000000000000000000e+00 5.415852864583333565e-02 5.842692057291667407e-01 3.539428710937500000e-01 7.629394531250000000e-03 0.000000000000000000e+00 1.000000000000000000e+00
1.000000000000000000e+00 1.318359375000000000e-02 3.937174479166666297e-01 5.524088541666666297e-01 4.069010416666667129e-02 0.000000000000000000e+00 0.000000000000000000e+00 1.000000000000000000e+00
1.000000000000000000e+00 1.647949218750000000e-03 2.741495768229166297e-01 6.348063151041666297e-01 8.939615885416667129e-02 0.000000000000000000e+00 0.000000000000000000e+00 1.000000000000000000e+00
1.000000000000000000e+00 5.514526367187500000e-01 1.185099283854166713e-01 5.086263020833333912e-03 0.000000000000000000e+00 0.000000000000000000e+00 0.000000000000000000e+00 0.000000000000000000e+00
1.000000000000000000e+00 3.125000000000000000e-02 4.687500000000000000e-01 4.791666666666666297e-01 2.083333333333333218e-02 0.000000000000000000e+00 0.000000000000000000e+00 0.000000000000000000e+00
1.000000000000000000e+00 0.000000000000000000e+00 0.000000000000000000e+00 0.000000000000000000e+00 0.000000000000000000e+00 0.000000000000000000e+00 1.000000000000000000e+00 1.000000000000000000e+00
1.000000000000000000e+00 0.000000000000000000e+00 0.000000000000000000e+00 1.666666666666666574e-01 5.833333333333332593e-01 2.500000000000000000e-01 0.000000000000000000e+00 0.000000000000000000e+00
1.000000000000000000e+00 1.674804687500000000e-01 5.961914062500000000e-01 2.360026041666666574e-01 3.255208333333333153e-04 0.000000000000000000e+00 0.000000000000000000e+00 0.000000000000000000e+00
1.000000000000000000e+00 0.000000000000000000e+00 1.666666666666666574e-01 6.666666666666666297e-01 1.666666666666666574e-01 0.000000000000000000e+00 0.000000000000000000e+00 0.000000000000000000e+00
1.000000000000000000e+00 0.000000000000000000e+00 0.000000000000000000e+00 2.966308593750000000e-02 3.114624023437500000e-01 5.751342773437500000e-01 8.374023437500000000e-02 1.000000000000000000e+00
1.000000000000000000e+00 3.520507812500000000e-01 5.343424479166666297e-01 1.116536458333333287e-01 0.000000000000000000e+00 0.000000000000000000e+00 0.000000000000000000e+00 1.000000000000000000e+00
1.000000000000000000e+00 0.000000000000000000e+00 1.373291015625000000e-01 6.628824869791666297e-01 1.997273763020833148e-01 6.103515625000000000e-05 0.000000000000000000e+00 1.000000000000000000e+00
1.000000000000000000e+00 1.318359375000000000e-02 3.937174479166666297e-01 5.524088541666666297e-01 4.069010416666667129e-02 0.000000000000000000e+00 0.000000000000000000e+00 0.000000000000000000e+00
1.000000000000000000e+00 0.000000000000000000e+00 8.789062500000000000e-03 3.981119791666666297e-01 5.320638020833332593e-01 6.103515625000000000e-02 0.000000000000000000e+00 0.000000000000000000e+00
1.000000000000000000e+00 0.000000000000000000e+00 8.789062500000000000e-03 3.981119791666666297e-01 5.320638020833332593e-01 6.103515625000000000e-02 0.000000000000000000e+00 1.000000000000000000e+00
1.000000000000000000e+00 1.647949218750000000e-03 2.741495768229166297e-01 6.348063151041666297e-01 8.939615885416667129e-02 0.000000000000000000e+00 0.000000000000000000e+00 1.000000000000000000e+00
1.000000000000000000e+00 1.054687500000000000e-01 5.768229166666666297e-01 3.151041666666666297e-01 2.604166666666666522e-03 0.000000000000000000e+00 0.000000000000000000e+00 0.000000000000000000e+00
1.000000000000000000e+00 0.000000000000000000e+00 7.031250000000000000e-02 6.119791666666666297e-01 3.138020833333333148e-01 3.906250000000000000e-03 0.000000000000000000e+00 1.000000000000000000e+00
1.000000000000000000e+00 4.882812500000000000e-04 2.358398437500000000e-01 6.520182291666666297e-01 1.116536458333333287e-01 0.000000000000000000e+00 0.000000000000000000e+00 1.000000000000000000e+00
1.000000000000000000e+00 5.977172851562500000e-01 2.103474934895833148e-01 1.395670572916666609e-02 0.000000000000000000e+00 0.000000000000000000e+00 0.000000000000000000e+00 0.000000000000000000e+00
1.000000000000000000e+00 0.000000000000000000e+00 5.086263020833333912e-03 3.564860026041666852e-01 5.571899414062500000e-01 8.123779296875000000e-02 0.000000000000000000e+00 0.000000000000000000e+00
1.000000000000000000e+00 4.882812500000000000e-04 2.358398437500000000e-01 6.520182291666666297e-01 1.116536458333333287e-01 0.000000000000000000e+00 0.000000000000000000e+00 1.000000000000000000e+00
1.000000000000000000e+00 5.977172851562500000e-01 2.103474934895833148e-01 1.395670572916666609e-02 0.000000000000000000e+00 0.000000000000000000e+00 0.000000000000000000e+00 1.000000000000000000e+00
1.000000000000000000e+00 1.647949218750000000e-03 2.741495768229166297e-01 6.348063151041666297e-01 8.939615885416667129e-02 0.000000000000000000e+00 0.000000000000000000e+00 1.000000000000000000e+00
1.000000000000000000e+00 4.054565429687500000e-01 4.985555013020833703e-01 8.939615885416667129e-02 0.000000000000000000e+00 0.000000000000000000e+00 0.000000000000000000e+00 0.000000000000000000e+00
1.000000000000000000e+00 3.906250000000000000e-03 3.138020833333333148e-01 6.119791666666666297e-01 7.031250000000000000e-02 0.000000000000000000e+00 0.000000000000000000e+00 1.000000000000000000e+00
1.000000000000000000e+00 1.318359375000000000e-02 3.937174479166666297e-01 5.524088541666666297e-01 4.069010416666667129e-02 0.000000000000000000e+00 0.000000000000000000e+00 0.000000000000000000e+00
1.000000000000000000e+00 4.449462890625000000e-02 5.022989908854166297e-01 4.392496744791666297e-01 1.395670572916666609e-02 0.000000000000000000e+00 0.000000000000000000e+00 1.000000000000000000e+00
1.000000000000000000e+00 0.000000000000000000e+00 1.395670572916666609e-02 4.392496744791666297e-01 5.022989908854166297e-01 4.449462890625000000e-02 0.000000000000000000e+00 0.000000000000000000e+00
1.000000000000000000e+00 2.093505859375000000e-02 4.322713216145833148e-01 5.171305338541666297e-01 2.966308593750000000e-02 0.000000000000000000e+00 0.000000000000000000e+00 0.000000000000000000e+00
1.000000000000000000e+00 1.647949218750000000e-03 2.741495768229166297e-01 6.348063151041666297e-01 8.939615885416667129e-02 0.000000000000000000e+00 0.000000000000000000e+00 0.000000000000000000e+00
1.000000000000000000e+00 5.514526367187500000e-01 1.185099283854166713e-01 5.086263020833333912e-03 0.000000000000000000e+00 0.000000000000000000e+00 0.000000000000000000e+00 1.000000000000000000e+00
1.000000000000000000e+00 4.570312500000000000e-01 4.570312500000000000e-01 7.031250000000000000e-02 0.000000000000000000e+00 0.000000000000000000e+00 0.000000000000000000e+00 1.000000000000000000e+00
1.000000000000000000e+00 0.000000000000000000e+00 5.415852864583333565e-02 5.842692057291667407e-01 3.539428710937500000e-01 7.629394531250000000e-03 0.000000000000000000e+00 0.000000000000000000e+00
1.000000000000000000e+00 5.444335937500000000e-01 3.621419270833333703e-01 4.069010416666667129e-02 0.000000000000000000e+00 0.000000000000000000e+00 0.000000000000000000e+00 1.000000000000000000e+00
1.000000000000000000e+00 1.054687500000000000e-01 5.768229166666666297e-01 3.151041666666666297e-01 2.604166666666666522e-03 0.000000000000000000e+00 0.000000000000000000e+00 1.000000000000000000e+00
1.000000000000000000e+00 5.937500000000000000e-01 2.604166666666666297e-01 2.083333333333333218e-02 0.000000000000000000e+00 0.000000000000000000e+00 0.000000000000000000e+00 1.000000000000000000e+00
1.000000000000000000e+00 0.000000000000000000e+00 8.939615885416667129e-02 6.348063151041666297e-01 2.741495768229166297e-01 1.647949218750000000e-03 0.000000000000000000e+00 0.000000000000000000e+00
1.000000000000000000e+00 8.123779296875000000e-02 5.571899414062500000e-01 3.564860026041666852e-01 5.086263020833333912e-03 0.000000000000000000e+00 0.000000000000000000e+00 0.000000000000000000e+00
1.000000000000000000e+00 5.977172851562500000e-01 2.103474934895833148e-01 1.395670572916666609e-02 0.000000000000000000e+00 0.000000000000000000e+00 0.000000000000000000e+00 0.000000000000000000e+00
1.000000000000000000e+00 4.570312500000000000e-01 4.570312500000000000e-01 7.031250000000000000e-02 0.000000000000000000e+00 0.000000000000000000e+00 0.000000000000000000e+00 1.000000000000000000e+00
1.000000000000000000e+00 3.125000000000000000e-02 4.687500000000000000e-01 4.791666666666666297e-01 2.083333333333333218e-02 0.000000000000000000e+00 0.000000000000000000e+00 0.000000000000000000e+00
1.000000000000000000e+00 0.000000000000000000e+00 1.395670572916666609e-02 4.392496744791666297e-01 5.022989908854166297e-01 4.449462890625000000e-02 0.000000000000000000e+00 0.000000000000000000e+00
1.000000000000000000e+00 2.500000000000000000e-01 5.833333333333332593e-01 1.666666666666666574e-01 0.000000000000000000e+00 0.000000000000000000e+00 0.000000000000000000e+00 0.000000000000000000e+00
1.000000000000000000e+00 5.844726562500000000e-01 1.625976562500000000e-01 8.789062500000000000e-03 0.000000000000000000e+00 0.000000000000000000e+00 0.000000000000000000e+00 0.000000000000000000e+00
1.000000000000000000e+00 1.674804687500000000e-01 5.961914062500000000e-01 2.360026041666666574e-01 3.255208333333333153e-04 0.000000000000000000e+00 0.000000000000000000e+00 1.000000000000000000e+00
1.000000000000000000e+00 5.844726562500000000e-01 1.625976562500000000e-01 8.789062500000000000e-03 0.000000000000000000e+00 0.000000000000000000e+00 0.000000000000000000e+00 0.000000000000000000e+00
1.000000000000000000e+00 2.500000000000000000e-01 5.833333333333332593e-01 1.666666666666666574e-01 0.000000000000000000e+00 0.000000000000000000e+00 0.000000000000000000e+00 0.000000000000000000e+00
1.000000000000000000e+00 5.444335937500000000e-01 3.621419270833333703e-01 4.069010416666667129e-02 0.000000000000000000e+00 0.000000000000000000e+00 0.000000000000000000e+00 0.000000000000000000e+00
1.000000000000000000e+00 4.882812500000000000e-04 2.358398437500000000e-01 6.520182291666666297e-01 1.116536458333333287e-01 0.000000000000000000e+00 0.000000000000000000e+00 0.000000000000000000e+00
1.000000000000000000e+00 0.000000000000000000e+00 2.966308593750000000e-02 5.171305338541666297e-01 4.322713216145833148e-01 2.093505859375000000e-02 0.000000000000000000e+00 0.000000000000000000e+00
1.000000000000000000e+00 2.093505859375000000e-02 4.322713216145833148e-01 5.171305338541666297e-01 2.966308593750000000e-02 0.000000000000000000e+00 0.000000000000000000e+00 0.000000000000000000e+00
1.000000000000000000e+00 7.629394531250000000e-03 3.539428710937500000e-01 5.842692057291667407e-01 5.415852864583333565e-02 0.000000000000000000e+00 0.000000000000000000e+00 1.000000000000000000e+00
1.000000000000000000e+00 5.937500000000000000e-01 2.604166666666666297e-01 2.083333333333333218e-02 0.000000000000000000e+00 0.000000000000000000e+00 0.000000000000000000e+00 1.000000000000000000e+00
1.000000000000000000e+00 4.570312500000000000e-01 4.570312500000000000e-01 7.031250000000000000e-02 0.000000000000000000e+00 0.000000000000000000e+00 0.000000000000000000e+00 0.000000000000000000e+00
1.000000000000000000e+00 5.444335937500000000e-01 3.621419270833333703e-01 4.069010416666667129e-02 0.000000000000000000e+00 0.000000000000000000e+00 0.000000000000000000e+00 1.000000000000000000e+00
1.000000000000000000e+00 0.000000000000000000e+00 0.000000000000000000e+00 2.083333333333333218e-02 2.604166666666666297e-01 5.937500000000000000e-01 1.250000000000000000e-01 1.000000000000000000e+00
1.000000000000000000e+00 6.103515625000000000e-02 5.320638020833332593e-01 3.981119791666666297e-01 8.789062500000000000e-03 0.000000000000000000e+00 0.000000000000000000e+00 1.000000000000000000e+00
1.000000000000000000e+00 0.000000000000000000e+00 0.000000000000000000e+00 1.666666666666666574e-01 5.833333333333332593e-01 2.500000000000000000e-01 0.000000000000000000e+00 0.000000000000000000e+00
1.000000000000000000e+00 0.000000000000000000e+00 8.789062500000000000e-03 3.981119791666666297e-01 5.320638020833332593e-01 6.103515625000000000e-02 0.000000000000000000e+00 1.000000000000000000e+00
1.000000000000000000e+00 0.000000000000000000e+00 5.415852864583333565e-02 5.842692057291667407e-01 3.539428710937500000e-01 7.629394531250000000e-03 0.000000000000000000e+00 0.000000000000000000e+00
1.000000000000000000e+00 3.520507812500000000e-01 5.343424479166666297e-01 1.116536458333333287e-01 0.000000000000000000e+00 0.000000000000000000e+00 0.000000000000000000e+00 0.000000000000000000e+00
1.000000000000000000e+00 2.093505859375000000e-02 4.322713216145833148e-01 5.171305338541666297e-01 2.966308593750000000e-02 0.000000000000000000e+00 0.000000000000000000e+00 0.000000000000000000e+00
1.000000000000000000e+00 0.000000000000000000e+00 0.000000000000000000e+00 8.939615885416667129e-02 4.985555013020833703e-01 4.054565429687500000e-01 6.591796875000000000e-03 0.000000000000000000e+00
1.000000000000000000e+00 1.647949218750000000e-03 2.741495768229166297e-01 6.348063151041666297e-01 8.939615885416667129e-02 0.000000000000000000e+00 0.000000000000000000e+00 0.000000000000000000e+00
1.000000000000000000e+00 1.318359375000000000e-02 3.937174479166666297e-01 5.524088541666666297e-01 4.069010416666667129e-02 0.000000000000000000e+00 0.000000000000000000e+00 0.000000000000000000e+00
1.000000000000000000e+00 4.449462890625000000e-02 5.022989908854166297e-01 4.392496744791666297e-01 1.395670572916666609e-02 0.000000000000000000e+00 0.000000000000000000e+00 1.000000000000000000e+00
1.000000000000000000e+00 0.000000000000000000e+00 1.373291015625000000e-01 6.628824869791666297e-01 1.997273763020833148e-01 6.103515625000000000e-05 0.000000000000000000e+00 0.000000000000000000e+00
1.000000000000000000e+00 1.340942382812500000e-01 5.901082356770832593e-01 2.746988932291666297e-01 1.098632812500000000e-03 0.000000000000000000e+00 0.000000000000000000e+00 0.000000000000000000e+00
1.000000000000000000e+00 4.570312500000000000e-01 4.570312500000000000e-01 7.031250000000000000e-02 0.000000000000000000e+00 0.000000000000000000e+00 0.000000000000000000e+00 1.000000000000000000e+00
1.000000000000000000e+00 2.500000000000000000e-01 5.833333333333332593e-01 1.666666666666666574e-01 0.000000000000000000e+00 0.000000000000000000e+00 0.000000000000000000e+00 0.000000000000000000e+00
1.000000000000000000e+00 0.000000000000000000e+00 0.000000000000000000e+00 1.116536458333333287e-01 5.343424479166666297e-01 3.520507812500000000e-01 1.953125000000000000e-03 1.000000000000000000e+00
1.000000000000000000e+00 5.042114257812500000e-01 4.111124674479166852e-01 5.415852864583333565e-02 0.000000000000000000e+00 0.000000000000000000e+00 0.000000000000000000e+00 1.000000000000000000e+00
1.000000000000000000e+00 5.751342773437500000e-01 3.114624023437500000e-01 2.966308593750000000e-02 0.000000000000000000e+00 0.000000000000000000e+00 0.000000000000000000e+00 1.000000000000000000e+00
1.000000000000000000e+00 5.844726562500000000e-01 1.625976562500000000e-01 8.789062500000000000e-03 0.000000000000000000e+00 0.000000000000000000e+00 0.000000000000000000e+00 1.000000000000000000e+00
1.000000000000000000e+00 0.000000000000000000e+00 0.000000000000000000e+00 2.604166666666666522e-03 7.942708333333332871e-02 4.960937500000000000e-01 4.218750000000000000e-01 0.000000000000000000e+00
1.000000000000000000e+00 6.103515625000000000e-05 1.997273763020833148e-01 6.628824869791666297e-01 1.373291015625000000e-01 0.000000000000000000e+00 0.000000000000000000e+00 1.000000000000000000e+00
1.000000000000000000e+00 4.054565429687500000e-01 4.985555013020833703e-01 8.939615885416667129e-02 0.000000000000000000e+00 0.000000000000000000e+00 0.000000000000000000e+00 1.000000000000000000e+00
1.000000000000000000e+00 6.103515625000000000e-02 5.320638020833332593e-01 3.981119791666666297e-01 8.789062500000000000e-03 0.000000000000000000e+00 0.000000000000000000e+00 1.000000000000000000e+00
1.000000000000000000e+00 5.751342773437500000e-01 3.114624023437500000e-01 2.966308593750000000e-02 0.000000000000000000e+00 0.000000000000000000e+00 0.000000000000000000e+00 0.000000000000000000e+00
1.000000000000000000e+00 4.570312500000000000e-01 4.570312500000000000e-01 7.031250000000000000e-02 0.000000000000000000e+00 0.000000000000000000e+00 0.000000000000000000e+00 1.000000000000000000e+00
1.000000000000000000e+00 0.000000000000000000e+00 8.939615885416667129e-02 6.348063151041666297e-01 2.741495768229166297e-01 1.647949218750000000e-03 0.000000000000000000e+00 0.000000000000000000e+00
1.000000000000000000e+00 2.093505859375000000e-02 4.322713216145833148e-01 5.171305338541666297e-01 2.966308593750000000e-02 0.000000000000000000e+00 0.000000000000000000e+00 0.000000000000000000e+00
1.000000000000000000e+00 4.960937500000000000e-01 7.942708333333332871e-02 2.604166666666666522e-03 0.000000000000000000e+00 0.000000000000000000e+00 0.000000000000000000e+00 1.000000000000000000e+00
1.000000000000000000e+00 3.125000000000000000e-02 4.687500000000000000e-01 4.791666666666666297e-01 2.083333333333333218e-02 0.000000000000000000e+00 0.000000000000000000e+00 1.000000000000000000e+00
1.000000000000000000e+00 0.000000000000000000e+00 5.415852864583333565e-02 5.842692057291667407e-01 3.539428710937500000e-01 7.629394531250000000e-03 0.000000000000000000e+00 0.000000000000000000e+00
1.000000000000000000e+00 4.054565429687500000e-01 4.985555013020833703e-01 8.939615885416667129e-02 0.000000000000000000e+00 0.000000000000000000e+00 0.000000000000000000e+00 0.000000000000000000e+00
1.000000000000000000e+00 0.000000000000000000e+00 1.098632812500000000e-03 2.746988932291666297e-01 5.901082356770832593e-01 1.340942382812500000e-01 0.000000000000000000e+00 0.000000000000000000e+00
1.000000000000000000e+00 0.000000000000000000e+00 8.789062500000000000e-03 3.981119791666666297e-01 5.320638020833332593e-01 6.103515625000000000e-02 0.000000000000000000e+00 0.000000000000000000e+00
1.000000000000000000e+00 4.158325195312500000e-01 4.669189453125000000e-02 1.098632812500000000e-03 0.000000000000000000e+00 0.000000000000000000e+00 0.000000000000000000e+00 1.000000000000000000e+00
1.000000000000000000e+00 3.125000000000000000e-02 4.687500000000000000e-01 4.791666666666666297e-01 2.083333333333333218e-02 0.000000000000000000e+00 0.000000000000000000e+00 1.000000000000000000e+00
1.000000000000000000e+00 0.000000000000000000e+00 0.000000000000000000e+00 4.069010416666667129e-02 3.621419270833333703e-01 5.444335937500000000e-01 5.273437500000000000e-02 1.000000000000000000e+00
1.000000000000000000e+00 0.000000000000000000e+00 2.604166666666666522e-03 3.151041666666666297e-01 5.768229166666666297e-01 1.054687500000000000e-01 0.000000000000000000e+00 1.000000000000000000e+00
1.000000000000000000e+00 4.960937500000000000e-01 7.942708333333332871e-02 2.604166666666666522e-03 0.000000000000000000e+00 0.000000000000000000e+00 0.000000000000000000e+00 0.000000000000000000e+00
1.000000000000000000e+00 2.500000000000000000e-01 5.833333333333332593e-01 1.666666666666666574e-01 0.000000000000000000e+00 0.000000000000000000e+00 0.000000000000000000e+00 0.000000000000000000e+00
1.000000000000000000e+00 2.993774414062500000e-01 5.630493164062500000e-01 1.373291015625000000e-01 0.000000000000000000e+00 0.000000000000000000e+00 0.000000000000000000e+00 0.000000000000000000e+00
1.000000000000000000e+00 2.059936523437500000e-01 5.942179361979166297e-01 1.997477213541666574e-01 4.069010416666666441e-05 0.000000000000000000e+00 0.000000000000000000e+00 0.000000000000000000e+00
1.000000000000000000e+00 4.570312500000000000e-01 4.570312500000000000e-01 7.031250000000000000e-02 0.000000000000000000e+00 0.000000000000000000e+00 0.000000000000000000e+00 0.000000000000000000e+00
1.000000000000000000e+00 5.444335937500000000e-01 3.621419270833333703e-01 4.069010416666667129e-02 0.000000000000000000e+00 0.000000000000000000e+00 0.000000000000000000e+00 1.000000000000000000e+00
1.000000000000000000e+00 5.844726562500000000e-01 1.625976562500000000e-01 8.789062500000000000e-03 0.000000000000000000e+00 0.000000000000000000e+00 0.000000000000000000e+00 1.000000000000000000e+00
1.000000000000000000e+00 1.674804687500000000e-01 5.961914062500000000e-01 2.360026041666666574e-01 3.255208333333333153e-04 0.000000000000000000e+00 0.000000000000000000e+00 0.000000000000000000e+00
1.000000000000000000e+00 8.123779296875000000e-02 5.571899414062500000e-01 3.564860026041666852e-01 5.086263020833333912e-03 0.000000000000000000e+00 0.000000000000000000e+00 0.000000000000000000e+00
1.000000000000000000e+00 0.000000000000000000e+00 0.000000000000000000e+00 1.395670572916666609e-02 2.103474934895833148e-01 5.977172851562500000e-01 1.779785156250000000e-01 1.000000000000000000e+00
1.000000000000000000e+00 0.000000000000000000e+00 0.000000000000000000e+00 4.069010416666667129e-02 3.621419270833333703e-01 5.444335937500000000e-01 5.273437500000000000e-02 1.000000000000000000e+00
1.000000000000000000e+00 0.000000000000000000e+00 1.395670572916666609e-02 4.392496744791666297e-01 5.022989908854166297e-01 4.449462890625000000e-02 0.000000000000000000e+00 1.000000000000000000e+00
1.000000000000000000e+00 2.059936523437500000e-01 5.942179361979166297e-01 1.997477213541666574e-01 4.069010416666666441e-05 0.000000000000000000e+00 0.000000000000000000e+00 1.000000000000000000e+00
1.000000000000000000e+00 0.000000000000000000e+00 8.789062500000000000e-03 3.981119791666666297e-01 5.320638020833332593e-01 6.103515625000000000e-02 0.000000000000000000e+00 0.000000000000000000e+00
1.000000000000000000e+00 2.993774414062500000e-01 5.630493164062500000e-01 1.373291015625000000e-01 0.000000000000000000e+00 0.000000000000000000e+00 0.000000000000000000e+00 1.000000000000000000e+00
1.000000000000000000e+00 0.000000000000000000e+00 7.031250000000000000e-02 6.119791666666666297e-01 3.138020833333333148e-01 3.906250000000000000e-03 0.000000000000000000e+00 1.000000000000000000e+00
1.000000000000000000e+00 4.570312500000000000e-01 4.570312500000000000e-01 7.031250000000000000e-02 0.000000000000000000e+00 0.000000000000000000e+00 0.000000000000000000e+00 1.000000000000000000e+00
1.000000000000000000e+00 4.449462890625000000e-02 5.022989908854166297e-01 4.392496744791666297e-01 1.395670572916666609e-02 0.000000000000000000e+00 0.000000000000000000e+00 0.000000000000000000e+00
1.000000000000000000e+00 6.103515625000000000e-02 5.320638020833332593e-01 3.981119791666666297e-01 8.789062500000000000e-03 0.000000000000000000e+00 0.000000000000000000e+00 0.000000000000000000e+00
1.000000000000000000e+00 6.103515625000000000e-02 5.320638020833332593e-01 3.981119791666666297e-01 8.789062500000000000e-03 0.000000000000000000e+00 0.000000000000000000e+00 1.000000000000000000e+00
1.000000000000000000e+00 0.000000000000000000e+00 2.604166666666666522e-03 3.151041666666666297e-01 5.768229166666666297e-01 1.054687500000000000e-01 0.000000000000000000e+00 1.000000000000000000e+00
1.000000000000000000e+00 6.103515625000000000e-05 1.997273763020833148e-01 6.628824869791666297e-01 1.373291015625000000e-01 0.000000000000000000e+00 0.000000000000000000e+00 1.000000000000000000e+00
1.000000000000000000e+00 1.647949218750000000e-03 2.741495768229166297e-01 6.348063151041666297e-01 8.939615885416667129e-02 0.000000000000000000e+00 0.000000000000000000e+00 0.000000000000000000e+00
1.000000000000000000e+00 1.054687500000000000e-01 5.768229166666666297e-01 3.151041666666666297e-01 2.604166666666666522e-03 0.000000000000000000e+00 0.000000000000000000e+00 1.000000000000000000e+00
1.000000000000000000e+00 0.000000000000000000e+00 0.000000000000000000e+00 1.373291015625000000e-01 5.630493164062500000e-01 2.993774414062500000e-01 2.441406250000000000e-04 0.000000000000000000e+00
1.000000000000000000e+00 0.000000000000000000e+00 2.604166666666666522e-03 3.151041666666666297e-01 5.768229166666666297e-01 1.054687500000000000e-01 0.000000000000000000e+00 1.000000000000000000e+00
1.000000000000000000e+00 4.960937500000000000e-01 7.942708333333332871e-02 2.604166666666666522e-03 0.000000000000000000e+00 0.000000000000000000e+00 0.000000000000000000e+00 1.000000000000000000e+00
1.000000000000000000e+00 0.000000000000000000e+00 0.000000000000000000e+00 8.939615885416667129e-02 4.985555013020833703e-01 4.054565429687500000e-01 6.591796875000000000e-03 1.000000000000000000e+00
1.000000000000000000e+00 3.125000000000000000e-02 4.687500000000000000e-01 4.791666666666666297e-01 2.083333333333333218e-02 0.000000000000000000e+00 0.000000000000000000e+00 1.000000000000000000e+00
1.000000000000000000e+00 0.000000000000000000e+00 7.031250000000000000e-02 6.119791666666666297e-01 3.138020833333333148e-01 3.906250000000000000e-03 0.000000000000000000e+00 1.000000000000000000e+00
1.000000000000000000e+00 1.340942382812500000e-01 5.901082356770832593e-01 2.746988932291666297e-01 1.098632812500000000e-03 0.000000000000000000e+00 0.000000000000000000e+00 0.000000000000000000e+00
1.000000000000000000e+00 0.000000000000000000e+00 4.069010416666667129e-02 5.524088541666666297e-01 3.937174479166666297e-01 1.318359375000000000e-02 0.000000000000000000e+00 1.000000000000000000e+00
1.000000000000000000e+00 1.318359375000000000e-02 3.937174479166666297e-01 5.524088541666666297e-01 4.069010416666667129e-02 0.000000000000000000e+00 0.000000000000000000e+00 1.000000000000000000e+00
1.000000000000000000e+00 2.059936523437500000e-01 5.942179361979166297e-01 1.997477213541666574e-01 4.069010416666666441e-05 0.000000000000000000e+00 0.000000000000000000e+00 1.000000000000000000e+00
1.000000000000000000e+00 1.340942382812500000e-01 5.901082356770832593e-01 2.746988932291666297e-01 1.098632812500000000e-03 0.000000000000000000e+00 0.000000000000000000e+00 1.000000000000000000e+00
1.000000000000000000e+00 4.570312500000000000e-01 4.570312500000000000e-01 7.031250000000000000e-02 0.000000000000000000e+00 0.000000000000000000e+00 0.000000000000000000e+00 0.000000000000000000e+00
1.000000000000000000e+00 0.000000000000000000e+00 4.069010416666667129e-02 5.524088541666666297e-01 3.937174479166666297e-01 1.318359375000000000e-02 0.000000000000000000e+00 0.000000000000000000e+00
1.000000000000000000e+00 0.000000000000000000e+00 8.939615885416667129e-02 6.348063151041666297e-01 2.741495768229166297e-01 1.647949218750000000e-03 0.000000000000000000e+00 0.000000000000000000e+00
1.000000000000000000e+00 1.647949218750000000e-03 2.741495768229166297e-01 6.348063151041666297e-01 8.939615885416667129e-02 0.000000000000000000e+00 0.000000000000000000e+00 1.000000000000000000e+00
1.000000000000000000e+00 1.340942382812500000e-01 5.901082356770832593e-01 2.746988932291666297e-01 1.098632812500000000e-03 0.000000000000000000e+00 0.000000000000000000e+00 1.000000000000000000e+00
1.000000000000000000e+00 5.514526367187500000e-01 1.185099283854166713e-01 5.086263020833333912e-03 0.000000000000000000e+00 0.000000000000000000e+00 0.000000000000000000e+00 1.000000000000000000e+00
1.000000000000000000e+00 3.125000000000000000e-02 4.687500000000000000e-01 4.791666666666666297e-01 2.083333333333333218e-02 0.000000000000000000e+00 0.000000000000000000e+00 1.000000000000000000e+00
1.000000000000000000e+00 1.318359375000000000e-02 3.937174479166666297e-01 5.524088541666666297e-01 4.069010416666667129e-02 0.000000000000000000e+00 0.000000000000000000e+00 1.000000000000000000e+00
1.000000000000000000e+00 2.059936523437500000e-01 5.942179361979166297e-01 1.997477213541666574e-01 4.069010416666666441e-05 0.000000000000000000e+00 0.000000000000000000e+00 1.000000000000000000e+00
1.000000000000000000e+00 0.000000000000000000e+00 7.031250000000000000e-02 6.119791666666666297e-01 3.138020833333333148e-01 3.906250000000000000e-03 0.000000000000000000e+00 0.000000000000000000e+00
1.000000000000000000e+00 0.000000000000000000e+00 4.069010416666667129e-02 5.524088541666666297e-01 3.937174479166666297e-01 1.318359375000000000e-02 0.000000000000000000e+00 0.000000000000000000e+00
1.000000000000000000e+00 6.103515625000000000e-05 1.997273763020833148e-01 6.628824869791666297e-01 1.373291015625000000e-01 0.000000000000000000e+00 0.000000000000000000e+00 0.000000000000000000e+00
1.000000000000000000e+00 6.103515625000000000e-05 1.997273763020833148e-01 6.628824869791666297e-01 1.373291015625000000e-01 0.000000000000000000e+00 0.000000000000000000e+00 1.000000000000000000e+00
1.000000000000000000e+00 1.318359375000000000e-02 3.937174479166666297e-01 5.524088541666666297e-01 4.069010416666667129e-02 0.000000000000000000e+00 0.000000000000000000e+00 1.000000000000000000e+00
1.000000000000000000e+00 7.629394531250000000e-03 3.539428710937500000e-01 5.842692057291667407e-01 5.415852864583333565e-02 0.000000000000000000e+00 0.000000000000000000e+00 1.000000000000000000e+00
1.000000000000000000e+00 4.449462890625000000e-02 5.022989908854166297e-01 4.392496744791666297e-01 1.395670572916666609e-02 0.000000000000000000e+00 0.000000000000000000e+00 0.000000000000000000e+00
1.000000000000000000e+00 3.906250000000000000e-03 3.138020833333333148e-01 6.119791666666666297e-01 7.031250000000000000e-02 0.000000000000000000e+00 0.000000000000000000e+00 1.000000000000000000e+00
1.000000000000000000e+00 0.000000000000000000e+00 5.086263020833333912e-03 3.564860026041666852e-01 5.571899414062500000e-01 8.123779296875000000e-02 0.000000000000000000e+00 1.000000000000000000e+00
1.000000000000000000e+00 5.444335937500000000e-01 3.621419270833333703e-01 4.069010416666667129e-02 0.000000000000000000e+00 0.000000000000000000e+00 0.000000000000000000e+00 1.000000000000000000e+00
1.000000000000000000e+00 4.449462890625000000e-02 5.022989908854166297e-01 4.392496744791666297e-01 1.395670572916666609e-02 0.000000000000000000e+00 0.000000000000000000e+00 1.000000000000000000e+00
1.000000000000000000e+00 0.000000000000000000e+00 0.000000000000000000e+00 1.395670572916666609e-02 2.103474934895833148e-01 5.977172851562500000e-01 1.779785156250000000e-01 0.000000000000000000e+00
1.000000000000000000e+00 4.449462890625000000e-02 5.022989908854166297e-01 4.392496744791666297e-01 1.395670572916666609e-02 0.000000000000000000e+00 0.000000000000000000e+00 0.000000000000000000e+00
1.000000000000000000e+00 4.158325195312500000e-01 4.669189453125000000e-02 1.098632812500000000e-03 0.000000000000000000e+00 0.000000000000000000e+00 0.000000000000000000e+00 1.000000000000000000e+00
1.000000000000000000e+00 4.158325195312500000e-01 4.669189453125000000e-02 1.098632812500000000e-03 0.000000000000000000e+00 0.000000000000000000e+00 0.000000000000000000e+00 0.000000000000000000e+00
1.000000000000000000e+00 8.123779296875000000e-02 5.571899414062500000e-01 3.564860026041666852e-01 5.086263020833333912e-03 0.000000000000000000e+00 0.000000000000000000e+00 1.000000000000000000e+00
1.000000000000000000e+00 0.000000000000000000e+00 0.000000000000000000e+00 8.789062500000000000e-03 1.625976562500000000e-01 5.844726562500000000e-01 2.441406250000000000e-01 0.000000000000000000e+00
1.000000000000000000e+00 0.000000000000000000e+00 1.373291015625000000e-01 6.628824869791666297e-01 1.997273763020833148e-01 6.103515625000000000e-05 0.000000000000000000e+00 1.000000000000000000e+00
1.000000000000000000e+00 4.054565429687500000e-01 4.985555013020833703e-01 8.939615885416667129e-02 0.000000000000000000e+00 0.000000000000000000e+00 0.000000000000000000e+00 0.000000000000000000e+00
1.000000000000000000e+00 0.000000000000000000e+00 0.000000000000000000e+00 1.116536458333333287e-01 5.343424479166666297e-01 3.520507812500000000e-01 1.953125000000000000e-03 1.000000000000000000e+00
1.000000000000000000e+00 1.054687500000000000e-01 5.768229166666666297e-01 3.151041666666666297e-01 2.604166666666666522e-03 0.000000000000000000e+00 0.000000000000000000e+00 1.000000000000000000e+00
1.000000000000000000e+00 0.000000000000000000e+00 1.666666666666666574e-01 6.666666666666666297e-01 1.666666666666666574e-01 0.000000000000000000e+00 0.000000000000000000e+00 1.000000000000000000e+00
1.000000000000000000e+00 5.042114257812500000e-01 4.111124674479166852e-01 5.415852864583333565e-02 0.000000000000000000e+00 0.000000000000000000e+00 0.000000000000000000e+00 0.000000000000000000e+00
1.000000000000000000e+00 6.103515625000000000e-02 5.320638020833332593e-01 3.981119791666666297e-01 8.789062500000000000e-03 0.000000000000000000e+00 0.000000000000000000e+00 1.000000000000000000e+00
1.000000000000000000e+00 0.000000000000000000e+00 5.415852864583333565e-02 5.842692057291667407e-01 3.539428710937500000e-01 7.629394531250000000e-03 0.000000000000000000e+00 1.000000000000000000e+00
1.000000000000000000e+00 1.318359375000000000e-02 3.937174479166666297e-01 5.524088541666666297e-01 4.069010416666667129e-02 0.000000000000000000e+00 0.000000000000000000e+00 0.000000000000000000e+00
1.000000000000000000e+00 8.123779296875000000e-02 5.571899414062500000e-01 3.564860026041666852e-01 5.086263020833333912e-03 0.000000000000000000e+00 0.000000000000000000e+00 0.000000000000000000e+00
1.000000000000000000e+00 4.054565429687500000e-01 4.985555013020833703e-01 8.939615885416667129e-02 0.000000000000000000e+00 0.000000000000000000e+00 0.000000000000000000e+00 0.000000000000000000e+00
1.000000000000000000e+00 6.103515625000000000e-05 1.997273763020833148e-01 6.628824869791666297e-01 1.373291015625000000e-01 0.000000000000000000e+00 0.000000000000000000e+00 1.000000000000000000e+00
1.000000000000000000e+00 0.000000000000000000e+00 0.000000000000000000e+00 1.373291015625000000e-01 5.630493164062500000e-01 2.993774414062500000e-01 2.441406250000000000e-04 0.000000000000000000e+00
1.000000000000000000e+00 2.993774414062500000e-01 5.630493164062500000e-01 1.373291015625000000e-01 0.000000000000000000e+00 0.000000000000000000e+00 0.000000000000000000e+00 0.000000000000000000e+00
1.000000000000000000e+00 4.158325195312500000e-01 4.669189453125000000e-02 1.098632812500000000e-03 0.000000000000000000e+00 0.000000000000000000e+00 0.000000000000000000e+00 0.000000000000000000e+00
1.000000000000000000e+00 2.993774414062500000e-01 5.630493164062500000e-01 1.373291015625000000e-01 0.000000000000000000e+00 0.000000000000000000e+00 0.000000000000000000e+00 0.000000000000000000e+00
1.000000000000000000e+00 1.340942382812500000e-01 5.901082356770832593e-01 2.746988932291666297e-01 1.098632812500000000e-03 0.000000000000000000e+00 0.000000000000000000e+00 1.000000000000000000e+00
1.000000000000000000e+00 1.054687500000000000e-01 5.768229166666666297e-01 3.151041666666666297e-01 2.604166666666666522e-03 0.000000000000000000e+00 0.000000000000000000e+00 1.000000000000000000e+00
1.000000000000000000e+00 1.340942382812500000e-01 5.901082356770832593e-01 2.746988932291666297e-01 1.098632812500000000e-03 0.000000000000000000e+00 0.000000000000000000e+00 0.000000000000000000e+00
1.000000000000000000e+00 2.093505859375000000e-02 4.322713216145833148e-01 5.171305338541666297e-01 2.966308593750000000e-02 0.000000000000000000e+00 0.000000000000000000e+00 1.000000000000000000e+00
1.000000000000000000e+00 5.042114257812500000e-01 4.111124674479166852e-01 5.415852864583333565e-02 0.000000000000000000e+00 0.000000000000000000e+00 0.000000000000000000e+00 0.000000000000000000e+00
1.000000000000000000e+00 0.000000000000000000e+00 1.116536458333333287e-01 6.520182291666666297e-01 2.358398437500000000e-01 4.882812500000000000e-04 0.000000000000000000e+00 0.000000000000000000e+00
1.000000000000000000e+00 0.000000000000000000e+00 4.069010416666667129e-02 5.524088541666666297e-01 3.937174479166666297e-01 1.318359375000000000e-02 0.000000000000000000e+00 1.000000000000000000e+00
1.000000000000000000e+00 1.340942382812500000e-01 5.901082356770832593e-01 2.746988932291666297e-01 1.098632812500000000e-03 0.000000000000000000e+00 0.000000000000000000e+00 0.000000000000000000e+00
1.000000000000000000e+00 0.000000000000000000e+00 2.083333333333333218e-02 4.791666666666666297e-01 4.687500000000000000e-01 3.125000000000000000e-02 0.000000000000000000e+00 1.000000000000000000e+00
1.000000000000000000e+00 0.000000000000000000e+00 1.116536458333333287e-01 6.520182291666666297e-01 2.358398437500000000e-01 4.882812500000000000e-04 0.000000000000000000e+00 0.000000000000000000e+00
1.000000000000000000e+00 0.000000000000000000e+00 2.604166666666666522e-03 3.151041666666666297e-01 5.768229166666666297e-01 1.054687500000000000e-01 0.000000000000000000e+00 0.000000000000000000e+00
1.000000000000000000e+00 0.000000000000000000e+00 2.083333333333333218e-02 4.791666666666666297e-01 4.687500000000000000e-01 3.125000000000000000e-02 0.000000000000000000e+00 1.000000000000000000e+00
1.000000000000000000e+00 0.000000000000000000e+00 2.966308593750000000e-02 5.171305338541666297e-01 4.322713216145833148e-01 2.093505859375000000e-02 0.000000000000000000e+00 1.000000000000000000e+00
1.000000000000000000e+00 0.000000000000000000e+00 0.000000000000000000e+00 1.116536458333333287e-01 5.343424479166666297e-01 3.520507812500000000e-01 1.953125000000000000e-03 1.000000000000000000e+00
1.000000000000000000e+00 0.000000000000000000e+00 2.083333333333333218e-02 4.791666666666666297e-01 4.687500000000000000e-01 3.125000000000000000e-02 0.000000000000000000e+00 1.000000000000000000e+00
1.000000000000000000e+00 0.000000000000000000e+00 2.604166666666666522e-03 3.151041666666666297e-01 5.768229166666666297e-01 1.054687500000000000e-01 0.000000000000000000e+00 0.000000000000000000e+00
1.000000000000000000e+00 2.993774414062500000e-01 5.630493164062500000e-01 1.373291015625000000e-01 0.000000000000000000e+00 0.000000000000000000e+00 0.000000000000000000e+00 1.000000000000000000e+00
1.000000000000000000e+00 3.520507812500000000e-01 5.343424479166666297e-01 1.116536458333333287e-01 0.000000000000000000e+00 0.000000000000000000e+00 0.000000000000000000e+00 0.000000000000000000e+00
1.000000000000000000e+00 2.993774414062500000e-01 5.630493164062500000e-01 1.373291015625000000e-01 0.000000000000000000e+00 0.000000000000000000e+00 0.000000000000000000e+00 1.000000000000000000e+00
1.000000000000000000e+00 0.000000000000000000e+00 8.789062500000000000e-03 3.981119791666666297e-01 5.320638020833332593e-01 6.103515625000000000e-02 0.000000000000000000e+00 0.000000000000000000e+00
1.000000000000000000e+00 1.647949218750000000e-03 2.741495768229166297e-01 6.348063151041666297e-01 8.939615885416667129e-02 0.000000000000000000e+00 0.000000000000000000e+00 0.000000000000000000e+00
1.000000000000000000e+00 3.520507812500000000e-01 5.343424479166666297e-01 1.116536458333333287e-01 0.000000000000000000e+00 0.000000000000000000e+00 0.000000000000000000e+00 1.000000000000000000e+00
1.000000000000000000e+00 8.123779296875000000e-02 5.571899414062500000e-01 3.564860026041666852e-01 5.086263020833333912e-03 0.000000000000000000e+00 0.000000000000000000e+00 1.000000000000000000e+00
1.000000000000000000e+00 0.000000000000000000e+00 1.373291015625000000e-01 6.628824869791666297e-01 1.997273763020833148e-01 6.103515625000000000e-05 0.000000000000000000e+00 0.000000000000000000e+00
1.000000000000000000e+00 2.993774414062500000e-01 5.630493164062500000e-01 1.373291015625000000e-01 0.000000000000000000e+00 0.000000000000000000e+00 0.000000000000000000e+00 1.000000000000000000e+00
1.000000000000000000e+00 1.318359375000000000e-02 3.937174479166666297e-01 5.524088541666666297e-01 4.069010416666667129e-02 0.000000000000000000e+00 0.000000000000000000e+00 1.000000000000000000e+00
1.000000000000000000e+00 0.000000000000000000e+00 4.069010416666666441e-05 1.997477213541666574e-01 5.942179361979166297e-01 2.059936523437500000e-01 0.000000000000000000e+00 1.000000000000000000e+00
1.000000000000000000e+00 2.500000000000000000e-01 5.833333333333332593e-01 1.666666666666666574e-01 0.000000000000000000e+00 0.000000000000000000e+00 0.000000000000000000e+00 0.000000000000000000e+00
1.000000000000000000e+00 0.000000000000000000e+00 0.000000000000000000e+00 1.116536458333333287e-01 5.343424479166666297e-01 3.520507812500000000e-01 1.953125000000000000e-03 0.000000000000000000e+00
1.000000000000000000e+00 4.449462890625000000e-02 5.022989908854166297e-01 4.392496744791666297e-01 1.395670572916666609e-02 0.000000000000000000e+00 0.000000000000000000e+00 1.000000000000000000e+00
1.000000000000000000e+00 1.647949218750000000e-03 2.741495768229166297e-01 6.348063151041666297e-01 8.939615885416667129e-02 0.000000000000000000e+00 0.000000000000000000e+00 0.000000000000000000e+00
1.000000000000000000e+00 3.081054687500000000e-01 2.164713541666666435e-02 3.255208333333333153e-04 0.000000000000000000e+00 0.000000000000000000e+00 0.000000000000000000e+00 0.000000000000000000e+00
1.000000000000000000e+00 2.993774414062500000e-01 5.630493164062500000e-01 1.373291015625000000e-01 0.000000000000000000e+00 0.000000000000000000e+00 0.000000000000000000e+00 1.000000000000000000e+00
1.000000000000000000e+00 0.000000000000000000e+00 1.395670572916666609e-02 4.392496744791666297e-01 5.022989908854166297e-01 4.449462890625000000e-02 0.000000000000000000e+00 1.000000000000000000e+00
1.000000000000000000e+00 0.000000000000000000e+00 0.000000000000000000e+00 5.086263020833333912e-03 1.185099283854166713e-01 5.514526367187500000e-01 3.249511718750000000e-01 0.000000000000000000e+00
1.000000000000000000e+00 7.629394531250000000e-03 3.539428710937500000e-01 5.842692057291667407e-01 5.415852864583333565e-02 0.000000000000000000e+00 0.000000000000000000e+00 0.000000000000000000e+00
1.000000000000000000e+00 8.123779296875000000e-02 5.571899414062500000e-01 3.564860026041666852e-01 5.086263020833333912e-03 0.000000000000000000e+00 0.000000000000000000e+00 0.000000000000000000e+00
1.000000000000000000e+00 4.882812500000000000e-04 2.358398437500000000e-01 6.520182291666666297e-01 1.116536458333333287e-01 0.000000000000000000e+00 0.000000000000000000e+00 1.000000000000000000e+00
1.000000000000000000e+00 0.000000000000000000e+00 0.000000000000000000e+00 2.083333333333333218e-02 2.604166666666666297e-01 5.937500000000000000e-01 1.250000000000000000e-01 0.000000000000000000e+00
1.000000000000000000e+00 0.000000000000000000e+00 5.415852864583333565e-02 5.842692057291667407e-01 3.539428710937500000e-01 7.629394531250000000e-03 0.000000000000000000e+00 0.000000000000000000e+00
1.000000000000000000e+00 5.977172851562500000e-01 2.103474934895833148e-01 1.395670572916666609e-02 0.000000000000000000e+00 0.000000000000000000e+00 0.000000000000000000e+00 1.000000000000000000e+00
1.000000000000000000e+00 5.444335937500000000e-01 3.621419270833333703e-01 4.069010416666667129e-02 0.000000000000000000e+00 0.000000000000000000e+00 0.000000000000000000e+00 1.000000000000000000e+00
1.000000000000000000e+00 0.000000000000000000e+00 1.373291015625000000e-01 6.628824869791666297e-01 1.997273763020833148e-01 6.103515625000000000e-05 0.000000000000000000e+00 1.000000000000000000e+00
1.000000000000000000e+00 0.000000000000000000e+00 0.000000000000000000e+00 1.373291015625000000e-01 5.630493164062500000e-01 2.993774414062500000e-01 2.441406250000000000e-04 1.000000000000000000e+00
1.000000000000000000e+00 1.340942382812500000e-01 5.901082356770832593e-01 2.746988932291666297e-01 1.098632812500000000e-03 0.000000000000000000e+00 0.000000000000000000e+00 0.000000000000000000e+00
1.000000000000000000e+00 4.449462890625000000e-02 5.022989908854166297e-01 4.392496744791666297e-01 1.395670572916666609e-02 0.000000000000000000e+00 0.000000000000000000e+00 1.000000000000000000e+00
1.000000000000000000e+00 4.570312500000000000e-01 4.570312500000000000e-01 7.031250000000000000e-02 0.000000000000000000e+00 0.000000000000000000e+00 0.000000000000000000e+00 0.000000000000000000e+00
1.000000000000000000e+00 0.000000000000000000e+00 1.098632812500000000e-03 2.746988932291666297e-01 5.901082356770832593e-01 1.340942382812500000e-01 0.000000000000000000e+00 1.000000000000000000e+00
1.000000000000000000e+00 3.125000000000000000e-02 4.687500000000000000e-01 4.791666666666666297e-01 2.083333333333333218e-02 0.000000000000000000e+00 0.000000000000000000e+00 0.000000000000000000e+00
1.000000000000000000e+00 6.103515625000000000e-02 5.320638020833332593e-01 3.981119791666666297e-01 8.789062500000000000e-03 0.000000000000000000e+00 0.000000000000000000e+00 1.000000000000000000e+00
1.000000000000000000e+00 0.000000000000000000e+00 1.395670572916666609e-02 4.392496744791666297e-01 5.022989908854166297e-01 4.449462890625000000e-02 0.000000000000000000e+00 1.000000000000000000e+00
1.000000000000000000e+00 0.000000000000000000e+00 2.966308593750000000e-02 5.171305338541666297e-01 4.322713216145833148e-01 2.093505859375000000e-02 0.000000000000000000e+00 0.000000000000000000e+00
1.000000000000000000e+00 1.674804687500000000e-01 5.961914062500000000e-01 2.360026041666666574e-01 3.255208333333333153e-04 0.000000000000000000e+00 0.000000000000000000e+00 1.000000000000000000e+00
1.000000000000000000e+00 0.000000000000000000e+00 0.000000000000000000e+00 5.086263020833333912e-03 1.185099283854166713e-01 5.514526367187500000e-01 3.249511718750000000e-01 1.000000000000000000e+00
1.000000000000000000e+00 1.340942382812500000e-01 5.901082356770832593e-01 2.746988932291666297e-01 1.098632812500000000e-03 0.000000000000000000e+00 0.000000000000000000e+00 1.000000000000000000e+00
1.000000000000000000e+00 2.500000000000000000e-01 5.833333333333332593e-01 1.666666666666666574e-01 0.000000000000000000e+00 0.000000000000000000e+00 0.000000000000000000e+00 0.000000000000000000e+00
1.000000000000000000e+00 2.059936523437500000e-01 5.942179361979166297e-01 1.997477213541666574e-01 4.069010416666666441e-05 0.000000000000000000e+00 0.000000000000000000e+00 0.000000000000000000e+00
1.000000000000000000e+00 5.042114257812500000e-01 4.111124674479166852e-01 5.415852864583333565e-02 0.000000000000000000e+00 0.000000000000000000e+00 0.000000000000000000e+00 0.000000000000000000e+00
1.000000000000000000e+00 2.059936523437500000e-01 5.942179361979166297e-01 1.997477213541666574e-01 4.069010416666666441e-05 0.000000000000000000e+00 0.000000000000000000e+00 1.000000000000000000e+00
1.000000000000000000e+00 0.000000000000000000e+00 0.000000000000000000e+00 1.373291015625000000e-01 5.630493164062500000e-01 2.993774414062500000e-01 2.441406250000000000e-04 0.000000000000000000e+00
1.000000000000000000e+00 1.647949218750000000e-03 2.741495768229166297e-01 6.348063151041666297e-01 8.939615885416667129e-02 0.000000000000000000e+00 0.000000000000000000e+00 0.000000000000000000e+00
1.000000000000000000e+00 4.882812500000000000e-04 2.358398437500000000e-01 6.520182291666666297e-01 1.116536458333333287e-01 0.000000000000000000e+00 0.000000000000000000e+00 0.000000000000000000e+00
1.000000000000000000e+00 5.977172851562500000e-01 2.103474934895833148e-01 1.395670572916666609e-02 0.000000000000000000e+00 0.000000000000000000e+00 0.000000000000000000e+00 1.000000000000000000e+00
1.000000000000000000e+00 8.123779296875000000e-02 5.571899414062500000e-01 3.564860026041666852e-01 5.086263020833333912e-03 0.000000000000000000e+00 0.000000000000000000e+00 0.000000000000000000e+00
1.000000000000000000e+00 0.000000000000000000e+00 8.789062500000000000e-03 3.981119791666666297e-01 5.320638020833332593e-01 6.103515625000000000e-02 0.000000000000000000e+00 1.000000000000000000e+00
1.000000000000000000e+00 1.318359375000000000e-02 3.937174479166666297e-01 5.524088541666666297e-01 4.069010416666667129e-02 0.000000000000000000e+00 0.000000000000000000e+00 1.000000000000000000e+00
1.000000000000000000e+00 4.054565429687500000e-01 4.985555013020833703e-01 8.939615885416667129e-02 0.000000000000000000e+00 0.000000000000000000e+00 0.000000000000000000e+00 1.000000000000000000e+00
1.000000000000000000e+00 2.500000000000000000e-01 5.833333333333332593e-01 1.666666666666666574e-01 0.000000000000000000e+00 0.000000000000000000e+00 0.000000000000000000e+00 0.000000000000000000e+00
1.000000000000000000e+00 0.000000000000000000e+00 7.031250000000000000e-02 6.119791666666666297e-01 3.138020833333333148e-01 3.906250000000000000e-03 0.000000000000000000e+00 0.000000000000000000e+00
1.000000000000000000e+00 1.674804687500000000e-01 5.961914062500000000e-01 2.360026041666666574e-01 3.255208333333333153e-04 0.000000000000000000e+00 0.000000000000000000e+00 1.000000000000000000e+00
1.000000000000000000e+00 1.674804687500000000e-01 5.961914062500000000e-01 2.360026041666666574e-01 3.255208333333333153e-04 0.000000000000000000e+00 0.000000000000000000e+00 0.000000000000000000e+00
1.000000000000000000e+00 0.000000000000000000e+00 0.000000000000000000e+00 7.031250000000000000e-02 4.570312500000000000e-01 4.570312500000000000e-01 1.562500000000000000e-02 1.000000000000000000e+00
1.000000000000000000e+00 0.000000000000000000e+00 0.000000000000000000e+00 0.000000000000000000e+00 0.000000000000000000e+00 0.000000000000000000e+00 1.000000000000000000e+00 1.000000000000000000e+00
1.000000000000000000e+00 0.000000000000000000e+00 1.373291015625000000e-01 6.628824869791666297e-01 1.997273763020833148e-01 6.103515625000000000e-05 0.000000000000000000e+00 0.000000000000000000e+00
1.000000000000000000e+00 6.103515625000000000e-02 5.320638020833332593e-01 3.981119791666666297e-01 8.789062500000000000e-03 0.000000000000000000e+00 0.000000000000000000e+00 1.000000000000000000e+00
1.000000000000000000e+00 0.000000000000000000e+00 5.086263020833333912e-03 3.564860026041666852e-01 5.571899414062500000e-01 8.123779296875000000e-02 0.000000000000000000e+00 0.000000000000000000e+00
1.000000000000000000e+00 7.629394531250000000e-03 3.539428710937500000e-01 5.842692057291667407e-01 5.415852864583333565e-02 0.000000000000000000e+00 0.000000000000000000e+00 1.000000000000000000e+00
1.000000000000000000e+00 1.647949218750000000e-03 2.741495768229166297e-01 6.348063151041666297e-01 8.939615885416667129e-02 0.000000000000000000e+00 0.000000000000000000e+00 1.000000000000000000e+00
1.000000000000000000e+00 0.000000000000000000e+00 1.116536458333333287e-01 6.520182291666666297e-01 2.358398437500000000e-01 4.882812500000000000e-04 0.000000000000000000e+00 1.000000000000000000e+00
1.000000000000000000e+00 2.059936523437500000e-01 5.942179361979166297e-01 1.997477213541666574e-01 4.069010416666666441e-05 0.000000000000000000e+00 0.000000000000000000e+00 0.000000000000000000e+00
1.000000000000000000e+00 5.977172851562500000e-01 2.103474934895833148e-01 1.395670572916666609e-02 0.000000000000000000e+00 0.000000000000000000e+00 0.000000000000000000e+00 1.000000000000000000e+00
1.000000000000000000e+00 0.000000000000000000e+00 0.000000000000000000e+00 2.604166666666666522e-03 7.942708333333332871e-02 4.960937500000000000e-01 4.218750000000000000e-01 1.000000000000000000e+00
1.000000000000000000e+00 5.751342773437500000e-01 3.114624023437500000e-01 2.966308593750000000e-02 0.000000000000000000e+00 0.000000000000000000e+00 0.000000000000000000e+00 1.000000000000000000e+00
1.000000000000000000e+00 1.340942382812500000e-01 5.901082356770832593e-01 2.746988932291666297e-01 1.098632812500000000e-03 0.000000000000000000e+00 0.000000000000000000e+00 0.000000000000000000e+00
1.000000000000000000e+00 3.081054687500000000e-01 2.164713541666666435e-02 3.255208333333333153e-04 0.000000000000000000e+00 0.000000000000000000e+00 0.000000000000000000e+00 1.000000000000000000e+00
1.000000000000000000e+00 0.000000000000000000e+00 8.789062500000000000e-03 3.981119791666666297e-01 5.320638020833332593e-01 6.103515625000000000e-02 0.000000000000000000e+00 0.000000000000000000e+00
1.000000000000000000e+00 0.000000000000000000e+00 0.000000000000000000e+00 7.031250000000000000e-02 4.570312500000000000e-01 4.570312500000000000e-01 1.562500000000000000e-02 1.000000000000000000e+00
1.000000000000000000e+00 0.000000000000000000e+00 4.069010416666667129e-02 5.524088541666666297e-01 3.937174479166666297e-01 1.318359375000000000e-02 0.000000000000000000e+00 1.000000000000000000e+00
1.000000000000000000e+00 3.081054687500000000e-01 2.164713541666666435e-02 3.255208333333333153e-04 0.000000000000000000e+00 0.000000000000000000e+00 0.000000000000000000e+00 1.000000000000000000e+00
1.000000000000000000e+00 8.123779296875000000e-02 5.571899414062500000e-01 3.564860026041666852e-01 5.086263020833333912e-03 0.000000000000000000e+00 0.000000000000000000e+00 1.000000000000000000e+00
1.000000000000000000e+00 4.960937500000000000e-01 7.942708333333332871e-02 2.604166666666666522e-03 0.000000000000000000e+00 0.000000000000000000e+00 0.000000000000000000e+00 0.000000000000000000e+00
1.000000000000000000e+00 3.081054687500000000e-01 2.164713541666666435e-02 3.255208333333333153e-04 0.000000000000000000e+00 0.000000000000000000e+00 0.000000000000000000e+00 1.000000000000000000e+00
1.000000000000000000e+00 0.000000000000000000e+00 2.083333333333333218e-02 4.791666666666666297e-01 4.687500000000000000e-01 3.125000000000000000e-02 0.000000000000000000e+00 0.000000000000000000e+00
1.000000000000000000e+00 0.000000000000000000e+00 1.098632812500000000e-03 2.746988932291666297e-01 5.901082356770832593e-01 1.340942382812500000e-01 0.000000000000000000e+00 1.000000000000000000e+00
1.000000000000000000e+00 5.751342773437500000e-01 3.114624023437500000e-01 2.966308593750000000e-02 0.000000000000000000e+00 0.000000000000000000e+00 0.000000000000000000e+00 1.000000000000000000e+00
1.000000000000000000e+00 5.977172851562500000e-01 2.103474934895833148e-01 1.395670572916666609e-02 0.000000000000000000e+00 0.000000000000000000e+00 0.000000000000000000e+00 1.000000000000000000e+00
1.000000000000000000e+00 0.000000000000000000e+00 0.000000000000000000e+00 4.069010416666667129e-02 3.621419270833333703e-01 5.444335937500000000e-01 5.273437500000000000e-02 0.000000000000000000e+00
1.000000000000000000e+00 2.093505859375000000e-02 4.322713216145833148e-01 5.171305338541666297e-01 2.966308593750000000e-02 0.000000000000000000e+00 0.000000000000000000e+00 0.000000000000000000e+00
1.000000000000000000e+00 1.054687500000000000e-01 5.768229166666666297e-01 3.151041666666666297e-01 2.604166666666666522e-03 0.000000000000000000e+00 0.000000000000000000e+00 1.000000000000000000e+00
1.000000000000000000e+00 0.000000000000000000e+00 8.939615885416667129e-02 6.348063151041666297e-01 2.741495768229166297e-01 1.647949218750000000e-03 0.000000000000000000e+00 1.000000000000000000e+00
1.000000000000000000e+00 4.960937500000000000e-01 7.942708333333332871e-02 2.604166666666666522e-03 0.000000000000000000e+00 0.000000000000000000e+00 0.000000000000000000e+00 1.000000000000000000e+00
1.000000000000000000e+00 2.059936523437500000e-01 5.942179361979166297e-01 1.997477213541666574e-01 4.069010416666666441e-05 0.000000000000000000e+00 0.000000000000000000e+00 0.000000000000000000e+00
1.000000000000000000e+00 5.977172851562500000e-01 2.103474934895833148e-01 1.395670572916666609e-02 0.000000000000000000e+00 0.000000000000000000e+00 0.000000000000000000e+00 0.000000000000000000e+00
1.000000000000000000e+00 4.449462890625000000e-02 5.022989908854166297e-01 4.392496744791666297e-01 1.395670572916666609e-02 0.000000000000000000e+00 0.000000000000000000e+00 1.000000000000000000e+00
1.000000000000000000e+00 1.340942382812500000e-01 5.901082356770832593e-01 2.746988932291666297e-01 1.098632812500000000e-03 0.000000000000000000e+00 0.000000000000000000e+00 1.000000000000000000e+00
1.000000000000000000e+00 0.000000000000000000e+00 3.255208333333333153e-04 2.360026041666666574e-01 5.961914062500000000e-01 1.674804687500000000e-01 0.000000000000000000e+00 0.000000000000000000e+00
1.000000000000000000e+00 0.000000000000000000e+00 0.000000000000000000e+00 1.116536458333333287e-01 5.343424479166666297e-01 3.520507812500000000e-01 1.953125000000000000e-03 1.000000000000000000e+00
1.000000000000000000e+00 1.674804687500000000e-01 5.961914062500000000e-01 2.360026041666666574e-01 3.255208333333333153e-04 0.000000000000000000e+00 0.000000000000000000e+00 1.000000000000000000e+00
1.000000000000000000e+00 1.674804687500000000e-01 5.961914062500000000e-01 2.360026041666666574e-01 3.255208333333333153e-04 0.000000000000000000e+00 0.000000000000000000e+00 1.000000000000000000e+00
1.000000000000000000e+00 0.000000000000000000e+00 1.116536458333333287e-01 6.520182291666666297e-01 2.358398437500000000e-01 4.882812500000000000e-04 0.000000000000000000e+00 0.000000000000000000e+00
1.000000000000000000e+00 1.054687500000000000e-01 5.768229166666666297e-01 3.151041666666666297e-01 2.604166666666666522e-03 0.000000000000000000e+00 0.000000000000000000e+00 0.000000000000000000e+00
1.000000000000000000e+00 0.000000000000000000e+00 2.966308593750000000e-02 5.171305338541666297e-01 4.322713216145833148e-01 2.093505859375000000e-02 0.000000000000000000e+00 0.000000000000000000e+00
1.000000000000000000e+00 1.340942382812500000e-01 5.901082356770832593e-01 2.746988932291666297e-01 1.098632812500000000e-03 0.000000000000000000e+00 0.000000000000000000e+00 0.000000000000000000e+00
1.000000000000000000e+00 1.647949218750000000e-03 2.741495768229166297e-01 6.348063151041666297e-01 8.939615885416667129e-02 0.000000000000000000e+00 0.000000000000000000e+00 0.000000000000000000e+00
1.000000000000000000e+00 0.000000000000000000e+00 2.966308593750000000e-02 5.171305338541666297e-01 4.322713216145833148e-01 2.093505859375000000e-02 0.000000000000000000e+00 1.000000000000000000e+00
1.000000000000000000e+00 0.000000000000000000e+00 0.000000000000000000e+00 2.083333333333333218e-02 2.604166666666666297e-01 5.937500000000000000e-01 1.250000000000000000e-01 1.000000000000000000e+00
1.000000000000000000e+00 2.993774414062500000e-01 5.630493164062500000e-01 1.373291015625000000e-01 0.000000000000000000e+00 0.000000000000000000e+00 0.000000000000000000e+00 0.000000000000000000e+00
1.000000000000000000e+00 5.977172851562500000e-01 2.103474934895833148e-01 1.395670572916666609e-02 0.000000000000000000e+00 0.000000000000000000e+00 0.000000000000000000e+00 0.000000000000000000e+00
1.000000000000000000e+00 2.993774414062500000e-01 5.630493164062500000e-01 1.373291015625000000e-01 0.000000000000000000e+00 0.000000000000000000e+00 0.000000000000000000e+00 0.000000000000000000e+00
1.000000000000000000e+00 4.570312500000000000e-01 4.570312500000000000e-01 7.031250000000000000e-02 0.000000000000000000e+00 0.000000000000000000e+00 0.000000000000000000e+00 0.000000000000000000e+00
1.000000000000000000e+00 0.000000000000000000e+00 5.415852864583333565e-02 5.842692057291667407e-01 3.539428710937500000e-01 7.629394531250000000e-03 0.000000000000000000e+00 0.000000000000000000e+00
1.000000000000000000e+00 5.514526367187500000e-01 1.185099283854166713e-01 5.086263020833333912e-03 0.000000000000000000e+00 0.000000000000000000e+00 0.000000000000000000e+00 1.000000000000000000e+00
1.000000000000000000e+00 1.318359375000000000e-02 3.937174479166666297e-01 5.524088541666666297e-01 4.069010416666667129e-02 0.000000000000000000e+00 0.000000000000000000e+00 0.000000000000000000e+00
1.000000000000000000e+00 0.000000000000000000e+00 1.098632812500000000e-03 2.746988932291666297e-01 5.901082356770832593e-01 1.340942382812500000e-01 0.000000000000000000e+00 0.000000000000000000e+00
1.000000000000000000e+00 0.000000000000000000e+00 5.086263020833333912e-03 3.564860026041666852e-01 5.571899414062500000e-01 8.123779296875000000e-02 0.000000000000000000e+00 0.000000000000000000e+00
1.000000000000000000e+00 8.123779296875000000e-02 5.571899414062500000e-01 3.564860026041666852e-01 5.086263020833333912e-03 0.000000000000000000e+00 0.000000000000000000e+00 0.000000000000000000e+00
1.000000000000000000e+00 4.054565429687500000e-01 4.985555013020833703e-01 8.939615885416667129e-02 0.000000000000000000e+00 0.000000000000000000e+00 0.000000000000000000e+00 0.000000000000000000e+00
1.000000000000000000e+00 3.081054687500000000e-01 2.164713541666666435e-02 3.255208333333333153e-04 0.000000000000000000e+00 0.000000000000000000e+00 0.000000000000000000e+00 0.000000000000000000e+00
1.000000000000000000e+00 8.123779296875000000e-02 5.571899414062500000e-01 3.564860026041666852e-01 5.086263020833333912e-03 0.000000000000000000e+00 0.000000000000000000e+00 1.000000000000000000e+00
1.000000000000000000e+00 0.000000000000000000e+00 1.116536458333333287e-01 6.520182291666666297e-01 2.358398437500000000e-01 4.882812500000000000e-04 0.000000000000000000e+00 0.000000000000000000e+00
1.000000000000000000e+00 0.000000000000000000e+00 8.789062500000000000e-03 3.981119791666666297e-01 5.320638020833332593e-01 6.103515625000000000e-02 0.000000000000000000e+00 1.000000000000000000e+00
1.000000000000000000e+00 0.000000000000000000e+00 5.415852864583333565e-02 5.842692057291667407e-01 3.539428710937500000e-01 7.629394531250000000e-03 0.000000000000000000e+00 0.000000000000000000e+00
1.000000000000000000e+00 0.000000000000000000e+00 2.966308593750000000e-02 5.171305338541666297e-01 4.322713216145833148e-01 2.093505859375000000e-02 0.000000000000000000e+00 0.000000000000000000e+00
1.000000000000000000e+00 3.520507812500000000e-01 5.343424479166666297e-01 1.116536458333333287e-01 0.000000000000000000e+00 0.000000000000000000e+00 0.000000000000000000e+00 0.000000000000000000e+00
1.000000000000000000e+00 1.647949218750000000e-03 2.741495768229166297e-01 6.348063151041666297e-01 8.939615885416667129e-02 0.000000000000000000e+00 0.000000000000000000e+00 0.000000000000000000e+00
1.000000000000000000e+00 2.993774414062500000e-01 5.630493164062500000e-01 1.373291015625000000e-01 0.000000000000000000e+00 0.000000000000000000e+00 0.000000000000000000e+00 1.000000000000000000e+00
1.000000000000000000e+00 0.000000000000000000e+00 5.415852864583333565e-02 5.842692057291667407e-01 3.539428710937500000e-01 7.629394531250000000e-03 0.000000000000000000e+00 1.000000000000000000e+00
1.000000000000000000e+00 6.103515625000000000e-05 1.997273763020833148e-01 6.628824869791666297e-01 1.373291015625000000e-01 0.000000000000000000e+00 0.000000000000000000e+00 0.000000000000000000e+00
1.000000000000000000e+00 4.882812500000000000e-04 2.358398437500000000e-01 6.520182291666666297e-01 1.116536458333333287e-01 0.000000000000000000e+00 0.000000000000000000e+00 1.000000000000000000e+00
1.000000000000000000e+00 5.444335937500000000e-01 3.621419270833333703e-01 4.069010416666667129e-02 0.000000000000000000e+00 0.000000000000000000e+00 0.000000000000000000e+00 1.000000000000000000e+00
1.000000000000000000e+00 6.103515625000000000e-02 5.320638020833332593e-01 3.981119791666666297e-01 8.789062500000000000e-03 0.000000000000000000e+00 0.000000000000000000e+00 1.000000000000000000e+00
1.000000000000000000e+00 5.844726562500000000e-01 1.625976562500000000e-01 8.789062500000000000e-03 0.000000000000000000e+00 0.000000000000000000e+00 0.000000000000000000e+00 1.000000000000000000e+00
1.000000000000000000e+00 5.514526367187500000e-01 1.185099283854166713e-01 5.086263020833333912e-03 0.000000000000000000e+00 0.000000000000000000e+00 0.000000000000000000e+00 0.000000000000000000e+00
1.000000000000000000e+00 2.500000000000000000e-01 5.833333333333332593e-01 1.666666666666666574e-01 0.000000000000000000e+00 0.000000000000000000e+00 0.000000000000000000e+00 0.000000000000000000e+00
1.000000000000000000e+00 1.647949218750000000e-03 2.741495768229166297e-01 6.348063151041666297e-01 8.939615885416667129e-02 0.000000000000000000e+00 0.000000000000000000e+00 0.000000000000000000e+00
1.000000000000000000e+00 0.000000000000000000e+00 0.000000000000000000e+00 2.966308593750000000e-02 3.114624023437500000e-01 5.751342773437500000e-01 8.374023437500000000e-02 1.000000000000000000e+00
1.000000000000000000e+00 8.123779296875000000e-02 5.571899414062500000e-01 3.564860026041666852e-01 5.086263020833333912e-03 0.000000000000000000e+00 0.000000000000000000e+00 1.000000000000000000e+00
1.000000000000000000e+00 7.629394531250000000e-03 3.539428710937500000e-01 5.842692057291667407e-01 5.415852864583333565e-02 0.000000000000000000e+00 0.000000000000000000e+00 1.000000000000000000e+00
1.000000000000000000e+00 0.000000000000000000e+00 2.083333333333333218e-02 4.791666666666666297e-01 4.687500000000000000e-01 3.125000000000000000e-02 0.000000000000000000e+00 1.000000000000000000e+00
1.000000000000000000e+00 0.000000000000000000e+00 5.086263020833333912e-03 3.564860026041666852e-01 5.571899414062500000e-01 8.123779296875000000e-02 0.000000000000000000e+00 1.000000000000000000e+00
1.000000000000000000e+00 4.960937500000000000e-01 7.942708333333332871e-02 2.604166666666666522e-03 0.000000000000000000e+00 0.000000000000000000e+00 0.000000000000000000e+00 1.000000000000000000e+00
1.000000000000000000e+00 1.054687500000000000e-01 5.768229166666666297e-01 3.151041666666666297e-01 2.604166666666666522e-03 0.000000000000000000e+00 0.000000000000000000e+00 1.000000000000000000e+00
1.000000000000000000e+00 4.570312500000000000e-01 4.570312500000000000e-01 7.031250000000000000e-02 0.000000000000000000e+00 0.000000000000000000e+00 0.000000000000000000e+00 0.000000000000000000e+00
1.000000000000000000e+00 3.520507812500000000e-01 5.343424479166666297e-01 1.116536458333333287e-01 0.000000000000000000e+00 0.000000000000000000e+00 0.000000000000000000e+00 1.000000000000000000e+00
1.000000000000000000e+00 0.000000000000000000e+00 3.255208333333333153e-04 2.360026041666666574e-01 5.961914062500000000e-01 1.674804687500000000e-01 0.000000000000000000e+00 1.000000000000000000e+00
1.000000000000000000e+00 1.054687500000000000e-01 5.768229166666666297e-01 3.151041666666666297e-01 2.604166666666666522e-03 0.000000000000000000e+00 0.000000000000000000e+00 0.000000000000000000e+00
1.000000000000000000e+00 1.054687500000000000e-01 5.768229166666666297e-01 3.151041666666666297e-01 2.604166666666666522e-03 0.000000000000000000e+00 0.000000000000000000e+00 0.000000000000000000e+00
1.000000000000000000e+00 2.993774414062500000e-01 5.630493164062500000e-01 1.373291015625000000e-01 0.000000000000000000e+00 0.000000000000000000e+00 0.000000000000000000e+00 1.000000000000000000e+00
1.000000000000000000e+00 1.318359375000000000e-02 3.937174479166666297e-01 5.524088541666666297e-01 4.069010416666667129e-02 0.000000000000000000e+00 0.000000000000000000e+00 1.000000000000000000e+00
1.000000000000000000e+00 1.674804687500000000e-01 5.961914062500000000e-01 2.360026041666666574e-01 3.255208333333333153e-04 0.000000000000000000e+00 0.000000000000000000e+00 0.000000000000000000e+00
1.000000000000000000e+00 1.054687500000000000e-01 5.768229166666666297e-01 3.151041666666666297e-01 2.604166666666666522e-03 0.000000000000000000e+00 0.000000000000000000e+00 0.000000000000000000e+00
1.000000000000000000e+00 8.123779296875000000e-02 5.571899414062500000e-01 3.564860026041666852e-01 5.086263020833333912e-03 0.000000000000000000e+00 0.000000000000000000e+00 0.000000000000000000e+00
1.000000000000000000e+00 0.000000000000000000e+00 3.255208333333333153e-04 2.360026041666666574e-01 5.961914062500000000e-01 1.674804687500000000e-01 0.000000000000000000e+00 1.000000000000000000e+00
1.000000000000000000e+00 1.674804687500000000e-01 5.961914062500000000e-01 2.360026041666666574e-01 3.255208333333333153e-04 0.000000000000000000e+00 0.000000000000000000e+00 1.000000000000000000e+00
1.000000000000000000e+00 0.000000000000000000e+00 5.086263020833333912e-03 3.564860026041666852e-01 5.571899414062500000e-01 8.123779296875000000e-02 0.000000000000000000e+00 1.000000000000000000e+00
1.000000000000000000e+00 1.647949218750000000e-03 2.741495768229166297e-01 6.348063151041666297e-01 8.939615885416667129e-02 0.000000000000000000e+00 0.000000000000000000e+00 0.000000000000000000e+00
1.000000000000000000e+00 5.977172851562500000e-01 2.103474934895833148e-01 1.395670572916666609e-02 0.000000000000000000e+00 0.000000000000000000e+00 0.000000000000000000e+00 0.000000000000000000e+00
1.000000000000000000e+00 3.125000000000000000e-02 4.687500000000000000e-01 4.791666666666666297e-01 2.083333333333333218e-02 0.000000000000000000e+00 0.000000000000000000e+00 1.000000000000000000e+00
1.000000000000000000e+00 4.449462890625000000e-02 5.022989908854166297e-01 4.392496744791666297e-01 1.395670572916666609e-02 0.000000000000000000e+00 0.000000000000000000e+00 0.000000000000000000e+00
1.000000000000000000e+00 4.882812500000000000e-04 2.358398437500000000e-01 6.520182291666666297e-01 1.116536458333333287e-01 0.000000000000000000e+00 0.000000000000000000e+00 0.000000000000000000e+00
1.000000000000000000e+00 0.000000000000000000e+00 4.069010416666666441e-05 1.997477213541666574e-01 5.942179361979166297e-01 2.059936523437500000e-01 0.000000000000000000e+00 0.000000000000000000e+00
1.000000000000000000e+00 5.042114257812500000e-01 4.111124674479166852e-01 5.415852864583333565e-02 0.000000000000000000e+00 0.000000000000000000e+00 0.000000000000000000e+00 0.000000000000000000e+00
1.000000000000000000e+00 4.570312500000000000e-01 4.570312500000000000e-01 7.031250000000000000e-02 0.000000000000000000e+00 0.000000000000000000e+00 0.000000000000000000e+00 1.000000000000000000e+00
1.000000000000000000e+00 0.000000000000000000e+00 1.666666666666666574e-01 6.666666666666666297e-01 1.666666666666666574e-01 0.000000000000000000e+00 0.000000000000000000e+00 1.000000000000000000e+00
1.000000000000000000e+00 4.054565429687500000e-01 4.985555013020833703e-01 8.939615885416667129e-02 0.000000000000000000e+00 0.000000000000000000e+00 0.000000000000000000e+00 0.000000000000000000e+00
1.000000000000000000e+00 4.449462890625000000e-02 5.022989908854166297e-01 4.392496744791666297e-01 1.395670572916666609e-02 0.000000000000000000e+00 0.000000000000000000e+00 0.000000000000000000e+00
1.000000000000000000e+00 5.514526367187500000e-01 1.185099283854166713e-01 5.086263020833333912e-03 0.000000000000000000e+00 0.000000000000000000e+00 0.000000000000000000e+00 1.000000000000000000e+00
1.000000000000000000e+00 0.000000000000000000e+00 2.966308593750000000e-02 5.171305338541666297e-01 4.322713216145833148e-01 2.093505859375000000e-02 0.000000000000000000e+00 0.000000000000000000e+00
1.000000000000000000e+00 2.093505859375000000e-02 4.322713216145833148e-01 5.171305338541666297e-01 2.966308593750000000e-02 0.000000000000000000e+00 0.000000000000000000e+00 0.000000000000000000e+00
1.000000000000000000e+00 1.340942382812500000e-01 5.901082356770832593e-01 2.746988932291666297e-01 1.098632812500000000e-03 0.000000000000000000e+00 0.000000000000000000e+00 0.000000000000000000e+00
1.000000000000000000e+00 5.977172851562500000e-01 2.103474934895833148e-01 1.395670572916666609e-02 0.000000000000000000e+00 0.000000000000000000e+00 0.000000000000000000e+00 0.000000000000000000e+00
1.000000000000000000e+00 0.000000000000000000e+00 5.415852864583333565e-02 5.842692057291667407e-01 3.539428710937500000e-01 7.629394531250000000e-03 0.000000000000000000e+00 1.000000000000000000e+00
1.000000000000000000e+00 0.000000000000000000e+00 0.000000000000000000e+00 1.116536458333333287e-01 5.343424479166666297e-01 3.520507812500000000e-01 1.953125000000000000e-03 0.000000000000000000e+00
1.000000000000000000e+00 0.000000000000000000e+00 1.666666666666666574e-01 6.666666666666666297e-01 1.666666666666666574e-01 0.000000000000000000e+00 0.000000000000000000e+00 0.000000000000000000e+00
1.000000000000000000e+00 0.000000000000000000e+00 0.000000000000000000e+00 4.069010416666667129e-02 3.621419270833333703e-01 5.444335937500000000e-01 5.273437500000000000e-02 1.000000000000000000e+00
1.000000000000000000e+00 5.937500000000000000e-01 2.604166666666666297e-01 2.083333333333333218e-02 0.000000000000000000e+00 0.000000000000000000e+00 0.000000000000000000e+00 0.000000000000000000e+00
1.000000000000000000e+00 0.000000000000000000e+00 7.031250000000000000e-02 6.119791666666666297e-01 3.138020833333333148e-01 3.906250000000000000e-03 0.000000000000000000e+00 1.000000000000000000e+00
1.000000000000000000e+00 0.000000000000000000e+00 1.098632812500000000e-03 2.746988932291666297e-01 5.901082356770832593e-01 1.340942382812500000e-01 0.000000000000000000e+00 1.000000000000000000e+00
1.000000000000000000e+00 6.103515625000000000e-02 5.320638020833332593e-01 3.981119791666666297e-01 8.789062500000000000e-03 0.000000000000000000e+00 0.000000000000000000e+00 1.000000000000000000e+00
1.000000000000000000e+00 0.000000000000000000e+00 7.031250000000000000e-02 6.119791666666666297e-01 3.138020833333333148e-01 3.906250000000000000e-03 0.000000000000000000e+00 0.000000000000000000e+00
1.000000000000000000e+00 0.000000000000000000e+00 7.031250000000000000e-02 6.119791666666666297e-01 3.138020833333333148e-01 3.906250000000000000e-03 0.000000000000000000e+00 0.000000000000000000e+00
1.000000000000000000e+00 0.000000000000000000e+00 0.000000000000000000e+00 1.373291015625000000e-01 5.630493164062500000e-01 2.993774414062500000e-01 2.441406250000000000e-04 1.000000000000000000e+00
1.000000000000000000e+00 0.000000000000000000e+00 8.939615885416667129e-02 6.348063151041666297e-01 2.741495768229166297e-01 1.647949218750000000e-03 0.000000000000000000e+00 1.000000000000000000e+00
1.000000000000000000e+00 4.449462890625000000e-02 5.022989908854166297e-01 4.392496744791666297e-01 1.395670572916666609e-02 0.000000000000000000e+00 0.000000000000000000e+00 0.000000000000000000e+00
1.000000000000000000e+00 3.906250000000000000e-03 3.138020833333333148e-01 6.119791666666666297e-01 7.031250000000000000e-02 0.000000000000000000e+00 0.000000000000000000e+00 0.000000000000000000e+00
1.000000000000000000e+00 0.000000000000000000e+00 0.000000000000000000e+00 5.086263020833333912e-03 1.185099283854166713e-01 5.514526367187500000e-01 3.249511718750000000e-01 1.000000000000000000e+00
1.000000000000000000e+00 1.054687500000000000e-01 5.768229166666666297e-01 3.151041666666666297e-01 2.604166666666666522e-03 0.000000000000000000e+00 0.000000000000000000e+00 1.000000000000000000e+00
1.000000000000000000e+00 1.340942382812500000e-01 5.901082356770832593e-01 2.746988932291666297e-01 1.098632812500000000e-03 0.000000000000000000e+00 0.000000000000000000e+00 1.000000000000000000e+00
1.000000000000000000e+00 2.993774414062500000e-01 5.630493164062500000e-01 1.373291015625000000e-01 0.000000000000000000e+00 0.000000000000000000e+00 0.000000000000000000e+00 0.000000000000000000e+00
1.000000000000000000e+00 4.054565429687500000e-01 4.985555013020833703e-01 8.939615885416667129e-02 0.000000000000000000e+00 0.000000000000000000e+00 0.000000000000000000e+00 0.000000000000000000e+00
1.000000000000000000e+00 0.000000000000000000e+00 1.395670572916666609e-02 4.392496744791666297e-01 5.022989908854166297e-01 4.449462890625000000e-02 0.000000000000000000e+00 1.000000000000000000e+00
1.000000000000000000e+00 5.514526367187500000e-01 1.185099283854166713e-01 5.086263020833333912e-03 0.000000000000000000e+00 0.000000000000000000e+00 0.000000000000000000e+00 1.000000000000000000e+00
1.000000000000000000e+00 1.318359375000000000e-02 3.937174479166666297e-01 5.524088541666666297e-01 4.069010416666667129e-02 0.000000000000000000e+00 0.000000000000000000e+00 1.000000000000000000e+00
1.000000000000000000e+00 4.054565429687500000e-01 4.985555013020833703e-01 8.939615885416667129e-02 0.000000000000000000e+00 0.000000000000000000e+00 0.000000000000000000e+00 0.000000000000000000e+00
1.000000000000000000e+00 0.000000000000000000e+00 5.415852864583333565e-02 5.842692057291667407e-01 3.539428710937500000e-01 7.629394531250000000e-03 0.000000000000000000e+00 1.000000000000000000e+00
1.000000000000000000e+00 0.000000000000000000e+00 2.083333333333333218e-02 4.791666666666666297e-01 4.687500000000000000e-01 3.125000000000000000e-02 0.000000000000000000e+00 1.000000000000000000e+00
1.000000000000000000e+00 3.520507812500000000e-01 5.343424479166666297e-01 1.116536458333333287e-01 0.000000000000000000e+00 0.000000000000000000e+00 0.000000000000000000e+00 1.000000000000000000e+00
1.000000000000000000e+00 6.103515625000000000e-02 5.320638020833332593e-01 3.981119791666666297e-01 8.789062500000000000e-03 0.000000000000000000e+00 0.000000000000000000e+00 1.000000000000000000e+00
1.000000000000000000e+00 1.340942382812500000e-01 5.901082356770832593e-01 2.746988932291666297e-01 1.098632812500000000e-03 0.000000000000000000e+00 0.000000000000000000e+00 1.000000000000000000e+00
1.000000000000000000e+00 0.000000000000000000e+00 5.086263020833333912e-03 3.564860026041666852e-01 5.571899414062500000e-01 8.123779296875000000e-02 0.000000000000000000e+00 0.000000000000000000e+00
1.000000000000000000e+00 0.000000000000000000e+00 2.604166666666666522e-03 3.151041666666666297e-01 5.768229166666666297e-01 1.054687500000000000e-01 0.000000000000000000e+00 1.000000000000000000e+00
1.000000000000000000e+00 0.000000000000000000e+00 1.098632812500000000e-03 2.746988932291666297e-01 5.901082356770832593e-01 1.340942382812500000e-01 0.000000000000000000e+00 0.000000000000000000e+00
1.000000000000000000e+00 5.977172851562500000e-01 2.103474934895833148e-01 1.395670572916666609e-02 0.000000000000000000e+00 0.000000000000000000e+00 0.000000000000000000e+00 0.000000000000000000e+00
1.000000000000000000e+00 0.000000000000000000e+00 2.604166666666666522e-03 3.151041666666666297e-01 5.768229166666666297e-01 1.054687500000000000e-01 0.000000000000000000e+00 0.000000000000000000e+00
1.000000000000000000e+00 4.449462890625000000e-02 5.022989908854166297e-01 4.392496744791666297e-01 1.395670572916666609e-02 0.000000000000000000e+00 0.000000000000000000e+00 0.000000000000000000e+00
1.000000000000000000e+00 5.937500000000000000e-01 2.604166666666666297e-01 2.083333333333333218e-02 0.000000000000000000e+00 0.000000000000000000e+00 0.000000000000000000e+00 1.000000000000000000e+00
1.000000000000000000e+00 4.960937500000000000e-01 7.942708333333332871e-02 2.604166666666666522e-03 0.000000000000000000e+00 0.000000000000000000e+00 0.000000000000000000e+00 1.000000000000000000e+00
1.000000000000000000e+00 5.751342773437500000e-01 3.114624023437500000e-01 2.966308593750000000e-02 0.000000000000000000e+00 0.000000000000000000e+00 0.000000000000000000e+00 1.000000000000000000e+00
1.000000000000000000e+00 3.906250000000000000e-03 3.138020833333333148e-01 6.119791666666666297e-01 7.031250000000000000e-02 0.000000000000000000e+00 0.000000000000000000e+00 0.000000000000000000e+00
1.000000000000000000e+00 1.674804687500000000e-01 5.961914062500000000e-01 2.360026041666666574e-01 3.255208333333333153e-04 0.000000000000000000e+00 0.000000000000000000e+00 0.000000000000000000e+00
1.000000000000000000e+00 0.000000000000000000e+00 1.666666666666666574e-01 6.666666666666666297e-01 1.666666666666666574e-01 0.000000000000000000e+00 0.000000000000000000e+00 0.000000000000000000e+00
1.000000000000000000e+00 1.054687500000000000e-01 5.768229166666666297e-01 3.151041666666666297e-01 2.604166666666666522e-03 0.000000000000000000e+00 0.000000000000000000e+00 1.000000000000000000e+00
1.000000000000000000e+00 4.882812500000000000e-04 2.358398437500000000e-01 6.520182291666666297e-01 1.116536458333333287e-01 0.000000000000000000e+00 0.000000000000000000e+00 0.000000000000000000e+00
1.000000000000000000e+00 3.906250000000000000e-03 3.138020833333333148e-01 6.119791666666666297e-01 7.031250000000000000e-02 0.000000000000000000e+00 0.000000000000000000e+00 0.000000000000000000e+00
1.000000000000000000e+00 0.000000000000000000e+00 5.415852864583333565e-02 5.842692057291667407e-01 3.539428710937500000e-01 7.629394531250000000e-03 0.000000000000000000e+00 0.000000000000000000e+00
1.000000000000000000e+00 0.000000000000000000e+00 5.415852864583333565e-02 5.842692057291667407e-01 3.539428710937500000e-01 7.629394531250000000e-03 0.000000000000000000e+00 0.000000000000000000e+00
1.000000000000000000e+00 0.000000000000000000e+00 7.031250000000000000e-02 6.119791666666666297e-01 3.138020833333333148e-01 3.906250000000000000e-03 0.000000000000000000e+00 0.000000000000000000e+00
1.000000000000000000e+00 6.103515625000000000e-02 5.320638020833332593e-01 3.981119791666666297e-01 8.789062500000000000e-03 0.000000000000000000e+00 0.000000000000000000e+00 1.000000000000000000e+00
1.000000000000000000e+00 1.647949218750000000e-03 2.741495768229166297e-01 6.348063151041666297e-01 8.939615885416667129e-02 0.000000000000000000e+00 0.000000000000000000e+00 0.000000000000000000e+00
1.000000000000000000e+00 0.000000000000000000e+00 4.069010416666667129e-02 5.524088541666666297e-01 3.937174479166666297e-01 1.318359375000000000e-02 0.000000000000000000e+00 0.000000000000000000e+00
1.000000000000000000e+00 7.629394531250000000e-03 3.539428710937500000e-01 5.842692057291667407e-01 5.415852864583333565e-02 0.000000000000000000e+00 0.000000000000000000e+00 0.000000000000000000e+00
1.000000000000000000e+00 0.000000000000000000e+00 1.395670572916666609e-02 4.392496744791666297e-01 5.022989908854166297e-01 4.449462890625000000e-02 0.000000000000000000e+00 0.000000000000000000e+00
1.000000000000000000e+00 5.937500000000000000e-01 2.604166666666666297e-01 2.083333333333333218e-02 0.000000000000000000e+00 0.000000000000000000e+00 0.000000000000000000e+00 0.000000000000000000e+00
1.000000000000000000e+00 0.000000000000000000e+00 2.083333333333333218e-02 4.791666666666666297e-01 4.687500000000000000e-01 3.125000000000000000e-02 0.000000000000000000e+00 1.000000000000000000e+00
1.000000000000000000e+00 0.000000000000000000e+00 1.395670572916666609e-02 4.392496744791666297e-01 5.022989908854166297e-01 4.449462890625000000e-02 0.000000000000000000e+00 1.000000000000000000e+00
1.000000000000000000e+00 5.042114257812500000e-01 4.111124674479166852e-01 5.415852864583333565e-02 0.000000000000000000e+00 0.000000000000000000e+00 0.000000000000000000e+00 0.000000000000000000e+00
1.000000000000000000e+00 3.906250000000000000e-03 3.138020833333333148e-01 6.119791666666666297e-01 7.031250000000000000e-02 0.000000000000000000e+00 0.000000000000000000e+00 1.000000000000000000e+00
1.000000000000000000e+00 4.960937500000000000e-01 7.942708333333332871e-02 2.604166666666666522e-03 0.000000000000000000e+00 0.000000000000000000e+00 0.000000000000000000e+00 0.000000000000000000e+00
1.000000000000000000e+00 3.906250000000000000e-03 3.138020833333333148e-01 6.119791666666666297e-01 7.031250000000000000e-02 0.000000000000000000e+00 0.000000000000000000e+00 1.000000000000000000e+00
1.000000000000000000e+00 1.674804687500000000e-01 5.961914062500000000e-01 2.360026041666666574e-01 3.255208333333333153e-04 0.000000000000000000e+00 0.000000000000000000e+00 0.000000000000000000e+00
1.000000000000000000e+00 1.054687500000000000e-01 5.768229166666666297e-01 3.151041666666666297e-01 2.604166666666666522e-03 0.000000000000000000e+00 0.000000000000000000e+00 1.000000000000000000e+00
1.000000000000000000e+00 5.514526367187500000e-01 1.185099283854166713e-01 5.086263020833333912e-03 0.000000000000000000e+00 0.000000000000000000e+00 0.000000000000000000e+00 1.000000000000000000e+00
1.000000000000000000e+00 7.629394531250000000e-03 3.539428710937500000e-01 5.842692057291667407e-01 5.415852864583333565e-02 0.000000000000000000e+00 0.000000000000000000e+00 0.000000000000000000e+00
1.000000000000000000e+00 0.000000000000000000e+00 3.255208333333333153e-04 2.360026041666666574e-01 5.961914062500000000e-01 1.674804687500000000e-01 0.000000000000000000e+00 0.000000000000000000e+00
1.000000000000000000e+00 3.906250000000000000e-03 3.138020833333333148e-01 6.119791666666666297e-01 7.031250000000000000e-02 0.000000000000000000e+00 0.000000000000000000e+00 0.000000000000000000e+00
1.000000000000000000e+00 1.703491210937500000e-01 5.635579427083333044e-03 4.069010416666666441e-05 0.000000000000000000e+00 0.000000000000000000e+00 0.000000000000000000e+00 1.000000000000000000e+00
1.000000000000000000e+00 3.906250000000000000e-03 3.138020833333333148e-01 6.119791666666666297e-01 7.031250000000000000e-02 0.000000000000000000e+00 0.000000000000000000e+00 1.000000000000000000e+00
1.000000000000000000e+00 2.500000000000000000e-01 5.833333333333332593e-01 1.666666666666666574e-01 0.000000000000000000e+00 0.000000000000000000e+00 0.000000000000000000e+00 1.000000000000000000e+00
1.000000000000000000e+00 0.000000000000000000e+00 0.000000000000000000e+00 0.000000000000000000e+00 0.000000000000000000e+00 0.000000000000000000e+00 0.000000000000000000e+00 0.000000000000000000e+00
1.000000000000000000e+00 5.042114257812500000e-01 4.111124674479166852e-01 5.415852864583333565e-02 0.000000000000000000e+00 0.000000000000000000e+00 0.000000000000000000e+00 1.000000000000000000e+00
1.000000000000000000e+00 0.000000000000000000e+00 5.415852864583333565e-02 5.842692057291667407e-01 3.539428710937500000e-01 7.629394531250000000e-03 0.000000000000000000e+00 1.000000000000000000e+00
1.000000000000000000e+00 4.054565429687500000e-01 4.985555013020833703e-01 8.939615885416667129e-02 0.000000000000000000e+00 0.000000000000000000e+00 0.000000000000000000e+00 1.000000000000000000e+00
1.000000000000000000e+00 0.000000000000000000e+00 0.000000000000000000e+00 1.116536458333333287e-01 5.343424479166666297e-01 3.520507812500000000e-01 1.953125000000000000e-03 1.000000000000000000e+00
1.000000000000000000e+00 5.937500000000000000e-01 2.604166666666666297e-01 2.083333333333333218e-02 0.000000000000000000e+00 0.000000000000000000e+00 0.000000000000000000e+00 1.000000000000000000e+00
1.000000000000000000e+00 2.993774414062500000e-01 5.630493164062500000e-01 1.373291015625000000e-01 0.000000000000000000e+00 0.000000000000000000e+00 0.000000000000000000e+00 1.000000000000000000e+00
1.000000000000000000e+00 3.125000000000000000e-02 4.687500000000000000e-01 4.791666666666666297e-01 2.083333333333333218e-02 0.000000000000000000e+00 0.000000000000000000e+00 0.000000000000000000e+00
1.000000000000000000e+00 4.054565429687500000e-01 4.985555013020833703e-01 8.939615885416667129e-02 0.000000000000000000e+00 0.000000000000000000e+00 0.000000000000000000e+00 0.000000000000000000e+00
1.000000000000000000e+00 0.000000000000000000e+00 1.373291015625000000e-01 6.628824869791666297e-01 1.997273763020833148e-01 6.103515625000000000e-05 0.000000000000000000e+00 1.000000000000000000e+00
1.000000000000000000e+00 0.000000000000000000e+00 4.069010416666667129e-02 5.524088541666666297e-01 3.937174479166666297e-01 1.318359375000000000e-02 0.000000000000000000e+00 1.000000000000000000e+00
1.000000000000000000e+00 0.000000000000000000e+00 1.395670572916666609e-02 4.392496744791666297e-01 5.022989908854166297e-01 4.449462890625000000e-02 0.000000000000000000e+00 0.000000000000000000e+00
1.000000000000000000e+00 6.103515625000000000e-02 5.320638020833332593e-01 3.981119791666666297e-01 8.789062500000000000e-03 0.000000000000000000e+00 0.000000000000000000e+00 0.000000000000000000e+00
1.000000000000000000e+00 0.000000000000000000e+00 5.086263020833333912e-03 3.564860026041666852e-01 5.571899414062500000e-01 8.123779296875000000e-02 0.000000000000000000e+00 1.000000000000000000e+00
1.000000000000000000e+00 4.882812500000000000e-04 2.358398437500000000e-01 6.520182291666666297e-01 1.116536458333333287e-01 0.000000000000000000e+00 0.000000000000000000e+00 1.000000000000000000e+00
1.000000000000000000e+00 0.000000000000000000e+00 1.098632812500000000e-03 2.746988932291666297e-01 5.901082356770832593e-01 1.340942382812500000e-01 0.000000000000000000e+00 1.000000000000000000e+00
1.000000000000000000e+00 6.103515625000000000e-02 5.320638020833332593e-01 3.981119791666666297e-01 8.789062500000000000e-03 0.000000000000000000e+00 0.000000000000000000e+00 1.000000000000000000e+00
1.000000000000000000e+00 2.500000000000000000e-01 5.833333333333332593e-01 1.666666666666666574e-01 0.000000000000000000e+00 0.000000000000000000e+00 0.000000000000000000e+00 0.000000000000000000e+00
1.000000000000000000e+00 0.000000000000000000e+00 1.395670572916666609e-02 4.392496744791666297e-01 5.022989908854166297e-01 4.449462890625000000e-02 0.000000000000000000e+00 0.000000000000000000e+00
1.000000000000000000e+00 0.000000000000000000e+00 8.789062500000000000e-03 3.981119791666666297e-01 5.320638020833332593e-01 6.103515625000000000e-02 0.000000000000000000e+00 0.000000000000000000e+00
1.000000000000000000e+00 0.000000000000000000e+00 2.083333333333333218e-02 4.791666666666666297e-01 4.687500000000000000e-01 3.125000000000000000e-02 0.000000000000000000e+00 0.000000000000000000e+00
1.000000000000000000e+00 4.054565429687500000e-01 4.985555013020833703e-01 8.939615885416667129e-02 0.000000000000000000e+00 0.000000000000000000e+00 0.000000000000000000e+00 1.000000000000000000e+00
1.000000000000000000e+00 2.993774414062500000e-01 5.630493164062500000e-01 1.373291015625000000e-01 0.000000000000000000e+00 0.000000000000000000e+00 0.000000000000000000e+00 1.000000000000000000e+00
1.000000000000000000e+00 0.000000000000000000e+00 0.000000000000000000e+00 1.116536458333333287e-01 5.343424479166666297e-01 3.520507812500000000e-01 1.953125000000000000e-03 0.000000000000000000e+00
1.000000000000000000e+00 4.054565429687500000e-01 4.985555013020833703e-01 8.939615885416667129e-02 0.000000000000000000e+00 0.000000000000000000e+00 0.000000000000000000e+00 1.000000000000000000e+00
1.000000000000000000e+00 0.000000000000000000e+00 0.000000000000000000e+00 2.083333333333333218e-02 2.604166666666666297e-01 5.937500000000000000e-01 1.250000000000000000e-01 0.000000000000000000e+00
1.000000000000000000e+00 5.937500000000000000e-01 2.604166666666666297e-01 2.083333333333333218e-02 0.000000000000000000e+00 0.000000000000000000e+00 0.000000000000000000e+00 1.000000000000000000e+00
1.000000000000000000e+00 0.000000000000000000e+00 5.086263020833333912e-03 3.564860026041666852e-01 5.571899414062500000e-01 8.123779296875000000e-02 0.000000000000000000e+00 1.000000000000000000e+00
1.000000000000000000e+00 3.520507812500000000e-01 5.343424479166666297e-01 1.116536458333333287e-01 0.000000000000000000e+00 0.000000000000000000e+00 0.000000000000000000e+00 1.000000000000000000e+00
1.000000000000000000e+00 3.125000000000000000e-02 4.687500000000000000e-01 4.791666666666666297e-01 2.083333333333333218e-02 0.000000000000000000e+00 0.000000000000000000e+00 0.000000000000000000e+00
1.000000000000000000e+00 3.520507812500000000e-01 5.343424479166666297e-01 1.116536458333333287e-01 0.000000000000000000e+00 0.000000000000000000e+00 0.000000000000000000e+00 0.000000000000000000e+00
1.000000000000000000e+00 0.000000000000000000e+00 8.939615885416667129e-02 6.348063151041666297e-01 2.741495768229166297e-01 1.647949218750000000e-03 0.000000000000000000e+00 0.000000000000000000e+00
1.000000000000000000e+00 4.158325195312500000e-01 4.669189453125000000e-02 1.098632812500000000e-03 0.000000000000000000e+00 0.000000000000000000e+00 0.000000000000000000e+00 0.000000000000000000e+00
1.000000000000000000e+00 0.000000000000000000e+00 0.000000000000000000e+00 1.373291015625000000e-01 5.630493164062500000e-01 2.993774414062500000e-01 2.441406250000000000e-04 0.000000000000000000e+00
1.000000000000000000e+00 0.000000000000000000e+00 4.069010416666666441e-05 1.997477213541666574e-01 5.942179361979166297e-01 2.059936523437500000e-01 0.000000000000000000e+00 1.000000000000000000e+00
1.000000000000000000e+00 5.937500000000000000e-01 2.604166666666666297e-01 2.083333333333333218e-02 0.000000000000000000e+00 0.000000000000000000e+00 0.000000000000000000e+00 0.000000000000000000e+00
1.000000000000000000e+00 0.000000000000000000e+00 8.789062500000000000e-03 3.981119791666666297e-01 5.320638020833332593e-01 6.103515625000000000e-02 0.000000000000000000e+00 0.000000000000000000e+00
1.000000000000000000e+00 1.340942382812500000e-01 5.901082356770832593e-01 2.746988932291666297e-01 1.098632812500000000e-03 0.000000000000000000e+00 0.000000000000000000e+00 0.000000000000000000e+00
1.000000000000000000e+00 0.000000000000000000e+00 1.116536458333333287e-01 6.520182291666666297e-01 2.358398437500000000e-01 4.882812500000000000e-04 0.000000000000000000e+00 0.000000000000000000e+00
1.000000000000000000e+00 1.674804687500000000e-01 5.961914062500000000e-01 2.360026041666666574e-01 3.255208333333333153e-04 0.000000000000000000e+00 0.000000000000000000e+00 1.000000000000000000e+00
1.000000000000000000e+00 1.054687500000000000e-01 5.768229166666666297e-01 3.151041666666666297e-01 2.604166666666666522e-03 0.000000000000000000e+00 0.000000000000000000e+00 1.000000000000000000e+00
1.000000000000000000e+00 4.570312500000000000e-01 4.570312500000000000e-01 7.031250000000000000e-02 0.000000000000000000e+00 0.000000000000000000e+00 0.000000000000000000e+00 1.000000000000000000e+00
1.000000000000000000e+00 0.000000000000000000e+00 0.000000000000000000e+00 5.415852864583333565e-02 4.111124674479166852e-01 5.042114257812500000e-01 3.051757812500000000e-02 1.000000000000000000e+00
1.000000000000000000e+00 3.520507812500000000e-01 5.343424479166666297e-01 1.116536458333333287e-01 0.000000000000000000e+00 0.000000000000000000e+00 0.000000000000000000e+00 0.000000000000000000e+00
1.000000000000000000e+00 1.647949218750000000e-03 2.741495768229166297e-01 6.348063151041666297e-01 8.939615885416667129e-02 0.000000000000000000e+00 0.000000000000000000e+00 0.000000000000000000e+00
1.000000000000000000e+00 1.674804687500000000e-01 5.961914062500000000e-01 2.360026041666666574e-01 3.255208333333333153e-04 0.000000000000000000e+00 0.000000000000000000e+00 1.000000000000000000e+00
1.000000000000000000e+00 0.000000000000000000e+00 4.069010416666667129e-02 5.524088541666666297e-01 3.937174479166666297e-01 1.318359375000000000e-02 0.000000000000000000e+00 1.000000000000000000e+00
1.000000000000000000e+00 4.449462890625000000e-02 5.022989908854166297e-01 4.392496744791666297e-01 1.395670572916666609e-02 0.000000000000000000e+00 0.000000000000000000e+00 1.000000000000000000e+00
1.000000000000000000e+00 0.000000000000000000e+00 2.604166666666666522e-03 3.151041666666666297e-01 5.768229166666666297e-01 1.054687500000000000e-01 0.000000000000000000e+00 0.000000000000000000e+00
1.000000000000000000e+00 0.000000000000000000e+00 5.415852864583333565e-02 5.842692057291667407e-01 3.539428710937500000e-01 7.629394531250000000e-03 0.000000000000000000e+00 1.000000000000000000e+00
1.000000000000000000e+00 3.906250000000000000e-03 3.138020833333333148e-01 6.119791666666666297e-01 7.031250000000000000e-02 0.000000000000000000e+00 0.000000000000000000e+00 0.000000000000000000e+00
1.000000000000000000e+00 2.500000000000000000e-01 5.833333333333332593e-01 1.666666666666666574e-01 0.000000000000000000e+00 0.000000000000000000e+00 0.000000000000000000e+00 1.000000000000000000e+00
1.000000000000000000e+00 1.054687500000000000e-01 5.768229166666666297e-01 3.151041666666666297e-01 2.604166666666666522e-03 0.000000000000000000e+00 0.000000000000000000e+00 0.000000000000000000e+00
1.000000000000000000e+00 1.318359375000000000e-02 3.937174479166666297e-01 5.524088541666666297e-01 4.069010416666667129e-02 0.000000000000000000e+00 0.000000000000000000e+00 0.000000000000000000e+00
1.000000000000000000e+00 2.059936523437500000e-01 5.942179361979166297e-01 1.997477213541666574e-01 4.069010416666666441e-05 0.000000000000000000e+00 0.000000000000000000e+00 1.000000000000000000e+00
1.000000000000000000e+00 0.000000000000000000e+00 7.031250000000000000e-02 6.119791666666666297e-01 3.138020833333333148e-01 3.906250000000000000e-03 0.000000000000000000e+00 1.000000000000000000e+00
1.000000000000000000e+00 5.751342773437500000e-01 3.114624023437500000e-01 2.966308593750000000e-02 0.000000000000000000e+00 0.000000000000000000e+00 0.000000000000000000e+00 1.000000000000000000e+00
1.000000000000000000e+00 4.158325195312500000e-01 4.669189453125000000e-02 1.098632812500000000e-03 0.000000000000000000e+00 0.000000000000000000e+00 0.000000000000000000e+00 0.000000000000000000e+00
1.000000000000000000e+00 8.123779296875000000e-02 5.571899414062500000e-01 3.564860026041666852e-01 5.086263020833333912e-03 0.000000000000000000e+00 0.000000000000000000e+00 0.000000000000000000e+00
1.000000000000000000e+00 3.125000000000000000e-02 4.687500000000000000e-01 4.791666666666666297e-01 2.083333333333333218e-02 0.000000000000000000e+00 0.000000000000000000e+00 0.000000000000000000e+00
1.000000000000000000e+00 1.674804687500000000e-01 5.961914062500000000e-01 2.360026041666666574e-01 3.255208333333333153e-04 0.000000000000000000e+00 0.000000000000000000e+00 0.000000000000000000e+00
1.000000000000000000e+00 2.093505859375000000e-02 4.322713216145833148e-01 5.171305338541666297e-01 2.966308593750000000e-02 0.000000000000000000e+00 0.000000000000000000e+00 0.000000000000000000e+00
1.000000000000000000e+00 6.103515625000000000e-02 5.320638020833332593e-01 3.981119791666666297e-01 8.789062500000000000e-03 0.000000000000000000e+00 0.000000000000000000e+00 0.000000000000000000e+00
1.000000000000000000e+00 0.000000000000000000e+00 0.000000000000000000e+00 8.789062500000000000e-03 1.625976562500000000e-01 5.844726562500000000e-01 2.441406250000000000e-01 1.000000000000000000e+00
1.000000000000000000e+00 4.449462890625000000e-02 5.022989908854166297e-01 4.392496744791666297e-01 1.395670572916666609e-02 0.000000000000000000e+00 0.000000000000000000e+00 0.000000000000000000e+00
1.000000000000000000e+00 2.500000000000000000e-01 5.833333333333332593e-01 1.666666666666666574e-01 0.000000000000000000e+00 0.000000000000000000e+00 0.000000000000000000e+00 1.000000000000000000e+00
1.000000000000000000e+00 0.000000000000000000e+00 0.000000000000000000e+00 2.083333333333333218e-02 2.604166666666666297e-01 5.937500000000000000e-01 1.250000000000000000e-01 0.000000000000000000e+00
1.000000000000000000e+00 2.059936523437500000e-01 5.942179361979166297e-01 1.997477213541666574e-01 4.069010416666666441e-05 0.000000000000000000e+00 0.000000000000000000e+00 1.000000000000000000e+00
1.000000000000000000e+00 0.000000000000000000e+00 0.000000000000000000e+00 8.939615885416667129e-02 4.985555013020833703e-01 4.054565429687500000e-01 6.591796875000000000e-03 0.000000000000000000e+00
1.000000000000000000e+00 4.882812500000000000e-04 2.358398437500000000e-01 6.520182291666666297e-01 1.116536458333333287e-01 0.000000000000000000e+00 0.000000000000000000e+00 0.000000000000000000e+00
1.000000000000000000e+00 3.125000000000000000e-02 4.687500000000000000e-01 4.791666666666666297e-01 2.083333333333333218e-02 0.000000000000000000e+00 0.000000000000000000e+00 0.000000000000000000e+00
1.000000000000000000e+00 5.977172851562500000e-01 2.103474934895833148e-01 1.395670572916666609e-02 0.000000000000000000e+00 0.000000000000000000e+00 0.000000000000000000e+00 1.000000000000000000e+00
1.000000000000000000e+00 5.937500000000000000e-01 2.604166666666666297e-01 2.083333333333333218e-02 0.000000000000000000e+00 0.000000000000000000e+00 0.000000000000000000e+00 1.000000000000000000e+00
1.000000000000000000e+00 0.000000000000000000e+00 1.116536458333333287e-01 6.520182291666666297e-01 2.358398437500000000e-01 4.882812500000000000e-04 0.000000000000000000e+00 0.000000000000000000e+00
1.000000000000000000e+00 5.751342773437500000e-01 3.114624023437500000e-01 2.966308593750000000e-02 0.000000000000000000e+00 0.000000000000000000e+00 0.000000000000000000e+00 1.000000000000000000e+00
1.000000000000000000e+00 1.318359375000000000e-02 3.937174479166666297e-01 5.524088541666666297e-01 4.069010416666667129e-02 0.000000000000000000e+00 0.000000000000000000e+00 1.000000000000000000e+00
1.000000000000000000e+00 0.000000000000000000e+00 5.415852864583333565e-02 5.842692057291667407e-01 3.539428710937500000e-01 7.629394531250000000e-03 0.000000000000000000e+00 0.000000000000000000e+00
1.000000000000000000e+00 2.093505859375000000e-02 4.322713216145833148e-01 5.171305338541666297e-01 2.966308593750000000e-02 0.000000000000000000e+00 0.000000000000000000e+00 1.000000000000000000e+00
1.000000000000000000e+00 4.158325195312500000e-01 4.669189453125000000e-02 1.098632812500000000e-03 0.000000000000000000e+00 0.000000000000000000e+00 0.000000000000000000e+00 1.000000000000000000e+00
1.000000000000000000e+00 5.042114257812500000e-01 4.111124674479166852e-01 5.415852864583333565e-02 0.000000000000000000e+00 0.000000000000000000e+00 0.000000000000000000e+00 1.000000000000000000e+00
1.000000000000000000e+00 0.000000000000000000e+00 5.415852864583333565e-02 5.842692057291667407e-01 3.539428710937500000e-01 7.629394531250000000e-03 0.000000000000000000e+00 0.000000000000000000e+00
1.000000000000000000e+00 0.000000000000000000e+00 4.069010416666666441e-05 1.997477213541666574e-01 5.942179361979166297e-01 2.059936523437500000e-01 0.000000000000000000e+00 0.000000000000000000e+00
1.000000000000000000e+00 4.570312500000000000e-01 4.570312500000000000e-01 7.031250000000000000e-02 0.000000000000000000e+00 0.000000000000000000e+00 0.000000000000000000e+00 0.000000000000000000e+00
1.000000000000000000e+00 1.054687500000000000e-01 5.768229166666666297e-01 3.151041666666666297e-01 2.604166666666666522e-03 0.000000000000000000e+00 0.000000000000000000e+00 0.000000000000000000e+00
1.000000000000000000e+00 2.059936523437500000e-01 5.942179361979166297e-01 1.997477213541666574e-01 4.069010416666666441e-05 0.000000000000000000e+00 0.000000000000000000e+00 1.000000000000000000e+00
1.000000000000000000e+00 5.751342773437500000e-01 3.114624023437500000e-01 2.966308593750000000e-02 0.000000000000000000e+00 0.000000000000000000e+00 0.000000000000000000e+00 1.000000000000000000e+00
1.000000000000000000e+00 2.500000000000000000e-01 5.833333333333332593e-01 1.666666666666666574e-01 0.000000000000000000e+00 0.000000000000000000e+00 0.000000000000000000e+00 1.000000000000000000e+00
1.000000000000000000e+00 1.703491210937500000e-01 5.635579427083333044e-03 4.069010416666666441e-05 0.000000000000000000e+00 0.000000000000000000e+00 0.000000000000000000e+00 1.000000000000000000e+00
1.000000000000000000e+00 5.844726562500000000e-01 1.625976562500000000e-01 8.789062500000000000e-03 0.000000000000000000e+00 0.000000000000000000e+00 0.000000000000000000e+00 0.000000000000000000e+00
1.000000000000000000e+00 1.054687500000000000e-01 5.768229166666666297e-01 3.151041666666666297e-01 2.604166666666666522e-03 0.000000000000000000e+00 0.000000000000000000e+00 1.000000000000000000e+00
1.000000000000000000e+00 5.977172851562500000e-01 2.103474934895833148e-01 1.395670572916666609e-02 0.000000000000000000e+00 0.000000000000000000e+00 0.000000000000000000e+00 1.000000000000000000e+00
1.000000000000000000e+00 3.125000000000000000e-02 4.687500000000000000e-01 4.791666666666666297e-01 2.083333333333333218e-02 0.000000000000000000e+00 0.000000000000000000e+00 0.000000000000000000e+00
1.000000000000000000e+00 5.444335937500000000e-01 3.621419270833333703e-01 4.069010416666667129e-02 0.000000000000000000e+00 0.000000000000000000e+00 0.000000000000000000e+00 1.000000000000000000e+00
1.000000000000000000e+00 0.000000000000000000e+00 0.000000000000000000e+00 1.373291015625000000e-01 5.630493164062500000e-01 2.993774414062500000e-01 2.441406250000000000e-04 0.000000000000000000e+00
1.000000000000000000e+00 6.103515625000000000e-02 5.320638020833332593e-01 3.981119791666666297e-01 8.789062500000000000e-03 0.000000000000000000e+00 0.000000000000000000e+00 1.000000000000000000e+00
1.000000000000000000e+00 7.629394531250000000e-03 3.539428710937500000e-01 5.842692057291667407e-01 5.415852864583333565e-02 0.000000000000000000e+00 0.000000000000000000e+00 1.000000000000000000e+00
1.000000000000000000e+00 1.674804687500000000e-01 5.961914062500000000e-01 2.360026041666666574e-01 3.255208333333333153e-04 0.000000000000000000e+00 0.000000000000000000e+00 0.000000000000000000e+00
1.000000000000000000e+00 0.000000000000000000e+00 1.395670572916666609e-02 4.392496744791666297e-01 5.022989908854166297e-01 4.449462890625000000e-02 0.000000000000000000e+00 0.000000000000000000e+00
1.000000000000000000e+00 0.000000000000000000e+00 0.000000000000000000e+00 8.939615885416667129e-02 4.985555013020833703e-01 4.054565429687500000e-01 6.591796875000000000e-03 0.000000000000000000e+00
1.000000000000000000e+00 0.000000000000000000e+00 0.000000000000000000e+00 5.086263020833333912e-03 1.185099283854166713e-01 5.514526367187500000e-01 3.249511718750000000e-01 0.000000000000000000e+00
1.000000000000000000e+00 6.103515625000000000e-05 1.997273763020833148e-01 6.628824869791666297e-01 1.373291015625000000e-01 0.000000000000000000e+00 0.000000000000000000e+00 0.000000000000000000e+00
1.000000000000000000e+00 0.000000000000000000e+00 0.000000000000000000e+00 8.939615885416667129e-02 4.985555013020833703e-01 4.054565429687500000e-01 6.591796875000000000e-03 1.000000000000000000e+00
1.000000000000000000e+00 1.340942382812500000e-01 5.901082356770832593e-01 2.746988932291666297e-01 1.098632812500000000e-03 0.000000000000000000e+00 0.000000000000000000e+00 1.000000000000000000e+00
1.000000000000000000e+00 5.514526367187500000e-01 1.185099283854166713e-01 5.086263020833333912e-03 0.000000000000000000e+00 0.000000000000000000e+00 0.000000000000000000e+00 0.000000000000000000e+00
1.000000000000000000e+00 0.000000000000000000e+00 1.373291015625000000e-01 6.628824869791666297e-01 1.997273763020833148e-01 6.103515625000000000e-05 0.000000000000000000e+00 0.000000000000000000e+00
1.000000000000000000e+00 1.340942382812500000e-01 5.901082356770832593e-01 2.746988932291666297e-01 1.098632812500000000e-03 0.000000000000000000e+00 0.000000000000000000e+00 0.000000000000000000e+00
1.000000000000000000e+00 4.449462890625000000e-02 5.022989908854166297e-01 4.392496744791666297e-01 1.395670572916666609e-02 0.000000000000000000e+00 0.000000000000000000e+00 0.000000000000000000e+00
1.000000000000000000e+00 0.000000000000000000e+00 1.666666666666666574e-01 6.666666666666666297e-01 1.666666666666666574e-01 0.000000000000000000e+00 0.000000000000000000e+00 1.000000000000000000e+00
1.000000000000000000e+00 0.000000000000000000e+00 5.415852864583333565e-02 5.842692057291667407e-01 3.539428710937500000e-01 7.629394531250000000e-03 0.000000000000000000e+00 0.000000000000000000e+00
1.000000000000000000e+00 4.449462890625000000e-02 5.022989908854166297e-01 4.392496744791666297e-01 1.395670572916666609e-02 0.000000000000000000e+00 0.000000000000000000e+00 0.000000000000000000e+00
1.000000000000000000e+00 0.000000000000000000e+00 8.939615885416667129e-02 6.348063151041666297e-01 2.741495768229166297e-01 1.647949218750000000e-03 0.000000000000000000e+00 1.000000000000000000e+00
1.000000000000000000e+00 1.340942382812500000e-01 5.901082356770832593e-01 2.746988932291666297e-01 1.098632812500000000e-03 0.000000000000000000e+00 0.000000000000000000e+00 0.000000000000000000e+00
1.000000000000000000e+00 6.103515625000000000e-05 1.997273763020833148e-01 6.628824869791666297e-01 1.373291015625000000e-01 0.000000000000000000e+00 0.000000000000000000e+00 1.000000000000000000e+00
1.000000000000000000e+00 0.000000000000000000e+00 0.000000000000000000e+00 5.415852864583333565e-02 4.111124674479166852e-01 5.042114257812500000e-01 3.051757812500000000e-02 0.000000000000000000e+00
1.000000000000000000e+00 4.054565429687500000e-01 4.985555013020833703e-01 8.939615885416667129e-02 0.000000000000000000e+00 0.000000000000000000e+00 0.000000000000000000e+00 0.000000000000000000e+00
1.000000000000000000e+00 1.674804687500000000e-01 5.961914062500000000e-01 2.360026041666666574e-01 3.255208333333333153e-04 0.000000000000000000e+00 0.000000000000000000e+00 0.000000000000000000e+00
1.000000000000000000e+00 0.000000000000000000e+00 8.939615885416667129e-02 6.348063151041666297e-01 2.741495768229166297e-01 1.647949218750000000e-03 0.000000000000000000e+00 0.000000000000000000e+00
1.000000000000000000e+00 4.960937500000000000e-01 7.942708333333332871e-02 2.604166666666666522e-03 0.000000000000000000e+00 0.000000000000000000e+00 0.000000000000000000e+00 1.000000000000000000e+00
1.000000000000000000e+00 5.444335937500000000e-01 3.621419270833333703e-01 4.069010416666667129e-02 0.000000000000000000e+00 0.000000000000000000e+00 0.000000000000000000e+00 0.000000000000000000e+00
1.000000000000000000e+00 5.937500000000000000e-01 2.604166666666666297e-01 2.083333333333333218e-02 0.000000000000000000e+00 0.000000000000000000e+00 0.000000000000000000e+00 1.000000000000000000e+00
1.000000000000000000e+00 5.937500000000000000e-01 2.604166666666666297e-01 2.083333333333333218e-02 0.000000000000000000e+00 0.000000000000000000e+00 0.000000000000000000e+00 1.000000000000000000e+00
1.000000000000000000e+00 3.520507812500000000e-01 5.343424479166666297e-01 1.116536458333333287e-01 0.000000000000000000e+00 0.000000000000000000e+00 0.000000000000000000e+00 1.000000000000000000e+00
1.000000000000000000e+00 0.000000000000000000e+00 1.373291015625000000e-01 6.628824869791666297e-01 1.997273763020833148e-01 6.103515625000000000e-05 0.000000000000000000e+00 1.000000000000000000e+00
1.000000000000000000e+00 0.000000000000000000e+00 8.789062500000000000e-03 3.981119791666666297e-01 5.320638020833332593e-01 6.103515625000000000e-02 0.000000000000000000e+00 0.000000000000000000e+00
1.000000000000000000e+00 1.318359375000000000e-02 3.937174479166666297e-01 5.524088541666666297e-01 4.069010416666667129e-02 0.000000000000000000e+00 0.000000000000000000e+00 0.000000000000000000e+00
1.000000000000000000e+00 0.000000000000000000e+00 1.098632812500000000e-03 2.746988932291666297e-01 5.901082356770832593e-01 1.340942382812500000e-01 0.000000000000000000e+00 0.000000000000000000e+00
1.000000000000000000e+00 1.340942382812500000e-01 5.901082356770832593e-01 2.746988932291666297e-01 1.098632812500000000e-03 0.000000000000000000e+00 0.000000000000000000e+00 0.000000000000000000e+00
1.000000000000000000e+00 1.674804687500000000e-01 5.961914062500000000e-01 2.360026041666666574e-01 3.255208333333333153e-04 0.000000000000000000e+00 0.000000000000000000e+00 1.000000000000000000e+00
1.000000000000000000e+00 4.570312500000000000e-01 4.570312500000000000e-01 7.031250000000000000e-02 0.000000000000000000e+00 0.000000000000000000e+00 0.000000000000000000e+00 0.000000000000000000e+00
1.000000000000000000e+00 0.000000000000000000e+00 4.069010416666666441e-05 1.997477213541666574e-01 5.942179361979166297e-01 2.059936523437500000e-01 0.000000000000000000e+00 1.000000000000000000e+00
1.000000000000000000e+00 2.993774414062500000e-01 5.630493164062500000e-01 1.373291015625000000e-01 0.000000000000000000e+00 0.000000000000000000e+00 0.000000000000000000e+00 1.000000000000000000e+00
1.000000000000000000e+00 1.318359375000000000e-02 3.937174479166666297e-01 5.524088541666666297e-01 4.069010416666667129e-02 0.000000000000000000e+00 0.000000000000000000e+00 1.000000000000000000e+00
1.000000000000000000e+00 0.000000000000000000e+00 8.789062500000000000e-03 3.981119791666666297e-01 5.320638020833332593e-01 6.103515625000000000e-02 0.000000000000000000e+00 0.000000000000000000e+00
1.000000000000000000e+00 2.500000000000000000e-01 5.833333333333332593e-01 1.666666666666666574e-01 0.000000000000000000e+00 0.000000000000000000e+00 0.000000000000000000e+00 1.000000000000000000e+00
1.000000000000000000e+00 3.520507812500000000e-01 5.343424479166666297e-01 1.116536458333333287e-01 0.000000000000000000e+00 0.000000000000000000e+00 0.000000000000000000e+00 0.000000000000000000e+00
1.000000000000000000e+00 5.937500000000000000e-01 2.604166666666666297e-01 2.083333333333333218e-02 0.000000000000000000e+00 0.000000000000000000e+00 0.000000000000000000e+00 1.000000000000000000e+00
1.000000000000000000e+00 4.158325195312500000e-01 4.669189453125000000e-02 1.098632812500000000e-03 0.000000000000000000e+00 0.000000000000000000e+00 0.000000000000000000e+00 1.000000000000000000e+00
1.000000000000000000e+00 2.500000000000000000e-01 5.833333333333332593e-01 1.666666666666666574e-01 0.000000000000000000e+00 0.000000000000000000e+00 0.000000000000000000e+00 0.000000000000000000e+00
1.000000000000000000e+00 0.000000000000000000e+00 4.069010416666667129e-02 5.524088541666666297e-01 3.937174479166666297e-01 1.318359375000000000e-02 0.000000000000000000e+00 1.000000000000000000e+00
1.000000000000000000e+00 4.449462890625000000e-02 5.022989908854166297e-01 4.392496744791666297e-01 1.395670572916666609e-02 0.000000000000000000e+00 0.000000000000000000e+00 1.000000000000000000e+00
1.000000000000000000e+00 4.882812500000000000e-04 2.358398437500000000e-01 6.520182291666666297e-01 1.116536458333333287e-01 0.000000000000000000e+00 0.000000000000000000e+00 0.000000000000000000e+00
1.000000000000000000e+00 0.000000000000000000e+00 1.098632812500000000e-03 2.746988932291666297e-01 5.901082356770832593e-01 1.340942382812500000e-01 0.000000000000000000e+00 0.000000000000000000e+00
1.000000000000000000e+00 0.000000000000000000e+00 4.069010416666667129e-02 5.524088541666666297e-01 3.937174479166666297e-01 1.318359375000000000e-02 0.000000000000000000e+00 0.000000000000000000e+00
1.000000000000000000e+00 3.520507812500000000e-01 5.343424479166666297e-01 1.116536458333333287e-01 0.000000000000000000e+00 0.000000000000000000e+00 0.000000000000000000e+00 1.000000000000000000e+00
1.000000000000000000e+00 6.103515625000000000e-05 1.997273763020833148e-01 6.628824869791666297e-01 1.373291015625000000e-01 0.000000000000000000e+00 0.000000000000000000e+00 1.000000000000000000e+00
1.000000000000000000e+00 0.000000000000000000e+00 1.666666666666666574e-01 6.666666666666666297e-01 1.666666666666666574e-01 0.000000000000000000e+00 0.000000000000000000e+00 0.000000000000000000e+00
1.000000000000000000e+00 0.000000000000000000e+00 4.069010416666667129e-02 5.524088541666666297e-01 3.937174479166666297e-01 1.318359375000000000e-02 0.000000000000000000e+00 1.000000000000000000e+00
1.000000000000000000e+00 2.500000000000000000e-01 5.833333333333332593e-01 1.666666666666666574e-01 0.000000000000000000e+00 0.000000000000000000e+00 0.000000000000000000e+00 0.000000000000000000e+00
1.000000000000000000e+00 3.081054687500000000e-01 2.164713541666666435e-02 3.255208333333333153e-04 0.000000000000000000e+00 0.000000000000000000e+00 0.000000000000000000e+00 1.000000000000000000e+00
1.000000000000000000e+00 0.000000000000000000e+00 0.000000000000000000e+00 1.116536458333333287e-01 5.343424479166666297e-01 3.520507812500000000e-01 1.953125000000000000e-03 0.000000000000000000e+00
1.000000000000000000e+00 1.054687500000000000e-01 5.768229166666666297e-01 3.151041666666666297e-01 2.604166666666666522e-03 0.000000000000000000e+00 0.000000000000000000e+00 0.000000000000000000e+00
1.000000000000000000e+00 2.993774414062500000e-01 5.630493164062500000e-01 1.373291015625000000e-01 0.000000000000000000e+00 0.000000000000000000e+00 0.000000000000000000e+00 1.000000000000000000e+00
1.000000000000000000e+00 0.000000000000000000e+00 4.069010416666667129e-02 5.524088541666666297e-01 3.937174479166666297e-01 1.318359375000000000e-02 0.000000000000000000e+00 1.000000000000000000e+00
1.000000000000000000e+00 5.937500000000000000e-01 2.604166666666666297e-01 2.083333333333333218e-02 0.000000000000000000e+00 0.000000000000000000e+00 0.000000000000000000e+00 1.000000000000000000e+00
1.000000000000000000e+00 4.882812500000000000e-04 2.358398437500000000e-01 6.520182291666666297e-01 1.116536458333333287e-01 0.000000000000000000e+00 0.000000000000000000e+00 0.000000000000000000e+00
1.000000000000000000e+00 0.000000000000000000e+00 2.083333333333333218e-02 4.791666666666666297e-01 4.687500000000000000e-01 3.125000000000000000e-02 0.000000000000000000e+00 1.000000000000000000e+00
1.000000000000000000e+00 4.054565429687500000e-01 4.985555013020833703e-01 8.939615885416667129e-02 0.000000000000000000e+00 0.000000000000000000e+00 0.000000000000000000e+00 1.000000000000000000e+00
1.000000000000000000e+00 7.629394531250000000e-03 3.539428710937500000e-01 5.842692057291667407e-01 5.415852864583333565e-02 0.000000000000000000e+00 0.000000000000000000e+00 1.000000000000000000e+00
1.000000000000000000e+00 0.000000000000000000e+00 0.000000000000000000e+00 5.415852864583333565e-02 4.111124674479166852e-01 5.042114257812500000e-01 3.051757812500000000e-02 1.000000000000000000e+00
1.000000000000000000e+00 8.123779296875000000e-02 5.571899414062500000e-01 3.564860026041666852e-01 5.086263020833333912e-03 0.000000000000000000e+00 0.000000000000000000e+00 0.000000000000000000e+00
1.000000000000000000e+00 5.844726562500000000e-01 1.625976562500000000e-01 8.789062500000000000e-03 0.000000000000000000e+00 0.000000000000000000e+00 0.000000000000000000e+00 1.000000000000000000e+00
1.000000000000000000e+00 0.000000000000000000e+00 7.031250000000000000e-02 6.119791666666666297e-01 3.138020833333333148e-01 3.906250000000000000e-03 0.000000000000000000e+00 1.000000000000000000e+00
1.000000000000000000e+00 4.449462890625000000e-02 5.022989908854166297e-01 4.392496744791666297e-01 1.395670572916666609e-02 0.000000000000000000e+00 0.000000000000000000e+00 1.000000000000000000e+00
1.000000000000000000e+00 2.093505859375000000e-02 4.322713216145833148e-01 5.171305338541666297e-01 2.966308593750000000e-02 0.000000000000000000e+00 0.000000000000000000e+00 1.000000000000000000e+00
1.000000000000000000e+00 0.000000000000000000e+00 8.789062500000000000e-03 3.981119791666666297e-01 5.320638020833332593e-01 6.103515625000000000e-02 0.000000000000000000e+00 1.000000000000000000e+00
1.000000000000000000e+00 2.500000000000000000e-01 5.833333333333332593e-01 1.666666666666666574e-01 0.000000000000000000e+00 0.000000000000000000e+00 0.000000000000000000e+00 1.000000000000000000e+00
1.000000000000000000e+00 0.000000000000000000e+00 5.415852864583333565e-02 5.842692057291667407e-01 3.539428710937500000e-01 7.629394531250000000e-03 0.000000000000000000e+00 1.000000000000000000e+00
1.000000000000000000e+00 7.629394531250000000e-03 3.539428710937500000e-01 5.842692057291667407e-01 5.415852864583333565e-02 0.000000000000000000e+00 0.000000000000000000e+00 1.000000000000000000e+00
1.000000000000000000e+00 1.647949218750000000e-03 2.741495768229166297e-01 6.348063151041666297e-01 8.939615885416667129e-02 0.000000000000000000e+00 0.000000000000000000e+00 1.000000000000000000e+00
1.000000000000000000e+00 2.059936523437500000e-01 5.942179361979166297e-01 1.997477213541666574e-01 4.069010416666666441e-05 0.000000000000000000e+00 0.000000000000000000e+00 0.000000000000000000e+00
1.000000000000000000e+00 6.103515625000000000e-05 1.997273763020833148e-01 6.628824869791666297e-01 1.373291015625000000e-01 0.000000000000000000e+00 0.000000000000000000e+00 0.000000000000000000e+00
1.000000000000000000e+00 0.000000000000000000e+00 1.666666666666666574e-01 6.666666666666666297e-01 1.666666666666666574e-01 0.000000000000000000e+00 0.000000000000000000e+00 1.000000000000000000e+00
1.000000000000000000e+00 3.520507812500000000e-01 5.343424479166666297e-01 1.116536458333333287e-01 0.000000000000000000e+00 0.000000000000000000e+00 0.000000000000000000e+00 1.000000000000000000e+00
1.000000000000000000e+00 4.054565429687500000e-01 4.985555013020833703e-01 8.939615885416667129e-02 0.000000000000000000e+00 0.000000000000000000e+00 0.000000000000000000e+00 0.000000000000000000e+00
1.000000000000000000e+00 0.000000000000000000e+00 0.000000000000000000e+00 1.116536458333333287e-01 5.343424479166666297e-01 3.520507812500000000e-01 1.953125000000000000e-03 0.000000000000000000e+00
1.000000000000000000e+00 2.093505859375000000e-02 4.322713216145833148e-01 5.171305338541666297e-01 2.966308593750000000e-02 0.000000000000000000e+00 0.000000000000000000e+00 0.000000000000000000e+00
1.000000000000000000e+00 1.647949218750000000e-03 2.741495768229166297e-01 6.348063151041666297e-01 8.939615885416667129e-02 0.000000000000000000e+00 0.000000000000000000e+00 1.000000000000000000e+00
1.000000000000000000e+00 0.000000000000000000e+00 7.031250000000000000e-02 6.119791666666666297e-01 3.138020833333333148e-01 3.906250000000000000e-03 0.000000000000000000e+00 1.000000000000000000e+00
1.000000000000000000e+00 2.993774414062500000e-01 5.630493164062500000e-01 1.373291015625000000e-01 0.000000000000000000e+00 0.000000000000000000e+00 0.000000000000000000e+00 0.000000000000000000e+00
1.000000000000000000e+00 3.520507812500000000e-01 5.343424479166666297e-01 1.116536458333333287e-01 0.000000000000000000e+00 0.000000000000000000e+00 0.000000000000000000e+00 1.000000000000000000e+00
1.000000000000000000e+00 0.000000000000000000e+00 4.069010416666667129e-02 5.524088541666666297e-01 3.937174479166666297e-01 1.318359375000000000e-02 0.000000000000000000e+00 1.000000000000000000e+00
1.000000000000000000e+00 5.444335937500000000e-01 3.621419270833333703e-01 4.069010416666667129e-02 0.000000000000000000e+00 0.000000000000000000e+00 0.000000000000000000e+00 1.000000000000000000e+00
1.000000000000000000e+00 0.000000000000000000e+00 4.069010416666666441e-05 1.997477213541666574e-01 5.942179361979166297e-01 2.059936523437500000e-01 0.000000000000000000e+00 0.000000000000000000e+00
1.000000000000000000e+00 0.000000000000000000e+00 0.000000000000000000e+00 1.666666666666666574e-01 5.833333333333332593e-01 2.500000000000000000e-01 0.000000000000000000e+00 1.000000000000000000e+00
1.000000000000000000e+00 5.937500000000000000e-01 2.604166666666666297e-01 2.083333333333333218e-02 0.000000000000000000e+00 0.000000000000000000e+00 0.000000000000000000e+00 0.000000000000000000e+00
1.000000000000000000e+00 0.000000000000000000e+00 8.789062500000000000e-03 3.981119791666666297e-01 5.320638020833332593e-01 6.103515625000000000e-02 0.000000000000000000e+00 1.000000000000000000e+00
1.000000000000000000e+00 0.000000000000000000e+00 0.000000000000000000e+00 5.415852864583333565e-02 4.111124674479166852e-01 5.042114257812500000e-01 3.051757812500000000e-02 0.000000000000000000e+00
1.000000000000000000e+00 0.000000000000000000e+00 0.000000000000000000e+00 7.031250000000000000e-02 4.570312500000000000e-01 4.570312500000000000e-01 1.562500000000000000e-02 0.000000000000000000e+00
1.000000000000000000e+00 2.993774414062500000e-01 5.630493164062500000e-01 1.373291015625000000e-01 0.000000000000000000e+00 0.000000000000000000e+00 0.000000000000000000e+00 1.000000000000000000e+00
1.000000000000000000e+00 2.093505859375000000e-02 4.322713216145833148e-01 5.171305338541666297e-01 2.966308593750000000e-02 0.000000000000000000e+00 0.000000000000000000e+00 0.000000000000000000e+00
1.000000000000000000e+00 0.000000000000000000e+00 0.000000000000000000e+00 5.415852864583333565e-02 4.111124674479166852e-01 5.042114257812500000e-01 3.051757812500000000e-02 0.000000000000000000e+00
1.000000000000000000e+00 5.042114257812500000e-01 4.111124674479166852e-01 5.415852864583333565e-02 0.000000000000000000e+00 0.000000000000000000e+00 0.000000000000000000e+00 1.000000000000000000e+00
1.000000000000000000e+00 1.674804687500000000e-01 5.961914062500000000e-01 2.360026041666666574e-01 3.255208333333333153e-04 0.000000000000000000e+00 0.000000000000000000e+00 1.000000000000000000e+00
1.000000000000000000e+00 0.000000000000000000e+00 2.604166666666666522e-03 3.151041666666666297e-01 5.768229166666666297e-01 1.054687500000000000e-01 0.000000000000000000e+00 1.000000000000000000e+00
1.000000000000000000e+00 0.000000000000000000e+00 4.069010416666667129e-02 5.524088541666666297e-01 3.937174479166666297e-01 1.318359375000000000e-02 0.000000000000000000e+00 0.000000000000000000e+00
1.000000000000000000e+00 2.093505859375000000e-02 4.322713216145833148e-01 5.171305338541666297e-01 2.966308593750000000e-02 0.000000000000000000e+00 0.000000000000000000e+00 1.000000000000000000e+00
1.000000000000000000e+00 0.000000000000000000e+00 0.000000000000000000e+00 1.666666666666666574e-01 5.833333333333332593e-01 2.500000000000000000e-01 0.000000000000000000e+00 1.000000000000000000e+00
1.000000000000000000e+00 3.906250000000000000e-03 3.138020833333333148e-01 6.119791666666666297e-01 7.031250000000000000e-02 0.000000000000000000e+00 0.000000000000000000e+00 0.000000000000000000e+00
1.000000000000000000e+00 4.882812500000000000e-04 2.358398437500000000e-01 6.520182291666666297e-01 1.116536458333333287e-01 0.000000000000000000e+00 0.000000000000000000e+00 1.000000000000000000e+00
1.000000000000000000e+00 1.674804687500000000e-01 5.961914062500000000e-01 2.360026041666666574e-01 3.255208333333333153e-04 0.000000000000000000e+00 0.000000000000000000e+00 0.000000000000000000e+00
1.000000000000000000e+00 0.000000000000000000e+00 7.031250000000000000e-02 6.119791666666666297e-01 3.138020833333333148e-01 3.906250000000000000e-03 0.000000000000000000e+00 1.000000000000000000e+00
1.000000000000000000e+00 2.059936523437500000e-01 5.942179361979166297e-01 1.997477213541666574e-01 4.069010416666666441e-05 0.000000000000000000e+00 0.000000000000000000e+00 1.000000000000000000e+00
1.000000000000000000e+00 0.000000000000000000e+00 3.255208333333333153e-04 2.360026041666666574e-01 5.961914062500000000e-01 1.674804687500000000e-01 0.000000000000000000e+00 0.000000000000000000e+00
1.000000000000000000e+00 2.993774414062500000e-01 5.630493164062500000e-01 1.373291015625000000e-01 0.000000000000000000e+00 0.000000000000000000e+00 0.000000000000000000e+00 1.000000000000000000e+00
1.000000000000000000e+00 0.000000000000000000e+00 0.000000000000000000e+00 5.415852864583333565e-02 4.111124674479166852e-01 5.042114257812500000e-01 3.051757812500000000e-02 1.000000000000000000e+00
1.000000000000000000e+00 3.125000000000000000e-02 4.687500000000000000e-01 4.791666666666666297e-01 2.083333333333333218e-02 0.000000000000000000e+00 0.000000000000000000e+00 0.000000000000000000e+00
1.000000000000000000e+00 7.629394531250000000e-03 3.539428710937500000e-01 5.842692057291667407e-01 5.415852864583333565e-02 0.000000000000000000e+00 0.000000000000000000e+00 0.000000000000000000e+00
1.000000000000000000e+00 7.629394531250000000e-03 3.539428710937500000e-01 5.842692057291667407e-01 5.415852864583333565e-02 0.000000000000000000e+00 0.000000000000000000e+00 0.000000000000000000e+00
1.000000000000000000e+00 0.000000000000000000e+00 1.098632812500000000e-03 2.746988932291666297e-01 5.901082356770832593e-01 1.340942382812500000e-01 0.000000000000000000e+00 0.000000000000000000e+00
1.000000000000000000e+00 5.042114257812500000e-01 4.111124674479166852e-01 5.415852864583333565e-02 0.000000000000000000e+00 0.000000000000000000e+00 0.000000000000000000e+00 0.000000000000000000e+00
1.000000000000000000e+00 2.500000000000000000e-01 5.833333333333332593e-01 1.666666666666666574e-01 0.000000000000000000e+00 0.000000000000000000e+00 0.000000000000000000e+00 1.000000000000000000e+00
1.000000000000000000e+00 3.520507812500000000e-01 5.343424479166666297e-01 1.116536458333333287e-01 0.000000000000000000e+00 0.000000000000000000e+00 0.000000000000000000e+00 1.000000000000000000e+00
1.000000000000000000e+00 3.125000000000000000e-02 4.687500000000000000e-01 4.791666666666666297e-01 2.083333333333333218e-02 0.000000000000000000e+00 0.000000000000000000e+00 0.000000000000000000e+00
1.000000000000000000e+00 0.000000000000000000e+00 3.255208333333333153e-04 2.360026041666666574e-01 5.961914062500000000e-01 1.674804687500000000e-01 0.000000000000000000e+00 1.000000000000000000e+00
1.000000000000000000e+00 2.500000000000000000e-01 5.833333333333332593e-01 1.666666666666666574e-01 0.000000000000000000e+00 0.000000000000000000e+00 0.000000000000000000e+00 1.000000000000000000e+00
1.000000000000000000e+00 5.937500000000000000e-01 2.604166666666666297e-01 2.083333333333333218e-02 0.000000000000000000e+00 0.000000000000000000e+00 0.000000000000000000e+00 1.000000000000000000e+00
1.000000000000000000e+00 0.000000000000000000e+00 8.789062500000000000e-03 3.981119791666666297e-01 5.320638020833332593e-01 6.103515625000000000e-02 0.000000000000000000e+00 0.000000000000000000e+00
1.000000000000000000e+00 1.318359375000000000e-02 3.937174479166666297e-01 5.524088541666666297e-01 4.069010416666667129e-02 0.000000000000000000e+00 0.000000000000000000e+00 0.000000000000000000e+00
1.000000000000000000e+00 3.520507812500000000e-01 5.343424479166666297e-01 1.116536458333333287e-01 0.000000000000000000e+00 0.000000000000000000e+00 0.000000000000000000e+00 0.000000000000000000e+00
1.000000000000000000e+00 3.125000000000000000e-02 4.687500000000000000e-01 4.791666666666666297e-01 2.083333333333333218e-02 0.000000000000000000e+00 0.000000000000000000e+00 1.000000000000000000e+00
1.000000000000000000e+00 6.103515625000000000e-02 5.320638020833332593e-01 3.981119791666666297e-01 8.789062500000000000e-03 0.000000000000000000e+00 0.000000000000000000e+00 1.000000000000000000e+00
1.000000000000000000e+00 7.629394531250000000e-03 3.539428710937500000e-01 5.842692057291667407e-01 5.415852864583333565e-02 0.000000000000000000e+00 0.000000000000000000e+00 0.000000000000000000e+00
1.000000000000000000e+00 0.000000000000000000e+00 1.116536458333333287e-01 6.520182291666666297e-01 2.358398437500000000e-01 4.882812500000000000e-04 0.000000000000000000e+00 0.000000000000000000e+00
1.000000000000000000e+00 0.000000000000000000e+00 2.966308593750000000e-02 5.171305338541666297e-01 4.322713216145833148e-01 2.093505859375000000e-02 0.000000000000000000e+00 0.000000000000000000e+00
1.000000000000000000e+00 4.449462890625000000e-02 5.022989908854166297e-01 4.392496744791666297e-01 1.395670572916666609e-02 0.000000000000000000e+00 0.000000000000000000e+00 1.000000000000000000e+00
1.000000000000000000e+00 3.125000000000000000e-02 4.687500000000000000e-01 4.791666666666666297e-01 2.083333333333333218e-02 0.000000000000000000e+00 0.000000000000000000e+00 0.000000000000000000e+00
1.000000000000000000e+00 0.000000000000000000e+00 1.666666666666666574e-01 6.666666666666666297e-01 1.666666666666666574e-01 0.000000000000000000e+00 0.000000000000000000e+00 1.000000000000000000e+00
1.000000000000000000e+00 0.000000000000000000e+00 1.395670572916666609e-02 4.392496744791666297e-01 5.022989908854166297e-01 4.449462890625000000e-02 0.000000000000000000e+00 0.000000000000000000e+00
1.000000000000000000e+00 0.000000000000000000e+00 0.000000000000000000e+00 7.031250000000000000e-02 4.570312500000000000e-01 4.570312500000000000e-01 1.562500000000000000e-02 1.000000000000000000e+00
1.000000000000000000e+00 4.570312500000000000e-01 4.570312500000000000e-01 7.031250000000000000e-02 0.000000000000000000e+00 0.000000000000000000e+00 0.000000000000000000e+00 0.000000000000000000e+00
1.000000000000000000e+00 3.520507812500000000e-01 5.343424479166666297e-01 1.116536458333333287e-01 0.000000000000000000e+00 0.000000000000000000e+00 0.000000000000000000e+00 0.000000000000000000e+00
1.000000000000000000e+00 5.977172851562500000e-01 2.103474934895833148e-01 1.395670572916666609e-02 0.000000000000000000e+00 0.000000000000000000e+00 0.000000000000000000e+00 1.000000000000000000e+00
1.000000000000000000e+00 1.647949218750000000e-03 2.741495768229166297e-01 6.348063151041666297e-01 8.939615885416667129e-02 0.000000000000000000e+00 0.000000000000000000e+00 1.000000000000000000e+00
1.000000000000000000e+00 5.937500000000000000e-01 2.604166666666666297e-01 2.083333333333333218e-02 0.000000000000000000e+00 0.000000000000000000e+00 0.000000000000000000e+00 1.000000000000000000e+00
1.000000000000000000e+00 3.520507812500000000e-01 5.343424479166666297e-01 1.116536458333333287e-01 0.000000000000000000e+00 0.000000000000000000e+00 0.000000000000000000e+00 0.000000000000000000e+00
1.000000000000000000e+00 1.647949218750000000e-03 2.741495768229166297e-01 6.348063151041666297e-01 8.939615885416667129e-02 0.000000000000000000e+00 0.000000000000000000e+00 0.000000000000000000e+00
1.000000000000000000e+00 3.125000000000000000e-02 4.687500000000000000e-01 4.791666666666666297e-01 2.083333333333333218e-02 0.000000000000000000e+00 0.000000000000000000e+00 0.000000000000000000e+00
1.000000000000000000e+00 8.123779296875000000e-02 5.571899414062500000e-01 3.564860026041666852e-01 5.086263020833333912e-03 0.000000000000000000e+00 0.000000000000000000e+00 0.000000000000000000e+00
1.000000000000000000e+00 0.000000000000000000e+00 3.255208333333333153e-04 2.360026041666666574e-01 5.961914062500000000e-01 1.674804687500000000e-01 0.000000000000000000e+00 0.000000000000000000e+00
1.000000000000000000e+00 0.000000000000000000e+00 1.116536458333333287e-01 6.520182291666666297e-01 2.358398437500000000e-01 4.882812500000000000e-04 0.000000000000000000e+00 0.000000000000000000e+00
1.000000000000000000e+00 0.000000000000000000e+00 0.000000000000000000e+00 1.666666666666666574e-01 5.833333333333332593e-01 2.500000000000000000e-01 0.000000000000000000e+00 0.000000000000000000e+00
1.000000000000000000e+00 3.520507812500000000e-01 5.343424479166666297e-01 1.116536458333333287e-01 0.000000000000000000e+00 0.000000000000000000e+00 0.000000000000000000e+00 1.000000000000000000e+00
1.000000000000000000e+00 5.042114257812500000e-01 4.111124674479166852e-01 5.415852864583333565e-02 0.000000000000000000e+00 0.000000000000000000e+00 0.000000000000000000e+00 1.000000000000000000e+00
1.000000000000000000e+00 0.000000000000000000e+00 2.966308593750000000e-02 5.171305338541666297e-01 4.322713216145833148e-01 2.093505859375000000e-02 0.000000000000000000e+00 1.000000000000000000e+00
1.000000000000000000e+00 0.000000000000000000e+00 1.395670572916666609e-02 4.392496744791666297e-01 5.022989908854166297e-01 4.449462890625000000e-02 0.000000000000000000e+00 1.000000000000000000e+00
1.000000000000000000e+00 0.000000000000000000e+00 1.116536458333333287e-01 6.520182291666666297e-01 2.358398437500000000e-01 4.882812500000000000e-04 0.000000000000000000e+00 1.000000000000000000e+00
1.000000000000000000e+00 5.042114257812500000e-01 4.111124674479166852e-01 5.415852864583333565e-02 0.000000000000000000e+00 0.000000000000000000e+00 0.000000000000000000e+00 1.000000000000000000e+00
1.000000000000000000e+00 0.000000000000000000e+00 8.939615885416667129e-02 6.348063151041666297e-01 2.741495768229166297e-01 1.647949218750000000e-03 0.000000000000000000e+00 1.000000000000000000e+00
1.000000000000000000e+00 5.937500000000000000e-01 2.604166666666666297e-01 2.083333333333333218e-02 0.000000000000000000e+00 0.000000000000000000e+00 0.000000000000000000e+00 1.000000000000000000e+00
1.000000000000000000e+00 5.042114257812500000e-01 4.111124674479166852e-01 5.415852864583333565e-02 0.000000000000000000e+00 0.000000000000000000e+00 0.000000000000000000e+00 0.000000000000000000e+00
1.000000000000000000e+00 0.000000000000000000e+00 5.086263020833333912e-03 3.564860026041666852e-01 5.571899414062500000e-01 8.123779296875000000e-02 0.000000000000000000e+00 0.000000000000000000e+00
1.000000000000000000e+00 5.514526367187500000e-01 1.185099283854166713e-01 5.086263020833333912e-03 0.000000000000000000e+00 0.000000000000000000e+00 0.000000000000000000e+00 0.000000000000000000e+00
1.000000000000000000e+00 0.000000000000000000e+00 8.789062500000000000e-03 3.981119791666666297e-01 5.320638020833332593e-01 6.103515625000000000e-02 0.000000000000000000e+00 1.000000000000000000e+00
