{
  "job_id": "932783e9-767c-475d-a125-d0cc4e2551b6",
  "participant_id": "MRB_2128",
  "chronological_age": 45.0,
  "predicted_brain_age": 42.203681079559736,
  "brain_age_gap": -2.796318920440264,
  "processing_time_seconds": 7.317212,
  "volumetric_features": {
    "total_brain": 95792152.0,
    "csf": 50320608.0,
    "gray_matter": 21924800.0,
    "white_matter": 23546744.0,
    "left_hemisphere": 49055736.0,
    "right_hemisphere": 46736416.0,
    "frontal_approximation": 5481200.0,
    "parietal_approximation": 4384960.0,
    "temporal_approximation": 4823456.0,
    "occipital_approximation": 3288720.0,
    "cerebellum_approximation": 3946464.0,
    "caudate_approximation": 657744.0,
    "putamen_approximation": 876992.0,
    "pallidum_approximation": 328872.0,
    "hippocampus_approximation": 548120.0,
    "amygdala_approximation": 219248.0,
    "thalamus_approximation": 986616.0,
    "lateral_ventricles_approximation": 30192364.8,
    "third_ventricle_approximation": 5032060.8,
    "fourth_ventricle_approximation": 2516030.4
  },
  "gender": "M"
}